source_file,window_id,window_start,window_end,label,mean_rr_ms,median_rr_ms,sdnn_ms,rmssd_ms,pnn50,heart_rate_bpm,n_peaks,duration_sec,peak_rate_per_sec,rr_valid_ratio,voltage_mean,voltage_std,voltage_min,voltage_max,voltage_skew,voltage_kurtosis,lf_power,hf_power,lf_hf_ratio,total_power
balanced_interleaved.csv,0,0.0,256.0,1,783.514666411043,779.296875,71.0423612285095,60.319925932839716,36.0,76.57801770940065,327,255.99609375,1.2773632410162508,1.0,0.22479772972957784,0.20498759101119984,-0.1953224572847209,1.0590983645197347,1.2457063248444191,2.800622757560461,5453.81626329052,3258.642768130019,1.673646561270724,8712.735933596427
balanced_interleaved.csv,1,256.0,512.0,2,718.7058615819209,714.84375,73.16613063002305,52.15028488633689,30.31161473087819,83.48338758214089,355,255.99609375,1.3867399099717708,1.0,0.20863717795648162,0.20762211849016518,-0.21760960423437223,1.0445499187137213,1.2480671695272156,2.7904651001491825,6334.151762460139,2591.296128779837,2.4443951781932,8929.372020944582
balanced_interleaved.csv,2,512.0,768.0,2,624.0544773838631,617.1875,71.44667450553214,55.625248496842495,15.931372549019606,96.14545231937069,410,255.99609375,1.6015869382772565,1.0,0.18886488388813188,0.2182343458154598,-0.24609125273656016,1.0577081893844493,1.2676141195937558,2.7616707414256867,4298.092654343072,2062.7782114276392,2.0836426478290084,6383.91593864556
balanced_interleaved.csv,3,768.0,1024.0,2,607.2038301662708,605.46875,57.09833352881773,49.28248424489389,12.142857142857142,98.81360594113872,422,255.99609375,1.6484626535439078,1.0,0.17467315277082243,0.2229466173599432,-0.264021855061699,1.0603084160681906,1.275717657386383,2.774336651594961,3521.590154456022,1787.9930069850957,1.9695771407932454,5332.978656756743
balanced_interleaved.csv,4,1024.0,1280.0,3,647.6939244923858,621.09375,91.52588049900687,62.24384181402911,20.10178117048346,92.63634832922591,395,255.99609375,1.5429922941939422,1.0,0.18480293763403305,0.21983641820458405,-0.25766330786986247,1.0549146743483695,1.2190228225588817,2.651552545847016,5242.964185609371,2833.4997100412684,1.850349293147805,8080.365909103653
balanced_interleaved.csv,5,1280.0,1536.0,0,742.3464752906976,736.328125,85.21685649852758,70.03102064439983,43.731778425655975,80.82479273105517,345,255.99609375,1.347676813916228,1.0,0.2191738691727719,0.20860368514876523,-0.21519927592016508,1.0496853435902382,1.17268890839657,2.56753926685131,6470.202583081082,5074.607269471113,1.2750154326238967,11549.722555690529
balanced_interleaved.csv,6,1536.0,1792.0,2,701.2577266483516,699.21875,69.79551247345813,63.79472588572707,26.446280991735538,85.5605545863557,365,255.99609375,1.4258030060273137,1.0,0.204867896828975,0.2115448022314004,-0.22118054541738771,1.0455190859389671,1.2474510497639166,2.732997327140664,5396.598865099154,2760.136688665864,1.9551926131990394,8184.935311823231
balanced_interleaved.csv,7,1792.0,2048.0,1,684.8295073726541,683.59375,61.71828153575672,46.034855217870245,28.763440860215056,87.61304726805622,374,255.99609375,1.4609597924773021,1.0,0.21590975573982846,0.2119772428933787,-0.2135717892820651,1.0631181545084287,1.2307123681071055,2.6920427551914106,4318.295630919226,2449.5388162625745,1.762901490782636,6773.241451647412
balanced_interleaved.csv,8,2048.0,2304.0,1,694.1767153532609,691.40625,72.58541994046912,70.47698979721106,29.155313351498634,86.43332262947841,369,255.99609375,1.4414282444495308,1.0,0.22217203070731603,0.20718235848880376,-0.19598483654508778,1.0566518871099044,1.2705241477945368,2.8332918443419484,5502.425019851066,2913.963418771035,1.888295846271027,8434.795182307515
balanced_interleaved.csv,9,2304.0,2560.0,0,659.8635335917313,656.25,72.82587638798638,63.36214435076236,30.05181347150259,90.92789182243705,388,255.99609375,1.5156481269550621,1.0,0.22892412381236743,0.20992265572951718,-0.197255844224486,1.0674303215770051,1.2217288216639153,2.6749751073040464,5129.996882891985,3283.23013128645,1.5624847110190005,8457.73563856096
balanced_interleaved.csv,10,2560.0,2816.0,0,708.4852430555555,695.3125,99.46726103227726,79.80677015958726,40.66852367688023,84.68772015805435,361,255.99609375,1.4101777676050966,1.0,0.2287482382126022,0.20894603375209916,-0.20757174490741057,1.0582771427667492,1.1669714804176057,2.5495119685858096,6252.268484318634,4890.275998592818,1.2785103511780789,11161.879164453216
balanced_interleaved.csv,11,2816.0,3072.0,0,726.1186079545455,722.65625,95.98246301045377,81.19684203016332,44.15954415954416,82.6311284998166,353,255.99609375,1.3789272907606622,1.0,0.22029528898056178,0.20967367272465245,-0.2127850929486023,1.0517414071443796,1.1745601072346419,2.558137300496755,5861.071619766941,5174.410575577062,1.1327032391729566,11062.91947148665
balanced_interleaved.csv,12,3072.0,3328.0,3,664.4490559895834,667.96875,67.68479799794034,65.82475591329757,16.449086161879894,90.30037661900242,385,255.99609375,1.5039291981383993,1.0,0.19431257495494395,0.21450216310646603,-0.2299261817591543,1.0535364629568214,1.2915599458539584,2.8717250852211746,4900.034469301305,2240.394784989927,2.1871299210881427,7149.230765782315
balanced_interleaved.csv,13,3328.0,3584.0,3,627.4378071253071,628.90625,52.74648363676071,47.86555061896608,7.635467980295567,95.62700767889375,408,255.99609375,1.593774319066148,1.0,0.1821673683530341,0.21988317575905936,-0.24266091077160898,1.0623442012311446,1.2999292814276786,2.8464375102882435,3137.4680187540944,1375.3464956345015,2.28122006251716,4524.807316321752
balanced_interleaved.csv,14,3584.0,3840.0,1,658.9783344072165,656.25,57.35141265679035,44.09145573728115,19.638242894056848,91.05003437476128,389,255.99609375,1.5195544365606164,1.0,0.20876494616599134,0.21431607382283133,-0.22005469452172527,1.0627787166499154,1.254082407665759,2.7340516072290475,3265.5047015165233,2004.7216898213226,1.6289067545368714,5277.621905118249
balanced_interleaved.csv,15,3840.0,4096.0,2,715.3704353932584,710.9375,70.12075530551733,51.298322262696175,27.887323943661972,83.87263022271306,357,255.99609375,1.3945525291828793,1.0,0.22162260404660078,0.20427232099011208,-0.19030264411823572,1.052242489688828,1.2850830729478522,2.8865427062948097,6014.077212569365,2421.6112867859865,2.48350230500923,8447.902565355856
balanced_interleaved.csv,16,4096.0,4352.0,2,715.9269957983194,710.9375,79.91002644043272,72.82396100409788,33.42696629213483,83.80742778541953,358,255.99609375,1.3984588387884336,1.0,0.20725155770765588,0.20949846909956366,-0.22569740000163363,1.0449681945889702,1.228636238459571,2.715402378140295,7157.441214813062,3421.6397443505857,2.09181613190886,10598.550919108027
balanced_interleaved.csv,17,4352.0,4608.0,2,694.9719005449591,695.3125,83.26390021642229,69.46453088873763,30.327868852459016,86.33442582779429,368,255.99609375,1.4375219348439765,1.0,0.1970068791700781,0.21310603644254386,-0.23329099626002844,1.0493490566506025,1.2386165347829108,2.714063117995531,5839.963765023705,2984.2174944316675,1.9569497786004713,8839.314113134611
balanced_interleaved.csv,18,4608.0,4864.0,3,690.6355574324324,695.3125,77.92217205430134,63.06938357408295,26.82926829268293,86.87649999235673,372,255.99609375,1.4531471732661936,0.9973045822102425,0.1975401614635357,0.21305932716266424,-0.2298342984903439,1.0482339054950254,1.2584855248497113,2.7693622231327364,4868.348857589213,2973.6527350947326,1.637161192406053,7871.485292564533
balanced_interleaved.csv,19,4864.0,5120.0,0,691.7873475609756,683.59375,85.10173860375052,81.09023292432823,33.96739130434783,86.73185511637516,370,255.99609375,1.445334554055085,1.0,0.21737473788452083,0.21149406524933428,-0.21432164342132096,1.0549596620783797,1.1927957080630354,2.598127344420945,5653.012719259468,4423.734926749784,1.277882335371496,10086.77426923121
balanced_interleaved.csv,20,5120.0,5376.0,2,667.5699443717277,667.96875,60.84636038382263,54.766900201052586,17.585301837270343,89.8782225081568,383,255.99609375,1.4961165789272908,1.0,0.1865795879828702,0.21602532210252773,-0.24446523396969508,1.0520815373767605,1.2698901248060348,2.8127253654751927,3907.8439616919572,1941.309918448446,2.0129933528672357,5864.59847092458
balanced_interleaved.csv,21,5376.0,5632.0,1,619.6620904126214,621.09375,50.64679062964,35.91060941869731,14.111922141119221,96.82696574200162,413,255.99609375,1.6133058670939193,1.0,0.20393344994891108,0.21912767901802574,-0.23061937276341848,1.0766767007531433,1.2782971682258428,2.802691124344503,2809.933805889463,1569.7470987745517,1.7900551038336578,4381.682314531034
balanced_interleaved.csv,22,5632.0,5888.0,1,666.2495930989584,667.96875,65.0067129063454,57.93114248487288,18.79895561357702,90.05634017863959,385,255.99609375,1.5039291981383993,1.0,0.21238202472554243,0.21104893110956063,-0.2040222473748075,1.0651002055788,1.314099118333166,2.938893160125473,4180.418243461629,2067.044123866729,2.0224136462271076,6259.951141321705
balanced_interleaved.csv,23,5888.0,6144.0,0,705.3802658839779,703.125,74.29938664649214,57.22334114628621,36.011080332409975,85.06050268475883,363,255.99609375,1.4179903868162052,1.0,0.23591726814072114,0.20788978174956702,-0.1954059128024193,1.058581068662528,1.171887621303832,2.5795343155607213,5587.220459366709,3515.972760107754,1.5890966286085442,9117.0015516659
balanced_interleaved.csv,24,6144.0,6400.0,0,689.8501016260162,687.5,75.71226584356022,58.93103782680591,43.75,86.97541662830311,371,255.99609375,1.4492408636606393,0.9972972972972973,0.2336981762784377,0.21033262647450884,-0.20477701974365425,1.0606234775073815,1.1414650911898567,2.4435866958407164,4812.527227271239,4427.303335325198,1.087010955150139,9241.58637253458
balanced_interleaved.csv,25,6400.0,6656.0,0,707.8644390581718,699.21875,87.39408741877713,61.787935905300316,35.27777777777778,84.76199211226267,362,255.99609375,1.4140840772106509,1.0,0.22181916090224083,0.2098575800465493,-0.2115678621593956,1.0522377092458606,1.1683118848347351,2.5515358261809222,6263.771329725389,4144.977791298387,1.511171264385304,10422.877445779664
balanced_interleaved.csv,26,6656.0,6912.0,3,709.9717881944445,722.65625,88.39147260122785,42.24148720531779,23.398328690807798,84.51040026898565,362,255.99609375,1.4140840772106509,0.997229916897507,0.2031038065414738,0.21015803994809543,-0.21778729994692522,1.0509272382524513,1.2689087293720356,2.840216418398777,5303.105386687472,1719.030070275945,3.0849404430931204,7026.6293413007015
balanced_interleaved.csv,27,6912.0,7168.0,3,708.5720486111111,710.9375,70.00170355017264,62.436382250563454,22.841225626740947,84.67734525741938,361,255.99609375,1.4101777676050966,1.0,0.17817576141232558,0.21242904106202096,-0.24914748340750742,1.0372773960198878,1.275616217026203,2.8545556417259066,6014.870687013278,2328.8345446821727,2.5827814606873054,8388.02262977345
balanced_interleaved.csv,28,7168.0,7424.0,1,717.1699438202247,720.703125,73.5072785743856,53.68644908299342,32.3943661971831,83.66217870257039,357,255.99609375,1.3945525291828793,1.0,0.20653434266464757,0.21115970505204473,-0.22538149104182323,1.0530620352315634,1.2315148557847104,2.7349152818824294,5735.519550795029,2803.3256857706165,2.045969749397267,8543.91208731033
balanced_interleaved.csv,29,7424.0,7680.0,2,625.6031709558823,617.1875,67.27125775207722,35.74845034607847,16.461916461916463,95.90744226619532,409,255.99609375,1.5976806286717022,1.0,0.2030251747720092,0.21596435992569862,-0.22125705349681893,1.0713034432647695,1.2841472617822491,2.827761983853115,4001.7657299063303,1552.398698088937,2.577795082431246,5556.911920312918
balanced_interleaved.csv,30,7680.0,7936.0,2,633.7139423076923,625.0,71.90151060509795,55.951719270482805,18.1592039800995,94.67994310099574,404,255.99609375,1.5781490806439307,1.0,0.1913311114552318,0.21789905936443554,-0.24170849274804473,1.0634634992311018,1.2695377658403157,2.7832626094686743,4776.964211612637,2239.605332880637,2.132949114506878,7046.121550900996
balanced_interleaved.csv,31,7936.0,8192.0,2,660.0654069767442,648.4375,73.0637711671714,52.5919429770246,22.279792746113987,90.90008257638316,388,255.99609375,1.5156481269550621,1.0,0.19649538571519445,0.21548338535209535,-0.23672187196570837,1.0600063822277945,1.2509143814156527,2.7482148017201924,5431.413070938607,2106.173276480948,2.5788063743803455,7540.050541566967
balanced_interleaved.csv,32,8192.0,8448.0,3,691.088668699187,691.40625,89.61860954185909,67.0175344605096,23.369565217391305,86.81953954321952,370,255.99609375,1.445334554055085,1.0,0.2029533012700341,0.21225190825593218,-0.2283512872839879,1.0591399898287175,1.2501142309440478,2.788757637361295,5708.610103953891,3180.1315414481055,1.795086155887255,8923.435638262938
balanced_interleaved.csv,33,8448.0,8704.0,0,766.4109421921922,765.625,81.73868947336547,71.29139950679217,45.78313253012048,78.28698247493686,334,255.99609375,1.3047074082551309,1.0,0.2282643850216061,0.20540487388061765,-0.2012985750499598,1.044472314088652,1.1597796604558666,2.526672601605137,5861.588897156902,5083.847806326787,1.152982764327096,10951.172773950024
balanced_interleaved.csv,34,8704.0,8960.0,2,657.5587951030927,656.25,61.530568600172685,56.397944060172165,15.762273901808785,91.24659337967358,389,255.99609375,1.5195544365606164,1.0,0.20195514670705178,0.21395839038585257,-0.22416886106988165,1.0533169541175407,1.2572191675170807,2.7475657885869778,4243.032074694674,2076.5874505385464,2.043271557667498,6340.504198859131
balanced_interleaved.csv,35,8960.0,9216.0,1,672.2347861842105,667.96875,63.842140332792255,47.95087204875233,23.482849604221638,89.25453016285648,381,255.99609375,1.4883039597161822,1.0,0.21001393648432373,0.2121616279347399,-0.21423228357295213,1.0622716817217235,1.2739248992963592,2.8129746331151955,4353.115576784396,2088.0896026039823,2.0847360052728483,6443.927775399188
balanced_interleaved.csv,36,9216.0,9472.0,1,698.0340676229508,695.3125,74.35559214275477,68.06788697910092,29.041095890410958,85.95569010595844,367,255.99609375,1.4336156252384222,1.0,0.22395629252832364,0.20785689984557754,-0.19545694152055246,1.0644813311583103,1.260596971133249,2.8261707069416095,5755.338645097226,2848.471492008192,2.020500700549287,8613.418452061484
balanced_interleaved.csv,37,9472.0,9728.0,0,742.8120457848837,742.1875,88.39091607406934,74.88052743147335,46.35568513119534,80.77413437285027,345,255.99609375,1.347676813916228,1.0,0.2381543920720372,0.20529484284045105,-0.19224755660748033,1.0542281381383114,1.1570572640584376,2.5404299198031746,6998.460168046145,4689.695495786671,1.4923058809113983,11690.122888272934
balanced_interleaved.csv,38,9728.0,9984.0,0,746.6762609649123,744.140625,88.61218268067103,74.31816347046652,51.02639296187683,80.35611032077463,343,255.99609375,1.3398641947051193,1.0,0.24734128837142444,0.20435561986842207,-0.18561753682354326,1.053958955082806,1.1235300513201905,2.439881466456775,6296.582776712046,5996.032113034949,1.0501249256193477,12294.49708302638
balanced_interleaved.csv,39,9984.0,10240.0,0,698.5980308219179,703.125,79.42893205595615,69.01969638995952,34.89010989010989,85.8862999218714,367,255.99609375,1.4336156252384222,0.9972677595628415,0.23657159590681778,0.20829871195446722,-0.19534358697754653,1.0595769485732485,1.1679999486825756,2.534037835682118,5284.248110435369,3979.2380333984906,1.3279547657324553,9284.135978955388
balanced_interleaved.csv,40,10240.0,10496.0,3,659.1468830749354,660.15625,59.05814999328704,53.63650525906251,13.21243523316062,91.02675221659035,388,255.99609375,1.5156481269550621,1.0,0.18520821250119263,0.2159638753738517,-0.24252624693944475,1.0524122666268259,1.291442687411997,2.8573871547020255,4118.27236583895,1677.672430545384,2.454753556688159,5814.186170713494
balanced_interleaved.csv,41,10496.0,10752.0,3,669.2469731675393,671.875,56.75535476586776,42.36661663689403,16.535433070866144,89.65300166546976,383,255.99609375,1.4961165789272908,1.0,0.198544497910046,0.21411135526668248,-0.22414350640421474,1.054780579450299,1.2843618944776136,2.840982171020534,4220.605556318008,1342.3606769579687,3.1441665632538203,5564.493398124332
balanced_interleaved.csv,42,10752.0,11008.0,1,671.8853067282322,671.875,64.00517025551075,40.39257541945306,22.75132275132275,89.3009556827072,381,255.99609375,1.4883039597161822,0.9973684210526316,0.21010916171398403,0.21189172271534115,-0.21445941519370934,1.0618591309141807,1.2732102210973306,2.815037832956965,4464.30442837676,1862.3443907724893,2.3971422527951414,6328.139245693993
balanced_interleaved.csv,43,11008.0,11264.0,2,633.4893254950495,625.0,71.824987975461,41.52218337301014,19.106699751861044,94.71351384352393,405,255.99609375,1.582055390249485,1.0,0.20231551164926925,0.21667540284630846,-0.22727010647195886,1.0730270663598998,1.2691904277782136,2.783944983880877,4299.050916229297,1841.1582104356794,2.3349709394131852,6143.523195107869
balanced_interleaved.csv,44,11264.0,11520.0,2,633.2777605459057,625.0,71.79446263783781,61.184063148285055,20.149253731343283,94.74515566167692,404,255.99609375,1.5781490806439307,1.0,0.2023647545105765,0.2168574010508715,-0.23243991728836064,1.068105946292653,1.248954244238654,2.750066266990106,4729.624405295162,2370.8051651052565,1.9949443652765038,7112.885341962171
balanced_interleaved.csv,45,11520.0,11776.0,2,622.2846798780488,621.09375,61.17051185359943,52.02595753460255,14.91442542787286,96.4188930567251,411,255.99609375,1.6054932478828108,1.0,0.19273374785301203,0.21817404616769587,-0.24316190200345283,1.0601210689767586,1.2592250988941311,2.7429259299328645,3770.8793039465704,1980.2169831960389,1.9042758121690437,5776.659416254466
balanced_interleaved.csv,46,11776.0,12032.0,3,628.665717364532,613.28125,81.11547463375261,42.88932403888345,15.802469135802468,95.44022895272494,407,255.99609375,1.5898680094605935,1.0,0.18980189513670295,0.21855904166631918,-0.2409121809353583,1.055139554089152,1.2295595768811984,2.6416383242565127,4692.008267114109,2024.0039118468533,2.318181422304055,6724.593848620513
balanced_interleaved.csv,47,12032.0,12288.0,0,782.157874617737,777.34375,85.18430400088153,76.57620512820947,47.239263803680984,76.71085588612621,328,255.99609375,1.2812695506218053,1.0,0.2508737624620813,0.20058192298520094,-0.1760172798100132,1.0527434560840723,1.1379640037619903,2.4954250963747917,6562.696227403879,5670.683613300468,1.157302483251087,12236.261704312501
balanced_interleaved.csv,48,12288.0,12544.0,2,729.6516833810888,726.5625,66.49524001682492,48.71799721600699,29.88505747126437,82.23101702715141,350,255.99609375,1.3672083619439994,1.0,0.21511308891356196,0.20917068720108054,-0.2104211984046185,1.0610034505661843,1.2569754388952048,2.8047522065546744,4908.635408217856,2584.7718231260806,1.8990594698921017,7524.0036612260055
balanced_interleaved.csv,49,12544.0,12800.0,1,763.4561567164179,765.625,83.24217404243518,67.8998737976549,34.73053892215569,78.58997464642454,336,255.99609375,1.3125200274662394,1.0,0.21983565748199263,0.20492185149769754,-0.20009310573965788,1.0566759484347854,1.2872830770333192,2.9350181983827683,5861.89218036212,2954.683864990003,1.9839321051634584,8822.519878826619
balanced_interleaved.csv,50,12800.0,13056.0,1,694.5142200272479,695.3125,79.57732460839179,51.79731704257552,28.688524590163933,86.39131967326172,368,255.99609375,1.4375219348439765,1.0,0.21598493940792607,0.21215256168657487,-0.21334637150165486,1.0675701460152727,1.2490300777479517,2.741553713380477,4733.535947412147,2782.9684608169787,1.7008945714111874,7532.695040502639
balanced_interleaved.csv,51,13056.0,13312.0,1,689.5692567567568,687.5,72.06447429671722,52.033687593966704,35.77235772357724,87.01083961050891,372,255.99609375,1.4531471732661936,0.9973045822102425,0.21739461183196224,0.21260185650333477,-0.2188476565115902,1.0663357239118192,1.2144519860692842,2.6852450477225087,4655.67966982643,3305.463232400381,1.4084802469412254,7967.347356698448
balanced_interleaved.csv,52,13312.0,13568.0,0,730.5247134670487,726.5625,86.90679211294746,84.76130047499333,44.252873563218394,82.13274498988784,350,255.99609375,1.3672083619439994,1.0,0.2281262932243208,0.2084852919279827,-0.20891066004576458,1.0546700285931543,1.1452880501011273,2.4910096515532363,6196.1867134137365,5672.096896243123,1.0923978956561444,11887.924719632068
balanced_interleaved.csv,53,13568.0,13824.0,0,723.3865970254958,726.5625,93.45166915315437,85.65961820151715,38.06818181818182,82.94320111364365,354,255.99609375,1.3828336003662165,1.0,0.21892341556542042,0.2098104450056529,-0.21401682436252178,1.0476721686928259,1.1680131311002597,2.5188271936117976,6080.957696950317,4988.113571122243,1.2190896639071915,11078.85633123224
balanced_interleaved.csv,54,13824.0,14080.0,3,608.203125,609.375,44.47190441182465,25.876674400399946,7.398568019093078,98.65125240847784,421,255.99609375,1.6445563439383535,1.0,0.17378424897609004,0.22090200525461226,-0.25517945729757696,1.0553436328865873,1.2853587863144742,2.7853321843639804,2762.094232646609,884.9638246762626,3.121138012231221,3650.498590183922
balanced_interleaved.csv,55,14080.0,14336.0,3,587.5,585.9375,42.83615512526654,27.91195451219961,3.225806451612903,102.12765957446808,436,255.99609375,1.7031509880216678,1.0,0.17464642252000975,0.22455763102627452,-0.25971975072455855,1.066139945508465,1.308331007775414,2.8351007015133387,2437.252302174071,789.972729105517,3.085235999138555,3233.5107875585763
balanced_interleaved.csv,56,14336.0,14592.0,1,684.0859584450402,687.5,67.50075137359048,45.19542921431989,18.817204301075268,87.70827592541563,374,255.99609375,1.4609597924773021,1.0,0.20885463910092775,0.21148688031854385,-0.21352055472484782,1.0612816041321167,1.2954016474124548,2.8996001835085154,4235.313049266544,1620.008945671044,2.614376334515969,5859.204490626704
balanced_interleaved.csv,57,14592.0,14848.0,2,643.301322418136,632.8125,78.63422129821343,59.84659897993996,22.474747474747474,93.26888956867543,398,255.99609375,1.554711223010605,1.0,0.19645191745940555,0.21779293170207709,-0.2436095315549197,1.0630058635252317,1.2311434761849194,2.661218282067498,4584.13363523971,2722.219232113953,1.683969307527035,7327.985183085135
balanced_interleaved.csv,58,14848.0,15104.0,2,650.5002391581633,636.71875,78.04745875336019,59.681597520849465,23.017902813299234,92.23670705739978,394,255.99609375,1.539085984588388,0.9974554707379135,0.2004936659307179,0.21566687592715178,-0.23606477560191264,1.0602014662365715,1.2332801005239493,2.7152338485859655,5445.269516486876,2612.3347682129756,2.0844455246491362,8085.898225731062
balanced_interleaved.csv,59,15104.0,15360.0,2,657.2769007731958,660.15625,58.3206469040648,38.10291825413887,20.155038759689923,91.28572741475968,390,255.99609375,1.5234607461661707,0.9974293059125964,0.20173485610201317,0.2144824749248036,-0.22893719054952213,1.0575562773609872,1.2582127668068832,2.7632424523075345,3867.1140913244794,1837.1357395745692,2.104969169137169,5709.042592605487
balanced_interleaved.csv,60,15360.0,15616.0,3,650.3558365139949,644.53125,70.57999745794197,49.20177506820344,16.83673469387755,92.25718696030934,394,255.99609375,1.539085984588388,1.0,0.1968713306401155,0.21625050035806617,-0.2313047962922043,1.0602344151263774,1.271397366136584,2.7728310028714933,4489.740332484599,2184.466630936552,2.0553027768429226,6684.17624849292
balanced_interleaved.csv,61,15616.0,15872.0,0,782.7118481595093,773.4375,82.14316528878307,74.07216039723333,46.15384615384615,76.65656287315146,327,255.99609375,1.2773632410162508,1.0,0.2547885464830873,0.20134622060269566,-0.1702677169530465,1.053096176051759,1.1332865445371758,2.462961160495304,5633.110773927251,5345.642254264512,1.0537762360422471,10980.02496766256
balanced_interleaved.csv,62,15872.0,16128.0,2,641.0862908291457,632.8125,72.72111090379629,39.907423840259604,18.1360201511335,93.59114499609609,399,255.99609375,1.5586175326161593,1.0,0.19822522369109943,0.2158896649406375,-0.2343769647626415,1.0603901129150843,1.2452416003823394,2.7154599206928394,4373.045393895098,2090.525930805967,2.09183982339274,6465.299822035361
balanced_interleaved.csv,63,16128.0,16384.0,1,675.729580026455,669.921875,63.93317216069882,40.87117440261623,18.83289124668435,88.79291623973452,379,255.99609375,1.4804913405050737,1.0,0.1951361063607172,0.21414696178625506,-0.2279214583896609,1.060751060412686,1.3136108661561785,2.9610167361042885,4628.553352160615,1727.3445019654707,2.6795774362867304,6367.650208913631
balanced_interleaved.csv,64,16384.0,16640.0,1,700.0107020547945,699.21875,72.15474410755265,53.50381126121247,34.34065934065934,85.71297527863139,366,255.99609375,1.429709315632868,1.0,0.2125876134726132,0.2126587343814788,-0.22524715655826294,1.065957137891653,1.2225070585289102,2.735344862989818,4937.2017893097245,2822.4943661540487,1.7492335320538448,7765.606839413973
balanced_interleaved.csv,65,16640.0,16896.0,1,733.0167923850574,730.46875,84.10476126847514,69.4140003224464,44.09221902017291,81.85351362112002,349,255.99609375,1.3633020523384451,1.0,0.22949916530664213,0.20794501411076774,-0.2000425890302082,1.0589837689094581,1.1809534512492064,2.58964505469371,5967.65499797974,4252.439732540871,1.4033485183372634,10222.686278510535
balanced_interleaved.csv,66,16896.0,17152.0,0,763.215755988024,765.625,91.6334252492315,90.91125702314608,51.051051051051054,78.61472922860032,335,255.99609375,1.3086137178606851,1.0,0.24512527665802328,0.20291985938967982,-0.18444629989307249,1.0513799398180916,1.1476851136832447,2.507398900212382,6593.487745795003,6240.383357489464,1.056583765463985,12853.324277779697
balanced_interleaved.csv,67,17152.0,17408.0,0,728.8392857142857,732.421875,85.28818490375282,62.81017733396137,41.260744985673355,82.32267548695333,351,255.99609375,1.3711146715495537,1.0,0.2435797960613684,0.20392966738471952,-0.1737320166120518,1.0543848832512224,1.178429957554695,2.566666861287721,4712.6369538070785,4254.534748276138,1.1076738662709371,8972.77144915236
balanced_interleaved.csv,68,17408.0,17664.0,3,668.878844895288,671.875,54.49685863735833,34.185948350938745,14.960629921259844,89.7023436425066,383,255.99609375,1.4961165789272908,1.0,0.18750877780245456,0.21425365606809482,-0.23930134925864785,1.0489312381280271,1.287031538486315,2.856104768410619,4185.635577124213,1247.493068172036,3.355237543129171,5433.511615203787
balanced_interleaved.csv,69,17664.0,17920.0,3,586.8624281609195,582.03125,51.9654237092468,36.49822477815003,6.912442396313365,102.23861184643398,436,255.99609375,1.7031509880216678,1.0,0.1773438308955222,0.22188517278914016,-0.25620353778767224,1.054131540175262,1.2929769364770474,2.784745523802129,3299.625663685543,903.7929602640104,3.6508645328700906,4206.112912426116
balanced_interleaved.csv,70,17920.0,18176.0,1,635.3680814676617,636.71875,68.83108640757771,50.85650176737753,13.466334164588527,94.43345007417376,403,255.99609375,1.5742427710383764,1.0,0.19980745900945707,0.21571856908916126,-0.22538416630796998,1.0627865978061395,1.2852736256317951,2.8181005315697316,3852.675627674359,1668.3852188921328,2.309224263106738,5551.30757662054
balanced_interleaved.csv,71,18176.0,18432.0,2,692.6481827445652,691.40625,77.44826793392903,48.055341646467205,31.607629427792915,86.62406326145924,370,255.99609375,1.445334554055085,0.997289972899729,0.21430614705439915,0.21027655379444182,-0.21604697490771135,1.0565724921860213,1.23708450595201,2.747118355890983,5325.664639774493,2632.7768263643525,2.022831782186717,7963.10725092801
balanced_interleaved.csv,72,18432.0,18688.0,2,722.623052407932,726.5625,79.52758587243504,71.75212504369871,38.06818181818182,83.03084132185843,354,255.99609375,1.3828336003662165,1.0,0.21548509814247108,0.20760707955794824,-0.21309124351468078,1.0531744585204903,1.2227344555769515,2.720045878432116,6565.66525779712,3617.371148744699,1.8150377685396033,10212.349277430916
balanced_interleaved.csv,73,18688.0,18944.0,2,708.935682132964,707.03125,73.31671379240382,52.637433401276176,31.11111111111111,84.63391180914877,362,255.99609375,1.4140840772106509,1.0,0.209601293714791,0.2091811343851337,-0.21940143623150307,1.049809722952983,1.2381669887428879,2.741426061784578,5780.99313124624,2612.4899907590325,2.2128288153045252,8397.924971817967
balanced_interleaved.csv,74,18944.0,19200.0,3,722.1804178470255,722.65625,76.05904343348908,63.32853971406753,25.0,83.08173209524685,354,255.99609375,1.3828336003662165,1.0,0.1893251223191193,0.20946059104995282,-0.23102400379695165,1.0354148761009965,1.277695153919637,2.8569400074278786,5858.318626758578,2296.9031572321146,2.5505292237998187,8171.12328143591
balanced_interleaved.csv,75,19200.0,19456.0,0,676.3082837301587,675.78125,63.053220511354276,48.76166315670564,30.238726790450926,88.71693788677516,379,255.99609375,1.4804913405050737,1.0,0.21557109514537753,0.21287246969341572,-0.21952391559702147,1.0555651807968722,1.194650538057023,2.580753167696308,3910.6491323496293,3105.709489325245,1.2591805981181026,7016.4551331968205
balanced_interleaved.csv,76,19456.0,19712.0,2,621.4073905109489,617.1875,54.603849884332575,34.44562537630557,15.121951219512194,96.55501514178215,412,255.99609375,1.609399557488365,1.0,0.20090747986224433,0.21535968940864408,-0.2239313853808228,1.0590453565101323,1.2756265071671449,2.7889154759687793,3619.80181481059,1564.3625521765389,2.313914897652251,5186.5247685300355
balanced_interleaved.csv,77,19712.0,19968.0,1,708.0512152777778,705.078125,90.32276050883941,65.50696541139324,31.197771587743734,84.73963281944401,361,255.99609375,1.4101777676050966,1.0,0.2147339905369138,0.20882590561125347,-0.2166656755074104,1.0553479352786699,1.240191928726887,2.768124961775677,6873.918560829417,2899.670387563171,2.3705861846615366,9812.239410363814
balanced_interleaved.csv,78,19968.0,20224.0,1,681.65625,675.78125,83.59831422768781,57.13672794491739,35.56149732620321,88.02090496492917,376,255.99609375,1.4687724116884109,1.0,0.20753377362453568,0.21339720905031845,-0.23228101553653988,1.0521694228023337,1.196015204682897,2.5844998640297954,4959.576984325921,3641.5349146759886,1.361946843990979,8605.881055032334
balanced_interleaved.csv,79,20224.0,20480.0,1,671.9161184210526,662.109375,83.80326257351692,54.85215976291483,31.6622691292876,89.29686065724252,381,255.99609375,1.4883039597161822,1.0,0.21366409560125357,0.21283924995096654,-0.2237213984351017,1.0478569292821636,1.1604399901351377,2.479172769181793,5110.847531493077,3296.5139088171595,1.5503794835578075,8411.38150055103
balanced_interleaved.csv,80,20480.0,20736.0,0,724.2764559659091,730.46875,92.25690774865315,77.31731711472591,41.88034188034188,82.84129562099714,353,255.99609375,1.3789272907606622,1.0,0.2399596478736166,0.204677120458446,-0.18728423646770498,1.0498944396093475,1.1578905668150488,2.5181012567468706,6111.2812529158855,5070.905184854379,1.2051657505190334,11206.965730575004
balanced_interleaved.csv,81,20736.0,20992.0,0,683.4788602941177,679.6875,70.48179871023912,64.68903898682171,33.51206434316354,87.78618255168935,375,255.99609375,1.4648661020828564,1.0,0.23729381503515914,0.207433301393511,-0.18742812197849312,1.063750289565949,1.2011135051256911,2.6298249331118217,4739.336697711189,3462.6126353184172,1.3687169767043161,8223.691083194546
balanced_interleaved.csv,82,20992.0,21248.0,3,643.1340522670025,644.53125,50.177153999389795,36.32173918160379,11.868686868686869,93.29314749934979,398,255.99609375,1.554711223010605,1.0,0.18812931958069232,0.21809668316271502,-0.23821054796065894,1.0630430121930226,1.3011003824681295,2.8581228447390368,3292.1537271597426,1105.1616976176867,2.9788887311751653,4402.077221579009
balanced_interleaved.csv,83,21248.0,21504.0,3,703.5662017906336,710.9375,86.36960548781781,72.75407824994036,19.060773480662984,85.27982135482786,364,255.99609375,1.4218966964217594,1.0,0.1985370761316846,0.21044807030040896,-0.2202149798625262,1.0474122195306605,1.3044355165243953,2.9178219798706024,6022.928352956517,2464.034725566701,2.444335824679301,8502.571644602293
balanced_interleaved.csv,84,21504.0,21760.0,1,761.9169776119403,757.8125,84.94191691895492,73.74077892121537,34.73053892215569,78.74873741238407,337,255.99609375,1.3164263370717937,0.9970238095238095,0.21611949408412956,0.20588811894126552,-0.20726000416304255,1.0535426441563216,1.2591741201032913,2.8529198496830492,7564.823604061367,3287.9194064077424,2.300793501604229,10909.72516379875
balanced_interleaved.csv,85,21760.0,22016.0,1,690.7075711382114,675.78125,104.64389794028641,66.13909356086859,29.347826086956523,86.86744218124971,370,255.99609375,1.445334554055085,1.0,0.20842211490125462,0.2128396596999812,-0.2249895144798404,1.0562772255660482,1.2157523744882495,2.6576643988937336,5066.321088459777,3611.3377449422105,1.4028931787272776,8693.63884278607
balanced_interleaved.csv,86,22016.0,22272.0,2,657.9917042525773,636.71875,84.90213624022131,47.68681904948813,24.54780361757106,91.1865599706229,389,255.99609375,1.5195544365606164,1.0,0.2012101696168434,0.21370580085319668,-0.2291837538471349,1.0532060104550574,1.2494824073914832,2.739010071011096,5256.16944854041,2267.53353278065,2.318011783532405,7526.240305045579
balanced_interleaved.csv,87,22272.0,22528.0,2,735.8947226224784,738.28125,84.05627781836881,58.78011066754223,36.99421965317919,81.53340166128712,348,255.99609375,1.3593957427328909,1.0,0.20250087888269214,0.20903086422983458,-0.2257185556709343,1.0453270325823236,1.229673396857291,2.748932004228971,6544.830746598317,2846.104643939549,2.2995748805423504,9396.651300878933
balanced_interleaved.csv,88,22528.0,22784.0,3,631.6068672839506,625.0,64.54547621013097,52.86349417763874,10.643564356435643,94.99580056501489,406,255.99609375,1.5859616998550392,1.0,0.18816632434286085,0.21796166373955358,-0.24026229059485027,1.0565205276054601,1.286876783200546,2.824608972081565,4457.13760081782,1740.382377146118,2.5610105338613245,6215.6615030486055
balanced_interleaved.csv,89,22784.0,23040.0,0,785.2163461538462,781.25,89.44472283975495,78.42642949303902,50.617283950617285,76.41206183988979,326,255.99609375,1.2734569314106965,1.0,0.2167613101326492,0.20653259405410335,-0.2180502485535375,1.044522146707512,1.1503965637762474,2.5418481482894846,6851.25493001473,5796.856204292274,1.1818914750622465,12680.61098560442
balanced_interleaved.csv,90,23040.0,23296.0,2,736.8135838150289,742.1875,86.4258491705201,68.65659054918079,33.33333333333333,81.43172346163276,347,255.99609375,1.3554894331273366,1.0,0.21960340248652566,0.2044366195322492,-0.1943308553841388,1.0515002786278258,1.2897529603734208,2.922045857200609,6026.042370775962,3128.1067697454873,1.9264183783810742,9243.376279502767
balanced_interleaved.csv,91,23296.0,23552.0,1,702.95282369146,695.3125,84.68530647522267,69.94404978211017,29.55801104972376,85.3542342783663,364,255.99609375,1.4218966964217594,1.0,0.20080479848637878,0.21389309239214543,-0.2307522793036815,1.0607466067271356,1.2612711543623711,2.8127789809982486,6010.564342943487,3328.5077708774456,1.8057834791712113,9366.331400484678
balanced_interleaved.csv,92,23552.0,23808.0,1,659.3307023195877,660.15625,68.50339552123629,64.01185161062473,29.97416020671835,91.00137425561154,389,255.99609375,1.5195544365606164,1.0,0.20560830240573028,0.216214261956242,-0.23499984579105135,1.066870797520959,1.215750514159655,2.6634464792904433,4508.601637377993,2896.355435919331,1.5566465294501812,7413.624112361691
balanced_interleaved.csv,93,23808.0,24064.0,1,650.9785554846939,648.4375,66.21855287711064,59.63384464706016,28.644501278772378,92.16893474367413,394,255.99609375,1.539085984588388,0.9974554707379135,0.21699479621353357,0.21298907175550322,-0.21337094461947972,1.0588398300293582,1.2108053003739612,2.605364473617051,4294.860981124733,3024.8166775647724,1.4198748019937697,7342.118262946093
balanced_interleaved.csv,94,24064.0,24320.0,0,654.7876602564103,648.4375,72.83551303260413,63.850463607432,27.249357326478147,91.63275920090555,391,255.99609375,1.527367055771725,1.0,0.22968061122521718,0.2108218974159427,-0.19973250493105674,1.063917908815623,1.1953925749717227,2.569008551246956,4412.337705812215,3494.6462819151047,1.2625992303273124,7915.520852010273
balanced_interleaved.csv,95,24320.0,24576.0,0,736.0298090778098,734.375,77.01487465145907,61.86668266593732,41.040462427745666,81.51843751433859,348,255.99609375,1.3593957427328909,1.0,0.2212339598481023,0.20891759084754105,-0.21138234872671535,1.0493732689869477,1.1771674236757679,2.552410054778923,4980.753344872279,4184.7355930304975,1.1902193661094183,9166.150637335984
balanced_interleaved.csv,96,24576.0,24832.0,3,703.9666781767955,708.984375,65.06501088837307,42.01781578186949,23.822714681440445,85.23130690701738,364,255.99609375,1.4218966964217594,0.9972451790633609,0.17984669966910902,0.21274407266209855,-0.2494453863833679,1.0428437890599,1.2756969673923588,2.8687528167889216,5370.655037567365,1758.8645631985041,3.053478448505894,7136.824471978436
balanced_interleaved.csv,97,24832.0,25088.0,3,651.7159598214286,652.34375,55.066845665024836,36.10907748257249,11.76470588235294,92.06464732955153,393,255.99609375,1.5351796749828337,1.0,0.18326815711931124,0.21778776713952022,-0.24559460019627852,1.0628786714510732,1.3281594014420728,2.9643803466618195,3894.988300625383,972.2017087609967,4.006358213039221,4873.136841207771
balanced_interleaved.csv,98,25088.0,25344.0,1,666.8264523498694,664.0625,77.98971025821203,57.79167157435531,21.465968586387437,89.97843410165032,385,255.99609375,1.5039291981383993,0.9973958333333334,0.19666973361604298,0.2162014744118097,-0.2415494873732686,1.0587079318940076,1.2457727276656445,2.7498828239955104,5167.70767220522,2445.584111441049,2.113077055100825,7635.947267699672
balanced_interleaved.csv,99,25344.0,25600.0,1,691.9461382113822,691.40625,68.31992238475418,51.06866952120547,34.78260869565217,86.71195153295392,370,255.99609375,1.445334554055085,1.0,0.20842953459826924,0.212977058189696,-0.2278164654117542,1.0626751659940405,1.2092991444025005,2.6567576066924685,5038.4626683419765,3072.2967930411965,1.6399661255885756,8113.799144905252
balanced_interleaved.csv,100,25600.0,25856.0,2,654.9579326923077,660.15625,65.71966234385576,39.13022326656503,20.308483290488432,91.60893700968022,391,255.99609375,1.527367055771725,1.0,0.19703839199307224,0.21474685593483925,-0.23153675238097288,1.0535141160669965,1.272022224437362,2.7925781526353637,3602.7774944533962,1933.1723010401877,1.8636608296709192,5545.585762767329
balanced_interleaved.csv,101,25856.0,26112.0,2,600.3584558823529,597.65625,46.864488942452255,28.415141434639906,9.669811320754718,99.94029302346944,427,255.99609375,1.6679942015716793,0.9976525821596244,0.19215990547593104,0.21847377289418918,-0.23328878802893965,1.0562888915252004,1.275868713897757,2.7686563289114545,2784.9538310451353,1202.3999886117238,2.316162556073049,3989.072801056404
balanced_interleaved.csv,102,26112.0,26368.0,3,592.2273781902552,593.75,47.90627437042976,43.41119003587288,4.4186046511627906,101.31243878550441,432,255.99609375,1.6875257495994507,1.0,0.17657202048574355,0.2227764270608406,-0.2544458227625347,1.0623017079461115,1.2922024717909983,2.7749089640012503,2710.121799070281,1135.968485708992,2.3857367815787716,3865.6691387259834
balanced_interleaved.csv,103,26368.0,26624.0,0,696.9134221311475,703.125,87.44602507107598,68.96752781160384,31.506849315068493,86.09390792979877,367,255.99609375,1.4336156252384222,1.0,0.24099919592248067,0.20798042398768732,-0.19002097428448997,1.0579549380569384,1.143699278391557,2.469090635116256,5455.543031939176,3861.705382967764,1.4127289606299613,9326.63204803118
balanced_interleaved.csv,104,26624.0,26880.0,2,690.698902027027,693.359375,67.57961118079366,43.95586787001981,24.119241192411923,86.86853247328922,372,255.99609375,1.4531471732661936,0.9973045822102425,0.21909127193543526,0.20948842096920386,-0.20260245572942814,1.060429392490377,1.2657152402345908,2.7773901349569856,4991.429827419802,2097.579232409576,2.3796144385382476,7091.358647849917
balanced_interleaved.csv,105,26880.0,27136.0,1,727.7199074074074,726.5625,81.43522445905555,55.99676379759433,38.57142857142858,82.4493041749503,352,255.99609375,1.375020981155108,1.0,0.22562374525664242,0.2069152967626278,-0.20472578808549086,1.0570208066701585,1.193735257953239,2.6579625749162563,6530.3429924012535,3030.29663255437,2.1550177372888215,9562.008090721853
balanced_interleaved.csv,106,27136.0,27392.0,1,686.7439516129032,679.6875,99.68394065501631,71.18768508417756,32.34501347708895,87.36880733944955,373,255.99609375,1.4570534828717479,1.0,0.22495896210863386,0.21139452927872107,-0.20536395763599805,1.0648476009492664,1.1910525085756254,2.5781571631391813,5235.571162366314,4255.038051944072,1.230440503340328,9524.516557708903
balanced_interleaved.csv,107,27392.0,27648.0,1,641.3218435929648,636.71875,65.42528800638233,42.99065948752391,23.425692695214106,93.5567696616317,400,255.99609375,1.5625238422217136,0.9974937343358395,0.21555639797969667,0.2152522984338528,-0.2190394984576772,1.0765732064530142,1.246705518176279,2.759863451863355,3920.1819210465273,2401.987200700641,1.6320577894432746,6326.18187837892
balanced_interleaved.csv,108,27648.0,27904.0,0,681.8972017426273,671.875,81.37952975624437,55.776232982719506,30.107526881720432,87.98980234361802,375,255.99609375,1.4648661020828564,0.9973262032085561,0.23027721709737378,0.2099474456061881,-0.1994648682365585,1.062734234158316,1.184157355449092,2.5786300534604294,4793.32862704463,3753.714825597548,1.2769559888667321,8552.039381405233
balanced_interleaved.csv,109,27904.0,28160.0,0,780.2107224770642,777.34375,84.61411238433328,75.80769305346257,47.239263803680984,76.90230122640209,328,255.99609375,1.2812695506218053,1.0,0.255026091816839,0.1995087243909372,-0.1685548236994245,1.053584507849449,1.1486016158674353,2.5165194847701002,6486.678085001482,5499.151539653947,1.179577983662854,11990.592208729926
balanced_interleaved.csv,110,28160.0,28416.0,3,676.0292658730159,667.96875,70.15992860372262,54.6108458847706,19.628647214854112,88.75355406768779,379,255.99609375,1.4804913405050737,1.0,0.20349010582584132,0.21486072090496278,-0.22715935609257498,1.0616283018142616,1.264212840147593,2.7758556854161816,4918.216337238471,2187.3990569223265,2.2484312232256367,7108.023890685769
balanced_interleaved.csv,111,28416.0,28672.0,3,603.2432033096927,601.5625,52.67406779574281,26.416252811478966,8.056872037914692,99.46237217561692,424,255.99609375,1.6562752727550165,1.0,0.17775478743850137,0.22056260421320978,-0.24975533076896564,1.0552874207622225,1.2986307416610434,2.8224674709432493,3278.111744560121,827.4492732801393,3.961707201174,4106.457855512122
balanced_interleaved.csv,112,28672.0,28928.0,1,653.6325127877238,632.8125,96.53653747889086,69.31071651034263,21.025641025641026,91.79469935499648,392,255.99609375,1.5312733653772794,1.0,0.19297020886206206,0.21695562235373642,-0.24237818910242184,1.053502582108052,1.2312771434856142,2.6798283735639075,5629.5693301432275,2820.7527203087693,1.9957684662011053,8470.643981949974
balanced_interleaved.csv,113,28928.0,29184.0,1,704.0827307162534,703.125,83.72466405213743,72.54956374467369,34.530386740331494,85.21725840223755,364,255.99609375,1.4218966964217594,1.0,0.20658659200521695,0.21310552531567611,-0.22731089165349289,1.0569237386810915,1.2172609477738152,2.6712870158200026,6055.6242912560465,4089.4397995407176,1.4807955583393475,10185.03276477143
balanced_interleaved.csv,114,29184.0,29440.0,2,653.9663461538462,656.25,58.344084259244795,38.26353959191891,18.76606683804627,91.74784047050174,391,255.99609375,1.527367055771725,1.0,0.2012496175107792,0.2140583291115102,-0.22140527822870462,1.0591884215754648,1.279146549675281,2.8205308846771073,3868.5483773886663,1784.8386249281361,2.167449943853847,5657.37441389723
balanced_interleaved.csv,115,29440.0,29696.0,2,635.0862873134329,628.90625,66.45172933021267,54.42839458283579,14.214463840399002,94.47535114293582,403,255.99609375,1.5742427710383764,1.0,0.19811574016060168,0.21657030829481677,-0.23412332820173934,1.0605350112246716,1.2706621672271885,2.784582086328868,4097.60120165807,2029.1757552271272,2.0193426769971548,6141.157372159666
balanced_interleaved.csv,116,29696.0,29952.0,3,745.353498542274,750.0,66.0203767693851,47.55443118375154,28.654970760233915,80.49871653832051,344,255.99609375,1.3437705043106738,1.0,0.20911977600110382,0.20845185123051305,-0.20979121695912598,1.0552282418718388,1.2834569534689395,2.8870105976759035,6004.606636871496,1805.8751151590623,3.325039802845175,7810.637586952841
balanced_interleaved.csv,117,29952.0,30208.0,0,689.2103040540541,687.5,65.48133578221834,48.60094933773027,31.16531165311653,87.05615636775833,371,255.99609375,1.4492408636606393,1.0,0.2260169001427353,0.2081295412766491,-0.1977682617681306,1.0614573881523153,1.2395112326688107,2.750925201715261,4847.763645004358,2738.720293422045,1.770083515519233,7588.336557821794
balanced_interleaved.csv,118,30208.0,30464.0,2,685.1436829758713,671.875,92.13635201849888,74.23809082320383,28.225806451612907,87.57287192577533,374,255.99609375,1.4609597924773021,1.0,0.21452980822204426,0.21131280177620831,-0.21170054122030704,1.059440606792629,1.2257837881731235,2.6687011472991085,6308.684963850945,3693.5648684844223,1.7080206219417455,10029.775735511137
balanced_interleaved.csv,119,30464.0,30720.0,2,720.2065677966102,703.125,99.77598947192821,83.74308850466365,37.110481586402265,83.30943188086044,355,255.99609375,1.3867399099717708,1.0,0.21000332945608446,0.20865311472580567,-0.2238065103329957,1.0471295501838334,1.215840124646146,2.696127537725359,7662.071698117632,4214.905989125989,1.8178511496780627,11898.961676944191
balanced_interleaved.csv,120,30720.0,30976.0,1,764.1513847305389,761.71875,91.10723197883034,85.25844833094762,46.546546546546544,78.51847317028376,335,255.99609375,1.3086137178606851,1.0,0.21852161300504241,0.20593727975204457,-0.2094646120919859,1.0426609657206727,1.1839989817717258,2.6279798732634667,7356.175249910423,5298.116698881069,1.3884509662582563,12706.630366545642
balanced_interleaved.csv,121,30976.0,31232.0,1,761.9869402985074,765.625,97.6079177026858,77.2750949408327,42.21556886227545,78.74150700863072,336,255.99609375,1.3125200274662394,1.0,0.22792514813338896,0.2030243170548813,-0.18866885096397046,1.0438426956907663,1.2178891203029185,2.705645343618486,7350.783900418453,4373.089690722387,1.680913134714185,11756.020767750566
balanced_interleaved.csv,122,31232.0,31488.0,0,647.0431170886076,644.53125,61.191447927691385,43.26605297942928,22.84263959390863,92.72952360574058,396,255.99609375,1.5468986037994965,1.0,0.22233246453508781,0.21218340638246827,-0.20839338364852178,1.0578704481362426,1.1922466037509696,2.541789090076924,3794.9297613767385,2565.2244053965837,1.4793753534362006,6360.940089849007
balanced_interleaved.csv,123,31488.0,31744.0,0,700.5923763736264,703.125,68.36375275330471,55.123123548877196,34.43526170798898,85.64181116353164,366,255.99609375,1.429709315632868,0.9972602739726028,0.23013056487519495,0.2083758932350049,-0.1968562170437471,1.0519693502751504,1.1704536477920744,2.492271027611989,4327.512474957574,3783.9397620708005,1.1436525809251514,8127.619632623473
balanced_interleaved.csv,124,31744.0,32000.0,3,746.2079678362574,746.09375,74.0124816654877,55.68121765313321,33.137829912023456,80.40653890895732,343,255.99609375,1.3398641947051193,1.0,0.2139066333779007,0.20493207641243633,-0.2006080429363626,1.048806845531274,1.2755610716261223,2.8945919789384025,6826.925875691788,2546.145962242627,2.6812782837000757,9378.177708815512
balanced_interleaved.csv,125,32000.0,32256.0,3,617.5271739130435,601.5625,81.30512769632892,34.37568786456829,14.769975786924938,97.16171617161716,415,255.99609375,1.6211184863050279,1.0,0.18314886061100874,0.22001648248484645,-0.25042615252896006,1.0528672338476495,1.2605419399308941,2.6921863643299933,4236.657258355427,1436.2009635100742,2.949905595384813,5688.866219413697
balanced_interleaved.csv,126,32256.0,32512.0,3,632.0758374689826,617.1875,73.41754311290124,36.827275744840755,18.65671641791045,94.92531820272964,405,255.99609375,1.582055390249485,0.9975247524752475,0.1949579467818482,0.21820417383233404,-0.24371071397904306,1.0643243169519896,1.2475690078396386,2.7389142701277356,4390.1608259405575,1715.502280340119,2.559111040686087,6112.896805226705
balanced_interleaved.csv,127,32512.0,32768.0,1,681.9479166666666,679.6875,71.3434260468627,51.69180243221042,30.213903743315505,87.9832587410451,376,255.99609375,1.4687724116884109,1.0,0.20974506122388176,0.21275973218274774,-0.21807993745501686,1.0583843355284714,1.2355125513867236,2.69436835343899,4487.885156074668,2660.1153966283946,1.6871016805372088,7152.515879012558
balanced_interleaved.csv,128,32768.0,33024.0,2,654.3369391025641,648.4375,71.43751146456586,49.80554891922268,21.336760925449873,91.69587778781246,391,255.99609375,1.527367055771725,1.0,0.20029733155930318,0.21413049967829795,-0.22348802806150556,1.0539923526765456,1.2565726937777848,2.7415089694617123,4571.816830029667,1975.9017809657344,2.3137874939285505,6552.02368882855
balanced_interleaved.csv,129,33024.0,33280.0,2,621.2553223844283,621.09375,59.22371488128225,51.61249481747902,12.926829268292684,96.57864945078481,412,255.99609375,1.609399557488365,1.0,0.20007633882667494,0.21597959681557324,-0.22560738331138835,1.057331762016581,1.2660227971228224,2.7501743785553563,3563.88478164494,1872.3496070454248,1.9034291289588618,5440.307248308198
balanced_interleaved.csv,130,33280.0,33536.0,3,603.1323877068558,601.5625,53.55564227214228,37.03939796276414,9.004739336492891,99.48064674179325,424,255.99609375,1.6562752727550165,1.0,0.1797162011821331,0.22052077864567474,-0.2502007302100441,1.0551177494551434,1.2772742188476847,2.7687318046556264,3056.3698073740234,1253.0609493672082,2.4391230202469245,4317.341153818979
balanced_interleaved.csv,131,33536.0,33792.0,0,733.9709051724138,738.28125,108.6930748901163,70.65625523776153,33.71757925072046,81.7471095613874,349,255.99609375,1.3633020523384451,1.0,0.23721598203530592,0.20432730318217684,-0.18563356102970327,1.0537448786497263,1.1777998854326028,2.62299444854123,6605.21572529504,3633.511759913756,1.8178600102980869,10254.640021915737
balanced_interleaved.csv,132,33792.0,34048.0,2,658.6220122739018,644.53125,92.49866093949375,59.752481018924534,27.202072538860104,91.09929349741768,388,255.99609375,1.5156481269550621,1.0,0.20964744147033146,0.21572094627505162,-0.23032601134111957,1.0557145199709352,1.163148106165656,2.4109759760703904,4832.777639181921,4056.459819221027,1.191378160898429,8912.527117527907
balanced_interleaved.csv,133,34048.0,34304.0,2,664.2349837662338,652.34375,92.11281576692404,63.70214823040346,27.34375,90.32947897413965,386,255.99609375,1.5078355077439536,1.0,0.2023554785533861,0.21466131327288618,-0.23634465662334725,1.0574903465834309,1.2084674935932052,2.6451907118050775,5703.114017144978,3035.554601057389,1.8787716798631742,8781.33335375814
balanced_interleaved.csv,134,34304.0,34560.0,1,734.6789445244957,734.375,78.14726559506438,58.947555965788574,40.46242774566474,81.66832661691923,348,255.99609375,1.3593957427328909,1.0,0.22029033688075825,0.20785362232559532,-0.20623234091433632,1.0570289785336398,1.2319859911964166,2.7408688220600608,5317.716944752758,3713.443221994558,1.4320178408158117,9041.976665729051
balanced_interleaved.csv,135,34560.0,34816.0,1,679.677111037234,679.6875,68.13258431490377,63.98273743834478,25.866666666666667,88.27721137826147,377,255.99609375,1.4726787212939652,1.0,0.2104578243258989,0.21436924983807662,-0.22082915088090585,1.0659515028200583,1.2576196877736534,2.7701866831553934,4085.5591779812303,2947.107640590113,1.3862945220294565,7053.564946659781
balanced_interleaved.csv,136,34816.0,35072.0,0,681.0208333333334,675.78125,74.05649276257284,66.36322922288646,29.946524064171122,88.10303160084432,376,255.99609375,1.4687724116884109,1.0,0.21983438062637614,0.20959236497999573,-0.20644359968669473,1.0500213432191128,1.1908519727200153,2.5594490021183827,5003.135044923444,3666.5687631480014,1.3645278100901914,8692.068176466817
balanced_interleaved.csv,137,35072.0,35328.0,0,747.9265945747801,746.09375,80.97150250787467,67.77156679165105,43.23529411764706,80.22177635508721,343,255.99609375,1.3398641947051193,0.9970760233918129,0.2480088265294987,0.20109957768203424,-0.17184631643178264,1.0440135194819364,1.150174862154955,2.47165004612319,6329.0299949221435,4725.23895624529,1.3394095099798378,11055.362490614225
balanced_interleaved.csv,138,35328.0,35584.0,3,688.2264993261456,687.5,72.04548598817367,61.30650198728015,22.162162162162165,87.18060123919528,373,255.99609375,1.4570534828717479,0.9973118279569892,0.2046270209051283,0.21148887851503675,-0.21618141503924843,1.0535435532125852,1.2691727959265722,2.787950177877561,5471.417454654999,2390.725967027107,2.288600839291826,7897.575557414504
balanced_interleaved.csv,139,35584.0,35840.0,3,646.9701776649746,636.71875,75.36740405989988,57.66027794307763,18.3206106870229,92.73997793306363,395,255.99609375,1.5429922941939422,1.0,0.1887826911347386,0.21729029678464962,-0.24323280637760608,1.0631530081674117,1.2802961276028355,2.826667041798288,5209.637259785427,2158.1068858803324,2.413984818764117,7397.9903644418055
balanced_interleaved.csv,140,35840.0,36096.0,3,681.2083333333334,656.25,99.52817310981563,70.84057628795325,29.144385026737968,88.07878157685485,376,255.99609375,1.4687724116884109,1.0,0.20672467506675266,0.2141260650178119,-0.23127314619825567,1.0590865200071333,1.19452204884066,2.6207700295670753,6679.483377528371,3041.830902070948,2.1958759683126456,9735.876476604322
balanced_interleaved.csv,141,36096.0,36352.0,1,749.5990652492669,750.0,92.26608991413751,82.81721467919377,40.588235294117645,80.04278924767333,342,255.99609375,1.335957885099565,1.0,0.2283881544602263,0.20581461753286626,-0.1988413539388266,1.051053191696748,1.176912857941874,2.5845925790331803,7282.451864482321,4901.203620470304,1.485849686812955,12218.353459798484
balanced_interleaved.csv,142,36352.0,36608.0,2,686.0509072580645,683.59375,61.25935182725672,42.57256553104809,23.98921832884097,87.45706676462486,374,255.99609375,1.4609597924773021,0.9973190348525469,0.19842012624129324,0.21444968277263088,-0.23296636077486838,1.0605692807096812,1.2654273592907752,2.814464795577691,4506.740598963944,1965.6170159496091,2.2927867241659445,6474.383846992762
balanced_interleaved.csv,143,36608.0,36864.0,2,606.1831947743468,605.46875,52.211610840594744,29.489692863983063,10.238095238095237,98.97997918324863,422,255.99609375,1.6484626535439078,1.0,0.1975445196575317,0.21895787921955673,-0.2324472911252354,1.0727922186697416,1.2730121764405626,2.76991469183944,3285.50506322791,1280.7281063592825,2.565341579461072,4566.450554230649
balanced_interleaved.csv,144,36864.0,37120.0,3,613.8916015625,603.515625,72.93844680155071,54.509378057505984,9.397590361445783,97.73712467687413,417,255.99609375,1.6289311055161364,1.0,0.17089494409042202,0.2223665582812013,-0.26708926538220185,1.0557877448214108,1.2789081496592054,2.806377534686896,4577.802749533257,1630.5671600296773,2.807491075344568,6223.548370191917
balanced_interleaved.csv,145,37120.0,37376.0,0,668.848167539267,667.96875,68.22196560130986,41.9299998170519,23.88451443569554,89.706457925636,383,255.99609375,1.4961165789272908,1.0,0.2196954889118901,0.21090489977538035,-0.21166874007068645,1.057752947914774,1.2080031788949355,2.6528639453694263,4957.438565967994,1893.5786092970063,2.618026281891962,6859.731352976059
balanced_interleaved.csv,146,37376.0,37632.0,2,679.9895833333334,675.78125,70.80939956631748,53.119992538853715,33.9572192513369,88.23664578195131,377,255.99609375,1.4726787212939652,0.9973404255319149,0.22580503098712562,0.21110003460622243,-0.20946957663703272,1.0584438553645603,1.1706630629626495,2.509692901706962,5136.096495440845,3498.060449241597,1.4682697940667049,8637.6735571504
balanced_interleaved.csv,147,37632.0,37888.0,2,687.805340296496,683.59375,75.26455058499599,66.28815014989941,31.08108108108108,87.23398392652123,372,255.99609375,1.4531471732661936,1.0,0.2155090707413452,0.21047703672017204,-0.21566136599793873,1.057496341773084,1.2238735809988306,2.7020429598828146,5774.482879039442,3120.8715400655733,1.8502789380809033,8917.798256145341
balanced_interleaved.csv,148,37888.0,38144.0,1,691.8932079945799,687.5,70.44631551841327,56.10220099912598,32.33695652173913,86.71858504567084,370,255.99609375,1.445334554055085,1.0,0.2224442760705496,0.20787880983726165,-0.2033856410637579,1.0553993176695438,1.224226482196509,2.7156853774087413,5075.151896447869,3193.0749373491626,1.5894246129598122,8276.524037131872
balanced_interleaved.csv,149,38144.0,38400.0,1,685.525873655914,679.6875,65.85958659313896,47.04447337409919,25.336927223719673,87.52404877152135,373,255.99609375,1.4570534828717479,1.0,0.21584859712308363,0.20972275587933123,-0.20631896827839452,1.0517156801536351,1.220857609932958,2.6738545015706237,4712.681004374782,2589.793848065396,1.8197127960185733,7309.659815668789
balanced_interleaved.csv,150,38400.0,38656.0,0,647.1914556962025,644.53125,58.46333294089276,42.06331452954714,24.61928934010152,92.70826966566835,396,255.99609375,1.5468986037994965,1.0,0.2298184847900765,0.2112359881893033,-0.19923791251154066,1.0640439081752089,1.1946239417012594,2.5475460912098162,3686.504771203352,2465.548874435684,1.495206527612283,6152.139890532822
balanced_interleaved.csv,151,38656.0,38912.0,0,737.5248374277456,734.375,78.72505798995324,69.4364710851383,40.0,81.35319240130421,347,255.99609375,1.3554894331273366,1.0,0.24581109739349677,0.20064464781176786,-0.1717491151369673,1.04371034718426,1.1835365209749555,2.5862571805671823,6031.782486413759,4264.459275974716,1.414430786195066,10299.765855766474
balanced_interleaved.csv,152,38912.0,39168.0,3,688.1949123989218,683.59375,77.15141323805501,53.1873764369575,27.297297297297295,87.18460267433677,373,255.99609375,1.4570534828717479,0.9973118279569892,0.21120953436370973,0.2137030090719764,-0.220919951145888,1.063061272806093,1.2227270170700695,2.648196639849745,5319.338784259766,2929.780260819322,1.8156101518590329,8253.221913352374
balanced_interleaved.csv,153,39168.0,39424.0,3,676.3511273209549,675.78125,63.00152010931544,46.270709410912744,21.54255319148936,88.71131809547154,378,255.99609375,1.4765850308995194,1.0,0.1913663178500179,0.21492914457026924,-0.23626675452634233,1.057065595311063,1.2888200724507344,2.855014337103319,4837.875123651003,1765.5443104788676,2.74016069431802,6611.083293749123
balanced_interleaved.csv,154,39424.0,39680.0,3,677.325099469496,675.78125,83.16084420296961,60.78568531101754,21.808510638297875,88.58375401560349,378,255.99609375,1.4765850308995194,1.0,0.19052536331052783,0.21523501707665205,-0.24222596298104365,1.0541812271620912,1.2705073310142685,2.818737489384591,5022.120844481045,2467.256947607164,2.0355078336497066,7500.447907069382
balanced_interleaved.csv,155,39680.0,39936.0,1,719.6302816901408,722.65625,70.66044655575897,51.10615584371243,33.05084745762712,83.37614678899084,357,255.99609375,1.3945525291828793,0.9971910112359551,0.20077704675335545,0.21166272496710087,-0.22741618109355927,1.0536617415545566,1.247521082255499,2.7760371683447094,4957.2065837926775,2863.3336642073905,1.7312710166332987,7821.1058451196395
balanced_interleaved.csv,156,39936.0,40192.0,2,681.15625,679.6875,59.72681203399064,41.155393144018646,21.92513368983957,88.08551635546176,376,255.99609375,1.4687724116884109,1.0,0.20433846144901777,0.21092363791219262,-0.2133876950344844,1.0512311553240212,1.264634993763696,2.8010878474133065,4482.010981565006,1933.2843917763544,2.3183402300407607,6416.967320431645
balanced_interleaved.csv,157,40192.0,40448.0,2,605.793497624703,605.46875,51.28672216087552,34.88653149834645,11.190476190476192,99.04365140143973,422,255.99609375,1.6484626535439078,1.0,0.19702897711445602,0.21912298204699007,-0.2340007035149017,1.0730781503543645,1.2745612095567256,2.7830301736048257,3045.3353860160046,1288.298341464056,2.3638432869169153,4339.9175241582425
balanced_interleaved.csv,158,40448.0,40704.0,3,617.4611262077294,617.1875,56.59420147310904,52.480405416412374,9.200968523002421,97.17210922815973,415,255.99609375,1.6211184863050279,1.0,0.19034364774168094,0.21838222711734714,-0.23456303522051744,1.0668307159136348,1.3122333478455372,2.8830400427084406,3699.7687805998435,1551.76420646234,2.384233870836892,5270.805953144716
balanced_interleaved.csv,159,40704.0,40960.0,0,660.2270887305699,656.25,67.96591400479033,40.669559883980256,23.896103896103895,90.87782222835334,387,255.99609375,1.5117418173495079,1.0,0.21972571107042807,0.21190196309117207,-0.21671306809251698,1.0635366864341957,1.2114499729890482,2.6733027349591794,4911.259542931691,1967.4645329267569,2.4962379045409318,6884.651906959331
balanced_interleaved.csv,160,40960.0,41216.0,0,671.4956528871392,667.96875,78.08217546059385,62.923881265147614,33.68421052631579,89.35277502099396,382,255.99609375,1.4922102693217365,1.0,0.22027967445422775,0.21337852616284184,-0.22126954309359043,1.0596390030252427,1.161054192724441,2.4830737315418103,4998.895845555111,3664.756198853852,1.3640459485731984,8672.03509132239
balanced_interleaved.csv,161,41216.0,41472.0,2,659.873627260982,652.34375,71.35165290134944,52.28437189201615,26.683937823834196,90.92650095602293,388,255.99609375,1.5156481269550621,1.0,0.204798131543611,0.21498319568099744,-0.22672286894284213,1.062532666429747,1.2340656358054551,2.7016091533353412,4858.075188533058,2394.1607705760557,2.0291349053239074,7256.469381112002
balanced_interleaved.csv,162,41472.0,41728.0,1,670.4396325459318,664.0625,83.4027722584757,65.7942117691457,25.0,89.49351602642525,382,255.99609375,1.4922102693217365,1.0,0.21504972981468634,0.21233984750495777,-0.2162605669385449,1.060716408575541,1.239535022451313,2.728118860948535,5428.254137176241,3174.725127914719,1.7098343694219997,8641.39946994302
balanced_interleaved.csv,163,41728.0,41984.0,1,633.8108715880893,625.0,69.10111282809156,40.7144477863939,18.65671641791045,94.66546361008733,404,255.99609375,1.5781490806439307,1.0,0.20060285829275834,0.21687349364170702,-0.23589594467550487,1.0587648380748902,1.2150638085975651,2.624712352207709,4479.647758727771,2149.35959089135,2.084177900111186,6631.726027090384
balanced_interleaved.csv,164,41984.0,42240.0,0,680.9617312834224,675.78125,69.57856122523599,54.669544160619196,32.43967828418231,88.11067824166386,375,255.99609375,1.4648661020828564,1.0,0.21942257504048415,0.2094161750526819,-0.21087493079560232,1.0500213432191128,1.1893522378496906,2.577621891436202,4572.077645207393,3034.7489513156365,1.5065752451204533,7613.924984625557
balanced_interleaved.csv,165,42240.0,42496.0,0,748.5566348973607,746.09375,87.9422955793092,82.9233593954858,42.05882352941177,80.15425580754751,342,255.99609375,1.335957885099565,1.0,0.23382306693147153,0.2023428463928886,-0.18306203800349477,1.0561289792651911,1.237443282388432,2.7890208155734975,6647.570890180547,4640.7201050648155,1.4324438319228698,11364.860751307193
balanced_interleaved.csv,166,42496.0,42752.0,3,640.9284931077694,609.375,108.52281236434638,58.01873156363098,24.87437185929648,93.614187300472,400,255.99609375,1.5625238422217136,1.0,0.20044761861334906,0.2188733845469645,-0.24188287217664298,1.0525783422439303,1.1578407558361052,2.3909756209067012,5501.179728342827,3789.380107463946,1.4517360550627125,9298.893680564519
balanced_interleaved.csv,167,42752.0,43008.0,3,633.0257444168734,617.1875,75.51584037081399,52.631886599456365,15.17412935323383,94.78287499234398,404,255.99609375,1.5781490806439307,1.0,0.18499755173957944,0.21863747490108906,-0.2496706976881546,1.061606245729744,1.2839351399090895,2.8270210618592673,4611.632469736348,1740.033982959793,2.6503117266089102,6371.229882657374
balanced_interleaved.csv,168,43008.0,43264.0,3,689.4108952702703,687.5,70.50409827177809,63.88725493521522,25.745257452574528,87.03082648045205,372,255.99609375,1.4531471732661936,0.9973045822102425,0.19881127448538394,0.2125096716883764,-0.2252163621063662,1.048160521160625,1.2548395222822724,2.74239542689633,5337.266165430707,2741.4580565006067,1.9468713565669413,8110.6482920298995
balanced_interleaved.csv,169,43264.0,43520.0,1,684.9132875335121,683.59375,70.1458777140141,53.67761139247673,27.956989247311824,87.60233023959879,374,255.99609375,1.4609597924773021,1.0,0.22192454100293188,0.20841743013881245,-0.20015105628461172,1.0528790765585077,1.2272363519976692,2.695810485656473,4793.13484847225,2654.935861497397,1.8053674734608836,7450.493515366533
balanced_interleaved.csv,170,43520.0,43776.0,2,603.3682193396227,601.5625,56.72960443417721,48.842621222866,10.401891252955082,99.4417638795578,425,255.99609375,1.6601815823605708,1.0,0.19360007520880643,0.2185011684719203,-0.23352146279906225,1.058802242051175,1.2661347158875187,2.7389725715194464,3154.407179614133,1652.443875082691,1.908934534588221,4816.04304786597
balanced_interleaved.csv,171,43776.0,44032.0,2,690.5170223577236,691.40625,63.36668677135553,43.77609327780735,25.271739130434785,86.89141332842753,371,255.99609375,1.4492408636606393,0.9972972972972973,0.2135828532114614,0.20909917910198159,-0.21095926836461526,1.0516508047698565,1.2377233384733999,2.7359117317660324,4896.87194251004,2144.8258528285587,2.2831093424448103,7047.183738076057
balanced_interleaved.csv,172,44032.0,44288.0,3,659.6919412144703,652.34375,69.28129953886295,57.33998375961248,15.803108808290157,90.9515430634821,388,255.99609375,1.5156481269550621,1.0,0.19389860137621828,0.21446986958270095,-0.22622664557804414,1.059370364118146,1.3186918727319539,2.9327756686768405,4897.129521235046,1834.879316446131,2.6689109617955724,6746.694322146939
balanced_interleaved.csv,173,44288.0,44544.0,0,706.0061291436464,697.265625,101.57499895221964,69.5524503535099,28.53185595567867,84.9850978953643,363,255.99609375,1.4179903868162052,1.0,0.20769266522208693,0.21181421767608616,-0.22940595159910793,1.0568335685063475,1.214681967522772,2.691176085833363,6207.909259000073,3602.329133563038,1.7233042925369437,9847.131005708405
balanced_interleaved.csv,174,44544.0,44800.0,0,748.4489889705883,750.0,94.56682063225873,85.6410606896112,51.62241887905604,80.16578402026249,342,255.99609375,1.335957885099565,0.9970674486803519,0.21729470485258415,0.2091841815616681,-0.22425130586006534,1.0458098457655938,1.141990503849207,2.4834897846576647,7321.459016080875,5859.308851660646,1.2495431118989104,13225.039027558196
balanced_interleaved.csv,175,44800.0,45056.0,2,710.4058159722222,714.84375,88.56089220374328,54.96890269143661,34.26183844011142,84.45876800415452,361,255.99609375,1.4101777676050966,1.0,0.20469703299648867,0.20960463897984127,-0.22106692797998695,1.0453467406659993,1.2230348193586429,2.7044956298003777,5140.781824430751,3154.409137304552,1.6297130780008955,8311.173764747376
balanced_interleaved.csv,176,45056.0,45312.0,1,678.721326462766,683.59375,64.32808177867038,43.090735935204215,25.6,88.40152454424393,377,255.99609375,1.4726787212939652,1.0,0.21840070343814924,0.2100924833286204,-0.20391014580424283,1.054488451252259,1.2336080221254668,2.700688527482497,3896.950953684981,2327.3223713191605,1.674435394816461,6225.114976731884
balanced_interleaved.csv,177,45312.0,45568.0,1,658.8541666666666,656.25,54.63036546349653,38.22211697931373,19.689119170984455,91.06719367588933,388,255.99609375,1.5156481269550621,1.0,0.21027020233745605,0.21337672314488368,-0.21521417768611462,1.064587255618391,1.2596339379239858,2.7728235389078337,3164.388564026931,1835.4551735243913,1.7240347842169077,5000.370458857196
balanced_interleaved.csv,178,45568.0,45824.0,0,659.8433462532299,652.34375,75.38312043905123,63.21629990590811,27.72020725388601,90.93067368292236,388,255.99609375,1.5156481269550621,1.0,0.22703773712463507,0.21082106375662032,-0.2024714625917813,1.0642430367709337,1.2122350259839925,2.618533562398107,5024.76978467959,2993.7593968904407,1.678414701561762,8033.78432813701
balanced_interleaved.csv,179,45824.0,46080.0,0,652.5835198209719,644.53125,78.91242965927825,63.31722327472323,22.82051282051282,91.94225440516831,393,255.99609375,1.5351796749828337,0.9974489795918368,0.2177814606762316,0.21175968243302082,-0.20876889412449315,1.064479561836943,1.249954158871269,2.722695914366845,5273.20644717598,3021.376578536318,1.7452993064937783,8328.31569749959
balanced_interleaved.csv,180,46080.0,46336.0,3,610.5589946300717,605.46875,61.743286635288,47.02777697341385,20.095693779904305,98.27060206745965,420,255.99609375,1.6406500343327992,1.0,0.1969300141721865,0.22111776318099807,-0.24268925315111822,1.0663196487407676,1.2171346672181462,2.588475157804745,3572.2715634657575,2361.377689681054,1.512791273956796,5935.8158558946025
balanced_interleaved.csv,181,46336.0,46592.0,3,620.6850669099757,609.375,70.66058119034331,58.69814125567512,14.634146341463413,96.66738125133983,412,255.99609375,1.609399557488365,1.0,0.17967795221517768,0.22115572999546632,-0.2561339985879058,1.0616576474846615,1.2750548078449349,2.7809264180494946,4679.579240134756,1869.4961748286848,2.5031231960469666,6555.003870951168
balanced_interleaved.csv,182,46592.0,46848.0,3,640.1844454887218,636.71875,57.63051059791494,37.462317161250695,18.090452261306535,93.72298940221131,400,255.99609375,1.5625238422217136,1.0,0.1815223028539289,0.21877171271499177,-0.2527873713677855,1.05624811683769,1.2716953284438246,2.784703489008197,3858.302383749652,1593.0947646972195,2.4218913207482378,5453.937320438274
balanced_interleaved.csv,183,46848.0,47104.0,1,693.3806046195652,687.5,67.9660183993959,63.757610336572455,23.978201634877383,86.53256177091944,370,255.99609375,1.445334554055085,0.997289972899729,0.21442838733721784,0.21338681557283098,-0.21383182117729693,1.0667944072437812,1.255806864245643,2.7642124126508545,4470.029532581283,2833.7249033508874,1.577439478086056,7327.441087974572
balanced_interleaved.csv,184,47104.0,47360.0,2,615.5457427536232,617.1875,49.03411436720334,30.475467029818144,11.138014527845035,97.47447806493147,415,255.99609375,1.6211184863050279,1.0,0.19924571192573423,0.21626362069263372,-0.22677182342459049,1.0569172863590741,1.2665895122936375,2.7423324580528714,3058.227713242925,1251.7508699308028,2.44316004622548,4310.278472804307
balanced_interleaved.csv,185,47360.0,47616.0,2,651.6561702806123,648.4375,64.01176475233271,47.96542473812261,19.18158567774936,92.07309427326247,393,255.99609375,1.5351796749828337,1.0,0.19475463689207456,0.21564307233922608,-0.23338486681669124,1.0600817306848382,1.2886106887059199,2.8475003760764546,4457.907629916401,1784.634630275581,2.497938543996547,6244.010598240609
balanced_interleaved.csv,186,47616.0,47872.0,3,638.41796875,636.71875,68.91558426166412,68.31383586537538,16.290726817042607,93.9823171291339,401,255.99609375,1.5664301518272679,1.0,0.18046229591631807,0.2187419072086006,-0.25098498488536236,1.05580758311476,1.2845992872276928,2.8007983157074055,5098.957794640025,2275.056820181083,2.241244152413817,7376.296283959528
balanced_interleaved.csv,187,47872.0,48128.0,0,717.1260533707865,705.078125,108.89301969411922,75.50400998468628,33.23943661971831,83.66729910031214,357,255.99609375,1.3945525291828793,1.0,0.21468086624711014,0.2120226727274899,-0.23589420775817652,1.049383818216671,1.1048850486986534,2.4257837856438886,7039.02720682424,3819.285184798103,1.843022153685112,10863.304554374728
balanced_interleaved.csv,188,48128.0,48384.0,0,694.3147078804348,679.6875,118.00950442750822,75.40142513367505,36.78474114441417,86.41614432044031,369,255.99609375,1.4414282444495308,1.0,0.22562353368743227,0.21182949138412915,-0.2208010645096594,1.0523371678637192,1.1041573189457727,2.3523120445741927,5496.161296347763,5144.934419940538,1.0682665409778507,10672.22037585262
balanced_interleaved.csv,189,48384.0,48640.0,2,629.6759544334975,625.0,67.25056605483984,54.8865837268637,19.753086419753085,95.28710692784892,407,255.99609375,1.5898680094605935,1.0,0.18855651794868403,0.21872657321560887,-0.24266723715873134,1.0610995454484937,1.2780818889538337,2.8231141803350246,4186.789435209362,2257.061442826761,1.8549736200206384,6476.808118774555
balanced_interleaved.csv,190,48640.0,48896.0,1,685.4628696236559,675.78125,75.41818022848928,64.87331319152548,23.71967654986523,87.53209350776677,373,255.99609375,1.4570534828717479,1.0,0.1943070487075889,0.21617172258073458,-0.23947893166373027,1.0602799303635493,1.2495070888117072,2.766277441299133,4898.909717622432,2835.8582687397857,1.7274875023283291,7748.721294886902
balanced_interleaved.csv,191,48896.0,49152.0,1,775.645896656535,773.4375,71.58547559785858,64.71783398384997,37.19512195121951,77.35488611315209,330,255.99609375,1.2890821698329138,1.0,0.22390383048597715,0.20571500699810993,-0.19524743530245348,1.0560396934086216,1.2433079641684357,2.785260655945664,5267.220062539916,3089.534081385061,1.7048590252736693,8359.424284800063
balanced_interleaved.csv,192,49152.0,49408.0,0,735.5682636887608,738.28125,82.18851574743427,61.5389813290529,40.7514450867052,81.56958770775306,348,255.99609375,1.3593957427328909,1.0,0.24303563763487596,0.20169232044082405,-0.17733527476474611,1.0471534791756572,1.1945636731267932,2.6279246963718386,5979.826924042806,3886.0819732122495,1.538780438823286,9869.735149114467
balanced_interleaved.csv,193,49408.0,49664.0,0,757.8936387240356,761.71875,107.37977195894412,71.79561045200313,45.83333333333333,79.1667813718743,338,255.99609375,1.320332646677348,1.0,0.2470759866742511,0.20162387161682876,-0.18090608480785564,1.0533755150069326,1.1563145412937694,2.560391205697565,7642.037758258226,4847.602423029914,1.5764572032459907,12495.022357683905
balanced_interleaved.csv,194,49664.0,49920.0,0,761.2756529850747,757.8125,97.87020199573665,91.573520516479,50.0,78.8150780400386,336,255.99609375,1.3125200274662394,1.0,0.2334897056831538,0.20611370099011309,-0.19699515305320014,1.0511020061769472,1.1434454775681777,2.452306366841338,7955.808192447356,6091.76987638338,1.3059928976126454,14069.147876795882
balanced_interleaved.csv,195,49920.0,50176.0,3,706.0816643646409,703.125,84.83125087847586,64.01413196708448,27.42382271468144,84.97600635755111,363,255.99609375,1.4179903868162052,1.0,0.20149643409821397,0.21057999412825995,-0.22570289091345846,1.048702104460175,1.2528979587744913,2.780844879300103,5956.742090760723,2563.410719131254,2.3237564102796124,8554.440352304688
balanced_interleaved.csv,196,50176.0,50432.0,3,680.3229166666666,683.59375,76.4262903107125,45.1056405338299,19.518716577540108,88.1934130544625,376,255.99609375,1.4687724116884109,1.0,0.19554804820233115,0.21191038133655596,-0.22821669997320934,1.0488206504018658,1.2586539971838386,2.7840914943307435,5343.765802766673,1954.404954564673,2.7342162586550294,7299.684776315248
balanced_interleaved.csv,197,50432.0,50688.0,1,744.9744152046784,748.046875,81.44793470804156,73.14259250634547,37.82991202346041,80.53967864589721,343,255.99609375,1.3398641947051193,1.0,0.2211138433210527,0.20527176721365317,-0.19443319592895814,1.041883070728131,1.2180417395471455,2.66981370072984,5894.958390822621,3948.126336379883,1.493102775487126,9880.453280991802
balanced_interleaved.csv,198,50688.0,50944.0,2,663.6262175324675,660.15625,56.46855225555603,38.258739262607605,20.3125,90.41234118672314,387,255.99609375,1.5117418173495079,0.9974093264248705,0.1911848033212088,0.21719487910682264,-0.24405100179736136,1.0630329631281514,1.259504978829468,2.7730584556629427,3913.70097474398,1818.9863978634246,2.151583419942557,5746.085469606299
balanced_interleaved.csv,199,50944.0,51200.0,2,628.4059421182266,625.0,56.442084282778715,44.84118239089749,14.074074074074074,95.47968276326668,407,255.99609375,1.5898680094605935,1.0,0.1988113047122652,0.2154985486494683,-0.22705597532487526,1.0619150519390255,1.2997505875195443,2.8618214650836498,3753.9090569280042,1457.0245450402645,2.576421289336801,5212.115149975437
balanced_interleaved.csv,200,51200.0,51456.0,3,617.4139492753624,605.46875,83.18727955210889,58.173558927156606,14.527845036319611,97.17953420135704,415,255.99609375,1.6211184863050279,1.0,0.18859931481048597,0.2213129642394013,-0.24999853666970553,1.0642167769824313,1.2507147485774281,2.6948795507678067,5094.239848733881,2113.3416749253734,2.4105140731272288,7234.655017119321
balanced_interleaved.csv,201,51456.0,51712.0,3,653.8661858974359,632.8125,90.36870197690892,60.82022024073034,23.65038560411311,91.76189454979934,392,255.99609375,1.5312733653772794,0.9974424552429667,0.20054613478402683,0.21661842092184996,-0.23958242146461797,1.0632519945747707,1.208269223592962,2.6680954349375483,5469.484155030697,2876.344939488033,1.9015397214508711,8374.257346680703
balanced_interleaved.csv,202,51712.0,51968.0,0,719.2341549295775,714.84375,84.23242751994529,78.78538860771394,42.090395480225986,83.42206719295025,356,255.99609375,1.390646219577325,1.0,0.22515063598171703,0.20913362927517903,-0.2089205117644962,1.0611202464245377,1.1871885716035975,2.6123030568339107,5573.94497330325,4642.840199704055,1.200546375397229,10233.134311737404
balanced_interleaved.csv,203,51968.0,52224.0,2,722.2689447592068,726.5625,95.80035358893356,80.94952918037903,29.545454545454547,83.07154895051326,354,255.99609375,1.3828336003662165,1.0,0.21074051823084688,0.20851694821309397,-0.21521649231333656,1.0497410290424407,1.244389839989581,2.7900819184554084,5819.694546231717,3742.0560660454553,1.5552130816633853,9589.799981502043
balanced_interleaved.csv,204,52224.0,52480.0,1,698.3197773972603,699.21875,63.90172835918827,48.25730909705423,30.494505494505496,85.92052229084612,366,255.99609375,1.429709315632868,1.0,0.21044627413650835,0.21147482901431958,-0.21952300830763866,1.0551951989849921,1.2282957315287664,2.6940861258072912,4366.41289955178,2746.218275024645,1.5899729964154417,7121.706411572096
balanced_interleaved.csv,205,52480.0,52736.0,1,670.6036745406824,671.875,60.57825052023336,43.035515563485085,25.526315789473685,89.47162426614481,382,255.99609375,1.4922102693217365,1.0,0.2229198759688975,0.21173015742051757,-0.20434309227252376,1.0673428698812486,1.2333793180205226,2.6915590620236394,4155.610936934074,2394.686412256408,1.7353466055784832,6565.367962690784
balanced_interleaved.csv,206,52736.0,52992.0,0,746.5734649122807,744.140625,87.60086136561063,83.19390379646092,40.17595307917888,80.36717459151828,343,255.99609375,1.3398641947051193,1.0,0.23055127991782318,0.203263604465472,-0.1904774508792602,1.0556955929324066,1.245097627300781,2.8082530226423588,6588.924170991142,4100.429374378317,1.6068863939377362,10701.96747541365
balanced_interleaved.csv,207,52992.0,53248.0,0,760.4944029850747,757.8125,94.22685687046273,88.51798613045229,47.604790419161674,78.89604415823366,337,255.99609375,1.3164263370717937,0.9970238095238095,0.24338218881671578,0.20355025033281626,-0.18501462840479768,1.0576943203167986,1.157189184855666,2.5438861825348056,7900.735072276741,6118.963827735173,1.2911883931173784,14048.873284397969
balanced_interleaved.csv,208,53248.0,53504.0,0,753.9408185840708,750.0,93.26842086436174,80.02638387408533,48.5207100591716,79.5818431911967,340,255.99609375,1.3281452658884565,1.0,0.2280286456834953,0.20789979621249124,-0.2092833650011506,1.0485180771655787,1.117119245315716,2.392615533282064,7445.601729151179,5913.165210689115,1.2591567229834721,13364.57593585085
balanced_interleaved.csv,209,53504.0,53760.0,3,714.8984593837534,714.84375,69.665470220134,48.26794183156349,27.808988764044944,83.92800293865557,358,255.99609375,1.3984588387884336,1.0,0.19500766873529365,0.2099185075399962,-0.22627462389604294,1.048859047437596,1.2890031427923394,2.914634701397353,5660.2651781858785,2087.0699927453084,2.712062938886122,7760.870881541597
balanced_interleaved.csv,210,53760.0,54016.0,3,666.8978459530026,667.96875,79.70932557882084,64.20863687232399,15.18324607329843,89.96880161497522,384,255.99609375,1.500022888532845,1.0,0.1894927138902722,0.2152062988523696,-0.23705729026183786,1.051579746597358,1.2854907662969517,2.8212455958540605,4519.460647784968,2448.305337107389,1.8459546606734099,7006.403876736976
balanced_interleaved.csv,211,54016.0,54272.0,1,764.4086826347306,765.625,82.8540157065903,74.53111129985017,35.73573573573574,78.49204406364748,335,255.99609375,1.3086137178606851,1.0,0.2227146276098798,0.2064353108307916,-0.19697396651767932,1.0561979487201396,1.2411859493566773,2.779056606203202,5479.218224013564,3740.9149286278057,1.4646733028017243,9233.1586380867
balanced_interleaved.csv,212,54272.0,54528.0,2,608.8715692124105,609.375,49.71589061100282,30.37027566750203,12.918660287081341,98.54294901240239,421,255.99609375,1.6445563439383535,0.9976190476190476,0.18555979439112952,0.220249609614174,-0.24740665299162412,1.0622475018231126,1.2743324356447399,2.7849292286788545,3247.087553052836,1285.1778143490412,2.5265667651581167,4533.096777351192
balanced_interleaved.csv,213,54528.0,54784.0,2,619.5388349514564,621.09375,56.06083709528942,48.42931338281433,10.46228710462287,96.84622918707149,414,255.99609375,1.6172121766994736,0.9975786924939467,0.1918177911318739,0.21676110461498246,-0.23488042161697517,1.0604354700213243,1.3084286658010995,2.8803994664725723,3811.242668296918,1492.5800251933754,2.5534595157155087,5323.659301328169
balanced_interleaved.csv,214,54784.0,55040.0,3,617.6875754830918,617.1875,53.13603402978848,32.34796526408879,13.801452784503631,97.13648514473383,416,255.99609375,1.6250247959105821,0.9975903614457832,0.18587084537459891,0.21979536555998397,-0.24941777865584427,1.05967271406315,1.2598254574963155,2.7270898751297956,3554.3815481119227,1406.3831984717353,2.527320826908582,4962.724059970785
balanced_interleaved.csv,215,55040.0,55296.0,3,658.2433956185567,628.90625,101.5879170972052,59.69405893924553,22.739018087855296,91.15169312654858,389,255.99609375,1.5195544365606164,1.0,0.1969165829615484,0.21685921767222457,-0.24083612377775485,1.0581644655089504,1.2087429802628378,2.6284246456605596,5077.420027598562,2850.569860886906,1.7811947348727,7936.198289222626
balanced_interleaved.csv,216,55296.0,55552.0,0,750.9218289085545,757.8125,89.02021608541976,83.6025306626865,46.15384615384615,79.90179229069483,340,255.99609375,1.3281452658884565,1.0,0.22352120651941268,0.20676724109378963,-0.20717945396945125,1.045704764533243,1.1765204280142545,2.5739616310584887,5849.569639996298,5396.682944580002,1.083919455722545,11261.376457134545
balanced_interleaved.csv,217,55552.0,55808.0,2,705.6824067679559,710.9375,78.09248723371827,61.40909193465226,25.48476454293629,85.024083673563,364,255.99609375,1.4218966964217594,0.9972451790633609,0.21267004708022047,0.21060157415403075,-0.21004135588273165,1.0589335179513868,1.2627406185831824,2.784094441760981,4621.674014320623,2562.1245632125524,1.8038443878488402,7216.996677282064
balanced_interleaved.csv,218,55808.0,56064.0,1,641.282584798995,640.625,49.25778027628775,33.791603306885364,15.617128463476071,93.56249713035093,399,255.99609375,1.5586175326161593,1.0,0.2059695983062536,0.2153112800352762,-0.21607705944895889,1.062271508415816,1.270025626508428,2.758869061635738,2788.6852811264466,1573.6744995914091,1.7720851941430737,4362.616503907583
balanced_interleaved.csv,219,56064.0,56320.0,1,627.0059121621622,625.0,54.15424238958131,37.35391258034474,16.00985221674877,95.69287758881966,408,255.99609375,1.593774319066148,1.0,0.2099991050028012,0.21481874473213244,-0.22112098938493766,1.0648781633360438,1.246576545884365,2.7171325803524766,3592.9253841444483,1630.052511924845,2.204177692350382,5223.253985987257
balanced_interleaved.csv,220,56320.0,56576.0,0,753.9292957227138,757.8125,106.80094044226307,68.70274471554087,41.71597633136095,79.58305949961027,340,255.99609375,1.3281452658884565,1.0,0.24537822471019222,0.20083606521192124,-0.18000054464504217,1.0580854210597541,1.1954204661493568,2.7083862932285676,7730.239711929879,4112.852197259545,1.879532582542269,11856.962774232068
balanced_interleaved.csv,221,56576.0,56832.0,0,697.3296618852459,675.78125,105.72101712346084,70.63371974219541,40.821917808219176,86.04251802194776,367,255.99609375,1.4336156252384222,1.0,0.23627488424016418,0.20836807066462798,-0.19947596401661086,1.0527722054202207,1.1279602345932784,2.365441979685177,5857.762624509744,5758.952950760373,1.0171575761417402,11619.928834287583
balanced_interleaved.csv,222,56832.0,57088.0,0,666.9666230366493,656.25,95.99302532167835,82.3236609651934,28.083989501312335,89.9595241015577,383,255.99609375,1.4961165789272908,1.0,0.2078683280841785,0.21494164916096345,-0.2315371006369055,1.0570498339919996,1.1789651818905134,2.5282624180459496,6547.993719251414,4338.497716930027,1.5092767465796555,10892.062105500832
balanced_interleaved.csv,223,57088.0,57344.0,3,655.2984775641025,654.296875,62.07044902574565,35.744902242573524,17.737789203084834,91.56132976690867,392,255.99609375,1.5312733653772794,0.9974424552429667,0.18666586172673444,0.2168991897504079,-0.24291307830350706,1.057866769663352,1.2926163508214121,2.8899500876561266,4577.483148336674,1392.9749481658375,3.2861202237441187,5973.090974415145
balanced_interleaved.csv,224,57344.0,57600.0,3,712.4541724860335,710.9375,70.3826846862345,62.66698248888389,23.249299719887954,84.21594302779692,359,255.99609375,1.4023651483939878,1.0,0.2003522149231502,0.20877745194559152,-0.2210581886751226,1.045068282837768,1.2743422503597217,2.8510680421175865,5648.893772210943,2315.8237823489235,2.4392589001229235,7983.167499689537
balanced_interleaved.csv,225,57600.0,57856.0,1,621.7400395377128,621.09375,46.240605744118845,30.745741017272938,12.682926829268293,96.50335539691518,412,255.99609375,1.609399557488365,1.0,0.20678124362372322,0.21878183288083528,-0.22390173642139463,1.0773737579678593,1.2811904884698901,2.8037107629382607,2545.2032056434996,1373.3935958309742,1.8532219848480653,3918.6807962703792
balanced_interleaved.csv,226,57856.0,58112.0,2,621.863594890511,617.1875,57.09172255950954,48.500616578539244,13.658536585365855,96.48418156808803,412,255.99609375,1.609399557488365,1.0,0.19582411905026154,0.2165211590116293,-0.2286057657386927,1.060431973587948,1.2936744149189012,2.839012434985664,3563.4881142527793,1644.9462612933464,2.1663249420993065,5214.440910942911
balanced_interleaved.csv,227,58112.0,58368.0,2,644.5213857323232,640.625,59.289121887129326,36.23946557566284,17.72151898734177,93.09233382818837,398,255.99609375,1.554711223010605,0.9974811083123426,0.2041914025255175,0.2143364129271114,-0.2227175733466059,1.0624752669010318,1.2758305579459632,2.801257887432481,4535.416210539062,1536.684553513441,2.951429556683829,6075.40422932058
balanced_interleaved.csv,228,58368.0,58624.0,2,677.3707613031914,675.78125,66.30744549701568,41.91268515716135,26.13333333333333,88.5777825493474,378,255.99609375,1.4765850308995194,0.9973474801061007,0.2030513463940885,0.2134047988852648,-0.22746373826107924,1.0549613984088342,1.249267642109197,2.744063931759274,5018.447850935261,2001.0626992542875,2.507891358329465,7021.199445885006
balanced_interleaved.csv,229,58624.0,58880.0,3,709.8741319444445,710.9375,67.67874960242075,50.86195576821879,30.919220055710305,84.52202622970866,361,255.99609375,1.4101777676050966,1.0,0.21157645375444936,0.21184695302511988,-0.22097862352124262,1.0613915648319727,1.2225474254399404,2.7049222825791075,5366.514364907534,2679.2372088568413,2.003000834404387,8050.902102545331
balanced_interleaved.csv,230,58880.0,59136.0,0,734.3412283861671,730.46875,81.90238501415865,66.28693644223193,40.7514450867052,81.70588505817608,349,255.99609375,1.3633020523384451,0.9971264367816092,0.2349000305360389,0.20672335687927362,-0.19648003976436515,1.0565548606681348,1.161308148871795,2.530270741046203,6316.141669493178,4704.227483477333,1.3426522615407892,11025.213028792048
balanced_interleaved.csv,231,59136.0,59392.0,2,729.8549107142857,726.5625,65.81015015904468,48.93221802158755,29.512893982808023,82.2081198868415,351,255.99609375,1.3711146715495537,1.0,0.21297477896976358,0.20900919699134665,-0.2114802946955594,1.0560877769033619,1.253207540729549,2.7849403850534893,5413.846838072671,2348.289333074978,2.3054428437842813,7763.722567255423
balanced_interleaved.csv,232,59392.0,59648.0,1,771.1244335347432,769.53125,78.47045414777024,65.48209435854537,42.12121212121212,77.80845398059442,332,255.99609375,1.2968947890440223,1.0,0.21610662907501432,0.2051787383723394,-0.21018253328802197,1.0392168354020064,1.1940185489398876,2.645581184461528,6612.833945239373,4012.683943019895,1.6479827564646514,10633.64477395745
balanced_interleaved.csv,233,59648.0,59904.0,1,684.9798387096774,677.734375,68.76920112061097,57.663679154710074,23.71967654986523,87.59381898454745,373,255.99609375,1.4570534828717479,1.0,0.1912738214707731,0.21487761981451348,-0.23786360951966015,1.0608169031601455,1.3134329888438756,2.9820765814574015,4308.393008728085,2453.727977452579,1.7558560069894094,6764.31711720043
balanced_interleaved.csv,234,59904.0,60160.0,0,719.7293133802817,714.84375,88.44945227266989,78.23444179381886,37.005649717514125,83.36467458606613,356,255.99609375,1.390646219577325,1.0,0.2303558773824936,0.20821216521137667,-0.21058232233560115,1.059038100445142,1.1559984796366713,2.5663455635422965,7118.426078977064,4295.477841863438,1.6571907343116434,11472.58674843653
balanced_interleaved.csv,235,60160.0,60416.0,0,761.835354477612,757.8125,99.37569856828196,94.44306839036065,52.09580838323353,78.75717456187341,336,255.99609375,1.3125200274662394,1.0,0.24084579541122922,0.20563473098302287,-0.19468601378598926,1.0569364854105616,1.1325807629621476,2.455718426327027,7184.226850067082,6339.675621445224,1.1332167888472076,13539.405462900555
balanced_interleaved.csv,236,60416.0,60672.0,0,753.1342182890855,757.8125,101.53177121760392,86.52385360147117,45.26627218934911,79.66707466340269,340,255.99609375,1.3281452658884565,1.0,0.21758727208304451,0.21018395200642553,-0.22055193831365308,1.0529189379431751,1.1647803799438514,2.532458607604151,6130.723033588071,5811.474466403996,1.0549341770371088,11980.764958433576
balanced_interleaved.csv,237,60672.0,60928.0,3,693.0047425474255,695.3125,73.18504583479802,60.007914698378414,20.108695652173914,86.57949407307832,370,255.99609375,1.445334554055085,1.0,0.18920765348055193,0.21250640519482503,-0.23212050768248466,1.0485150832101242,1.2967937946138126,2.8949231593721985,5303.9395934986,2230.1733207487114,2.378263404082857,7564.771565986503
balanced_interleaved.csv,238,60928.0,61184.0,3,639.4012374686716,640.625,51.303963054083894,30.509416111726658,12.562814070351758,93.8377914899481,400,255.99609375,1.5625238422217136,1.0,0.1915570596902459,0.21739608997152307,-0.23503783449685947,1.05898213390376,1.2892019173405134,2.815631278428767,3568.154196579473,1099.7416906030455,3.244538446680937,4670.59429827694
balanced_interleaved.csv,239,61184.0,61440.0,1,714.5811449579832,710.9375,70.3705049036864,57.97417926644414,32.58426966292135,83.9652717166613,358,255.99609375,1.3984588387884336,1.0,0.22332583996774968,0.20688438630250017,-0.19974661854444656,1.055124798033751,1.2178590583022921,2.6852055023958687,5139.46254784188,3060.6670288529995,1.6791968872771894,8207.300656629477
balanced_interleaved.csv,240,61440.0,61696.0,2,622.5514481707318,617.1875,71.11860508049395,54.874783008646396,14.91442542787286,96.37757678710803,411,255.99609375,1.6054932478828108,1.0,0.20249961528133886,0.21574591268317328,-0.22074389752000179,1.0705473401985177,1.2978580261795416,2.871403067651481,4065.9429915439396,2055.6800715264735,1.9779065078568951,6170.66622925918
balanced_interleaved.csv,241,61696.0,61952.0,2,610.5683174224343,609.375,52.88796378063652,32.89467843520532,13.397129186602871,98.26910156965737,420,255.99609375,1.6406500343327992,1.0,0.19623786485034714,0.2180590601326007,-0.23662174204163938,1.0635798645159962,1.2611843686602322,2.746517243825128,3652.2643950534043,1417.8790446946075,2.5758645694915776,5073.925244354908
balanced_interleaved.csv,242,61952.0,62208.0,2,643.5645517676768,632.8125,72.23060258159391,60.3302800782789,20.506329113924053,93.23074093375433,397,255.99609375,1.5508049134050508,1.0,0.19356842713044614,0.21732249884999108,-0.24241967386108276,1.057907622162698,1.2534676087070453,2.7309411179240692,5078.687946428767,2271.338322275409,2.2359891948377713,7359.733417932575
balanced_interleaved.csv,243,62208.0,62464.0,3,658.0017719072165,656.25,67.41887135659134,44.19818837418105,22.739018087855296,91.18516478472414,389,255.99609375,1.5195544365606164,1.0,0.20141249916721973,0.21727179096535865,-0.23387098070591308,1.0594438112291684,1.2082789161069643,2.605410041379119,4246.561104042166,2329.623654742231,1.8228528438049543,6580.150139456057
balanced_interleaved.csv,244,62464.0,62720.0,0,706.2111533149172,707.03125,80.37890015787511,75.72155681142122,35.73407202216066,84.9604253888702,363,255.99609375,1.4179903868162052,1.0,0.24118745072513492,0.20699510939555946,-0.18728423646770498,1.0541773572767397,1.162938247998818,2.507311930362473,5247.650845566984,4174.145054166938,1.2571798002871015,9437.094947588816
balanced_interleaved.csv,245,62720.0,62976.0,2,709.5269097222222,708.984375,62.84487658557294,45.99120776139549,28.133704735376046,84.56338889738493,361,255.99609375,1.4101777676050966,1.0,0.20640797469642375,0.20960693682604184,-0.21860476383421107,1.0451099995220852,1.2415249036866178,2.7399118403339457,4832.245415684564,2215.8153594160294,2.1807978697999846,7050.159069001394
balanced_interleaved.csv,246,62976.0,63232.0,1,652.8632512787724,648.4375,58.664181894191124,43.147755051979715,20.256410256410255,91.90286002846256,392,255.99609375,1.5312733653772794,1.0,0.1913408761858374,0.21807475520522088,-0.24256097141986385,1.0617192471727268,1.2732818971062605,2.7847423444083326,3494.176766776302,1998.049587432529,1.748793818108528,5493.986319583169
balanced_interleaved.csv,247,63232.0,63488.0,1,747.8693181818181,750.0,84.18653674157828,65.8647363013887,30.58823529411765,80.22792022792024,342,255.99609375,1.335957885099565,1.0,0.22066225560799643,0.20522742094867225,-0.19505483869649248,1.0587908199252272,1.2963586329830539,2.9539143473714162,5984.815102989302,2641.2930629968087,2.265865604553149,8629.243131922489
balanced_interleaved.csv,248,63488.0,63744.0,0,687.7421664420485,679.6875,90.33848939980086,72.10608873840224,34.054054054054056,87.24199696872273,373,255.99609375,1.4570534828717479,0.9973118279569892,0.21349566568240377,0.2129702366803807,-0.2189234287354723,1.0638288227228696,1.2174394844013108,2.6571952306715945,5743.232053696763,4136.904346563697,1.3882922041616348,9917.142704245745
balanced_interleaved.csv,249,63744.0,64000.0,0,677.5323275862069,671.875,77.49110178747503,60.34277326819241,39.62765957446808,88.55666003976144,378,255.99609375,1.4765850308995194,1.0,0.22260719803175297,0.2125336868025431,-0.21799798206398974,1.062955361214161,1.151546543226501,2.5037804961233636,5390.3250539783285,4146.762842827239,1.2998874684386907,9548.853693963712
balanced_interleaved.csv,250,64000.0,64256.0,0,680.59375,675.78125,95.54212608470024,71.649737917902,27.807486631016044,88.15831764543826,376,255.99609375,1.4687724116884109,1.0,0.22236342560535552,0.21167140596609285,-0.2124259975898024,1.057244947006331,1.1609758882989225,2.5056509756993055,5435.81529597576,4190.657427985417,1.2971270950651126,9662.766213744588
balanced_interleaved.csv,251,64256.0,64512.0,3,595.8988927738927,593.75,46.45487337953875,28.547413388387646,7.009345794392523,100.68822199132083,430,255.99609375,1.6797131303883421,1.0,0.17522609281275803,0.2223509027987081,-0.25440725257956776,1.0581801053145938,1.2923172073750533,2.7858548677901744,2544.2638261629822,952.5351093804957,2.6710446692276846,3506.0218085306587
balanced_interleaved.csv,252,64512.0,64768.0,3,691.3639058265583,691.40625,66.72578518453699,58.18756403086889,17.391304347826086,86.78497603699337,370,255.99609375,1.445334554055085,1.0,0.19408192899222887,0.21105256281902282,-0.22596686122339732,1.043451013122883,1.276100395748097,2.814420938152721,5448.651316471438,2030.4691259001008,2.683444553266018,7519.745389467436
balanced_interleaved.csv,253,64768.0,65024.0,1,628.359183046683,625.0,49.46722952434278,33.69274832565594,14.285714285714285,95.4867878417596,408,255.99609375,1.593774319066148,1.0,0.19428063346417052,0.21930949303420438,-0.24217280014432568,1.0691787417314698,1.2827218806770786,2.8088561496120192,3032.2567646075304,1347.607699327027,2.2501034730818095,4385.041055446839
balanced_interleaved.csv,254,65024.0,65280.0,2,645.9157436708861,644.53125,64.23098536952591,54.98025170828963,18.02030456852792,92.89137257904004,396,255.99609375,1.5468986037994965,1.0,0.19767544106587256,0.21469141925291124,-0.23064155430763272,1.0598294630923553,1.2834658830107752,2.838935830546559,4691.789639082792,2004.3838610703804,2.340764027394076,6729.71712494454
balanced_interleaved.csv,255,65280.0,65536.0,2,658.4648840206186,652.34375,71.59978753185649,69.34867780987402,24.54780361757106,91.1210323527613,389,255.99609375,1.5195544365606164,1.0,0.1997512894138182,0.21571662011600867,-0.23699448088279798,1.0573862921107002,1.240522040655036,2.7117346745560686,5147.659607780876,2750.078099048683,1.8718230618837965,7906.898563567823
balanced_interleaved.csv,256,65536.0,65792.0,2,682.9984124331551,675.78125,70.22293573332401,47.47593604546514,26.273458445040216,87.84793479424404,375,255.99609375,1.4648661020828564,1.0,0.20080856637931563,0.21307587693362062,-0.22838477720557768,1.051565748026999,1.2448575813043428,2.7369764574991287,5441.101839988155,2054.2153175517806,2.6487495217749983,7496.5830179849145
balanced_interleaved.csv,257,65792.0,66048.0,3,710.752524373259,707.03125,90.43674304667098,70.14468986033923,26.256983240223462,84.41756862264816,361,255.99609375,1.4101777676050966,0.9972222222222222,0.19626358695812937,0.211702631398991,-0.23467587218398253,1.0508274219913587,1.2535677012762643,2.801164048927152,6242.867639824609,3468.5347822520857,1.799857297602527,9744.877542840162
balanced_interleaved.csv,258,66048.0,66304.0,0,759.5796130952381,765.625,107.20614958996443,83.887849663278,46.26865671641791,78.99106158932288,338,255.99609375,1.320332646677348,0.9970326409495549,0.218353764632935,0.20706753983775666,-0.2096013856466853,1.04661126927668,1.17717178404058,2.589648773970832,6594.243496070909,5511.2454112142,1.196506960596064,12124.028310502666
balanced_interleaved.csv,259,66304.0,66560.0,2,636.8161627182045,636.71875,60.873536211291054,53.75672764037598,16.0,94.21871414804276,402,255.99609375,1.5703364614328221,1.0,0.2074788348128137,0.21472716054723365,-0.2209768577656738,1.0657291787004406,1.2622241729281838,2.763193412670489,4235.092871940822,2008.3542774421871,2.1087379450475137,6255.7185106780225
balanced_interleaved.csv,260,66560.0,66816.0,1,634.8530783582089,628.90625,65.2476172671437,52.87372558218006,15.710723192019952,94.51005601983654,403,255.99609375,1.5742427710383764,1.0,0.20527437281519706,0.2169157747583745,-0.22228832014062308,1.0762260003133755,1.304315370154449,2.899080433702281,3882.8839686009637,1964.5702733655332,1.9764546075255125,5849.64459020415
balanced_interleaved.csv,261,66816.0,67072.0,1,722.9107648725212,722.65625,99.17530840926463,79.51968878060455,35.51136363636363,82.99779573842763,354,255.99609375,1.3828336003662165,1.0,0.23297723684367233,0.20448160297760937,-0.18933375516282824,1.062064677774748,1.2365312998847742,2.7953869874345063,7444.515600234229,3551.536285756692,2.0961395298395766,11012.119038321793
balanced_interleaved.csv,262,67072.0,67328.0,0,705.1320787292817,699.21875,85.54025907067869,69.2271695557182,40.7202216066482,85.09044164906804,363,255.99609375,1.4179903868162052,1.0,0.22726795529437777,0.2078247896377209,-0.19773171093099134,1.0518781144488913,1.1736935318941837,2.525974824168144,5792.668819276451,4275.851781765777,1.354740321911786,10076.254073148923
balanced_interleaved.csv,263,67328.0,67584.0,0,682.1524064171123,675.78125,85.5460501568851,73.24084351425525,38.069705093833775,87.95688388045076,375,255.99609375,1.4648661020828564,1.0,0.22003446355539732,0.21110461470381864,-0.21757111642736388,1.0570504622583505,1.1725494307813276,2.5479437209455433,5693.141673023633,4656.871755305603,1.2225248991530422,10385.61776575709
balanced_interleaved.csv,264,67584.0,67840.0,0,649.8986164122138,648.4375,62.273515190092695,44.444488127464226,26.785714285714285,92.32209222298692,395,255.99609375,1.5429922941939422,0.9974619289340102,0.2130863851315875,0.21449370162592665,-0.21952220598973296,1.058112032482183,1.2082439785360917,2.587103344673639,3891.0634080525238,2786.2650609125044,1.3965158816506125,6679.277867696409
balanced_interleaved.csv,265,67840.0,68096.0,3,622.0536800486618,625.0,54.46798962001312,48.566180002490405,8.292682926829269,96.45469824293353,412,255.99609375,1.609399557488365,1.0,0.18933484331906747,0.21847618767092725,-0.24008986367977495,1.0585892918931592,1.2863067216313666,2.817828460834556,3491.6540469969596,1501.7970537136873,2.324983950636137,5007.092035842346
balanced_interleaved.csv,266,68096.0,68352.0,3,598.9033157276996,597.65625,43.81747937436302,31.202284343516844,4.941176470588235,100.18311541170345,427,255.99609375,1.6679942015716793,1.0,0.16321925587379804,0.22470573968423885,-0.27072994592485694,1.055833212842959,1.3053601661597,2.838608399391389,2514.5776724809707,788.4548907427939,3.1892473520102302,3304.766152652219
balanced_interleaved.csv,267,68352.0,68608.0,1,735.0166606628242,746.09375,95.3298672401115,49.71312323288408,28.034682080924856,81.6308026894154,348,255.99609375,1.3593957427328909,1.0,0.21577882211531088,0.20742526470741365,-0.20679058788356022,1.0573660028309635,1.2652741137908083,2.8691489674170363,5561.3540724391505,2245.3843957346944,2.4767937654699272,7814.048598700499
balanced_interleaved.csv,268,68608.0,68864.0,2,713.9271997206704,707.03125,80.45540896768519,69.49008898364954,28.851540616246496,84.04218248509858,359,255.99609375,1.4023651483939878,1.0,0.20374017938885025,0.2105719707742938,-0.21965122143435606,1.0506283036185118,1.2530387700459793,2.7582693194727304,6298.900791082736,3179.87738608162,1.9808627900727043,9485.112798463866
balanced_interleaved.csv,269,68864.0,69120.0,2,658.2735985824743,656.25,68.18500038309037,53.4020317073384,24.8062015503876,91.14751089699472,389,255.99609375,1.5195544365606164,1.0,0.2031829664850301,0.21400813073891453,-0.22624271596047524,1.059456667049021,1.255092428045205,2.758659871846837,4472.545569621648,2290.6215499545733,1.952546709302698,6767.409201226887
balanced_interleaved.csv,270,69120.0,69376.0,2,638.764880952381,636.71875,66.51859786773544,55.5261846334023,16.331658291457288,93.93127548048922,401,255.99609375,1.5664301518272679,0.9975,0.19536617146375224,0.21761901554464175,-0.24686480104041225,1.0603282413261694,1.2439221820778812,2.7223009347528206,4290.375072311077,2173.827846324034,1.9736498819656518,6488.055169610333
balanced_interleaved.csv,271,69376.0,69632.0,3,639.4140625,625.0,82.94977089068351,73.04260544915165,18.045112781954884,93.83590934082717,401,255.99609375,1.5664301518272679,1.0,0.18318494578068178,0.2204963959691985,-0.2517079249033493,1.0603320011551023,1.2592360284736326,2.7524789026232375,5684.72136019218,2796.7277461289327,2.032633089888939,8487.440312250179
balanced_interleaved.csv,272,69632.0,69888.0,0,647.8426395939086,644.53125,64.3634899845476,58.340738728473994,23.66412213740458,92.615083251714,395,255.99609375,1.5429922941939422,1.0,0.22869132831219358,0.21123206061935013,-0.20026511091423876,1.0645034412677932,1.2014052073409986,2.573951146300171,3897.418449278961,2959.1885338924576,1.3170564851278246,6876.99474741507
balanced_interleaved.csv,273,69888.0,70144.0,2,654.4170673076923,654.296875,56.85762437689583,40.54466362115135,19.794344473007712,91.6846503512558,391,255.99609375,1.527367055771725,1.0,0.204654437260328,0.2125589526870487,-0.21974236077979892,1.0521483858601182,1.258298921346294,2.733927682456039,3793.208943411781,1889.5736038149914,2.0074417507491678,5701.078474394944
balanced_interleaved.csv,274,70144.0,70400.0,1,714.3404236694678,710.9375,68.71555009328306,52.25386116687369,30.61797752808989,83.99356666921958,358,255.99609375,1.3984588387884336,1.0,0.22185573159525335,0.20495676902149293,-0.19346638022681492,1.0551375413197344,1.2789151897961328,2.886152669619646,5541.038294197867,2387.2252870978373,2.3211208109034978,7931.226963856946
balanced_interleaved.csv,275,70400.0,70656.0,1,737.0879863112392,730.46875,80.04097578129159,73.49985534526532,35.26011560693642,81.40140812804496,348,255.99609375,1.3593957427328909,1.0,0.20377496657922695,0.21122570614688102,-0.22749460786893885,1.056826075619631,1.243388252298019,2.7649065684534673,6711.564622183049,3615.3110215973975,1.8564280035905725,10368.493379337593
balanced_interleaved.csv,276,70656.0,70912.0,1,699.8411744505495,703.125,80.59821642155107,70.89091698662371,41.59779614325069,85.73373815438403,365,255.99609375,1.4258030060273137,1.0,0.21838262456010418,0.21201618359297125,-0.2201236602526161,1.059660856649117,1.170804015465649,2.554487059279051,5095.568195150217,4088.457040213091,1.2463303747676495,9218.561730506704
balanced_interleaved.csv,277,70912.0,71168.0,0,714.9750525210084,707.03125,90.29715750365976,80.53339852550582,40.73033707865169,83.91901198292089,358,255.99609375,1.3984588387884336,1.0,0.23929348674022405,0.20744776973176132,-0.1975219612284658,1.061612062384409,1.1563874940044339,2.533087461460142,5953.670766212665,5356.957493035702,1.1113903319099914,11338.86900338686
balanced_interleaved.csv,278,71168.0,71424.0,0,718.0696980337078,722.65625,88.25334782968856,73.72017955763323,37.183098591549296,83.55734849179427,357,255.99609375,1.3945525291828793,1.0,0.21609381179470535,0.21071899631196184,-0.21735714039854412,1.0500165514587334,1.1811184735148794,2.5590363778266463,5504.929911136137,4442.832016643294,1.2390587558823105,9978.107715307982
balanced_interleaved.csv,279,71424.0,71680.0,3,650.031887755102,652.34375,49.26215499826785,30.83071197703727,11.76470588235294,92.30316409124356,393,255.99609375,1.5351796749828337,1.0,0.1818895177597199,0.2195381782712635,-0.24957585418412323,1.062165469781691,1.3042640860983201,2.889552641975806,3324.7796357089296,1090.779120825334,3.0480778117509684,4420.954048280369
balanced_interleaved.csv,280,71680.0,71936.0,3,591.7516637731482,589.84375,51.96959705912451,32.48210043014642,6.0324825986078885,101.393884754672,433,255.99609375,1.691432059205005,1.0,0.18577816511180933,0.22123288390643703,-0.2431720723703077,1.064949052466837,1.2849890303237768,2.7682555140694927,2927.284508078116,1105.9078933172082,2.6469514556927765,4042.6833914726303
balanced_interleaved.csv,281,71936.0,72192.0,1,639.1369047619048,640.625,68.17027732194182,59.80480039136337,14.572864321608039,93.8766006984866,400,255.99609375,1.5625238422217136,1.0,0.20743535870840188,0.2136459173861437,-0.2161263714014656,1.0625730053887137,1.2930622650912336,2.8620190110134516,4205.924302824638,1898.3644042677165,2.2155516050392077,6114.603677909117
balanced_interleaved.csv,282,72192.0,72448.0,2,632.8511757425742,628.90625,66.06296296981753,56.90713842098,22.084367245657567,94.80902035079143,405,255.99609375,1.582055390249485,1.0,0.20309551250340468,0.21689204583909197,-0.234047684970923,1.0623621952756,1.2430902874870158,2.6832153630156723,4534.186576625681,2545.146978944145,1.7815028421292547,7104.823587966369
balanced_interleaved.csv,283,72448.0,72704.0,2,640.7820351758794,636.71875,69.28035555669248,40.046831288839364,19.395465994962215,93.63558387452518,400,255.99609375,1.5625238422217136,0.9974937343358395,0.19246834607627913,0.21728976123832397,-0.24333997580440617,1.0556048130755162,1.2482769454550322,2.7221238131658767,4490.008880709175,1881.647656665508,2.3862112892410354,6379.280123668361
balanced_interleaved.csv,284,72704.0,72960.0,2,634.1985887096774,628.90625,62.16698989920986,55.365571299741,15.92039800995025,94.60758990661633,404,255.99609375,1.5781490806439307,1.0,0.1855083210733449,0.21781693169428956,-0.24136165571364032,1.0547581304762537,1.2803670127291598,2.791004359793635,3900.107070519012,2097.4137285015454,1.8594839051164997,6035.956771572963
balanced_interleaved.csv,285,72960.0,73216.0,3,622.0156630170317,621.09375,64.88692679379866,63.34931693834495,10.24390243902439,96.46059346636922,412,255.99609375,1.609399557488365,1.0,0.18702601417472567,0.2196343870504347,-0.24134892993842266,1.0616207457102986,1.287168490727412,2.8041211707669342,3684.159025799897,2238.878342796288,1.6455378371289702,5944.681719126609
balanced_interleaved.csv,286,73216.0,73472.0,0,689.769847972973,683.59375,76.11154257168862,69.04935433189013,34.417344173441734,86.98553608326317,371,255.99609375,1.4492408636606393,1.0,0.24207913590155203,0.20684657928910616,-0.18535588870830058,1.0610098520575175,1.1790591311274412,2.558485732388335,4827.765527143925,3917.7672396560292,1.2322747197119837,8773.921374229076
balanced_interleaved.csv,287,73472.0,73728.0,2,751.9012721238938,750.0,72.9248596864596,58.15137493517209,35.50295857988166,79.79771045009424,340,255.99609375,1.3281452658884565,1.0,0.2197519512661119,0.2052852057665991,-0.2023350465508561,1.0520460080760783,1.2475609565465666,2.820627976359326,6124.10496155978,2997.1426769218588,2.043314457037925,9123.823161094446
balanced_interleaved.csv,288,73728.0,73984.0,1,697.3083162568306,697.265625,76.06538544506552,62.916660169833946,24.10958904109589,86.04515190939007,368,255.99609375,1.4375219348439765,0.997275204359673,0.20848926154746303,0.20959590216255358,-0.21238548579712563,1.0564324201234816,1.2932831904290898,2.904346731179528,5610.575315278606,2599.3662561063134,2.158439697406434,8247.791942770971
balanced_interleaved.csv,289,73984.0,74240.0,1,666.4796834203655,660.15625,74.80371287952867,64.74637175812224,31.675392670157066,90.02524982019068,384,255.99609375,1.500022888532845,1.0,0.21378572582579639,0.21291453677375496,-0.22126562819211643,1.0608508924808533,1.218895224417439,2.6562103500083225,5113.755549799995,3409.1220943975964,1.50002123954543,8555.942535605947
balanced_interleaved.csv,290,74240.0,74496.0,1,708.7673611111111,687.5,102.3215141472197,77.68690274641172,40.11142061281337,84.65401102265768,361,255.99609375,1.4101777676050966,1.0,0.2317922344943707,0.2085610753842923,-0.20326574128572866,1.0571742008166758,1.1466162894206129,2.4908300949278788,6987.157359429318,4545.415842318912,1.5371877077510063,11539.61828285901
balanced_interleaved.csv,291,74496.0,74752.0,0,769.9797016616315,769.53125,104.02562898060887,107.42133694768832,49.3939393939394,77.92413211740363,332,255.99609375,1.2968947890440223,1.0,0.25049203922022956,0.2013344442510677,-0.1775730258917826,1.0537448786497263,1.1393361053067366,2.4923872681660075,7754.336392547955,7568.193739719539,1.024595386855849,15358.664578073613
balanced_interleaved.csv,292,74752.0,75008.0,0,778.4036775914634,777.34375,92.61446425674414,91.87798109917874,47.09480122324159,77.08082801670722,330,255.99609375,1.2890821698329138,0.9969604863221885,0.25146326168823374,0.20066519915600964,-0.17359080806118732,1.0537971413813827,1.1489105015385734,2.517758483347621,7143.333592283443,6322.343907808074,1.1298552714700398,13504.724123905075
balanced_interleaved.csv,293,75008.0,75264.0,3,670.7677165354331,671.875,55.3593981772597,34.5281520252382,15.526315789473685,89.44974321349963,382,255.99609375,1.4922102693217365,1.0,0.18780100634991073,0.21411616617607718,-0.23930134925864785,1.0479612951463548,1.283749668521829,2.8458596092046538,4278.032188812627,1288.951740840034,3.3190010558692857,5567.26808727008
balanced_interleaved.csv,294,75264.0,75520.0,3,667.2222676701571,664.0625,56.94941246485954,35.59607045608223,16.79790026246719,89.92505632270226,383,255.99609375,1.4961165789272908,1.0,0.19566457793780487,0.21558709643300472,-0.23334655646388927,1.0647124033394424,1.307311335847411,2.92003099690612,4603.081630963206,1137.3606766935493,4.04716087454768,5742.329154476562
balanced_interleaved.csv,295,75520.0,75776.0,1,679.1472739361702,675.78125,68.03451335724459,44.84084630552632,22.933333333333334,88.3460808909013,377,255.99609375,1.4726787212939652,1.0,0.21695536870107204,0.21015050160707288,-0.20510466751294948,1.0613308023553376,1.2708201097158018,2.82087788505521,5441.619493483944,1862.356122095268,2.9219006123070486,7313.38746265277
balanced_interleaved.csv,296,75776.0,76032.0,2,668.8992964659686,664.0625,72.2739574067014,63.504061180989346,29.133858267716533,89.69960099674375,383,255.99609375,1.4961165789272908,1.0,0.21340773734873633,0.21337440054526438,-0.22142753490105194,1.0632660896851858,1.2136835831774115,2.644115139608994,5127.004697156874,3126.905100922257,1.6396419244206364,8281.990321904157
balanced_interleaved.csv,297,76032.0,76288.0,2,637.1571072319202,636.71875,69.40658541078368,62.87970596205901,18.5,94.16829745596868,402,255.99609375,1.5703364614328221,1.0,0.20068391743413447,0.21651520606759037,-0.23056492267051157,1.0613320745042911,1.2507586631113272,2.7227016204895156,4302.90337162409,2472.4564906002256,1.74033532560951,6784.222080403199
balanced_interleaved.csv,298,76288.0,76544.0,2,615.4419535024155,609.375,59.25004814102248,50.453885794680744,15.012106537530268,97.49091633832616,416,255.99609375,1.6250247959105821,0.9975903614457832,0.19628496490064046,0.2182411275385754,-0.2333130255634157,1.0709198755265648,1.2885134490273005,2.8439131195985325,3766.3433009335763,1812.4456213609262,2.078044856377821,5600.329705288224
balanced_interleaved.csv,299,76544.0,76800.0,3,654.0421195652174,648.4375,64.49214138031735,54.89885896396091,12.564102564102564,91.73721111399637,392,255.99609375,1.5312733653772794,1.0,0.18688891050451495,0.2174047069482114,-0.23914741038758328,1.0617429015405546,1.3070437068747518,2.8831327016753203,4413.22925371229,1768.1218808829449,2.4959983253577867,6199.753376464666
balanced_interleaved.csv,300,76800.0,77056.0,0,676.3082837301587,675.78125,63.053220511354276,48.76166315670564,30.238726790450926,88.71693788677516,379,255.99609375,1.4804913405050737,1.0,0.21557109514537753,0.21287246969341572,-0.21952391559702147,1.0555651807968722,1.194650538057023,2.580753167696308,3910.6491323496293,3105.709489325245,1.2591805981181026,7016.4551331968205
balanced_interleaved.csv,301,77056.0,77312.0,2,682.3717413101605,671.875,80.60084910468294,58.91785085435692,23.056300268096514,87.92861188067286,375,255.99609375,1.4648661020828564,1.0,0.2045056926911174,0.2122223740584813,-0.21898818748883583,1.0616862889828318,1.2712364508786984,2.82269840133921,5457.188712073616,2679.099675713356,2.0369487412298484,8147.762388121475
balanced_interleaved.csv,302,77312.0,77568.0,1,703.8675103305785,699.21875,93.56364841301902,48.65451699059986,29.005524861878452,85.24331514011833,365,255.99609375,1.4258030060273137,0.9972527472527473,0.21424837459045978,0.20785090256627298,-0.2089051385964148,1.0490571612911253,1.2447774281799355,2.7690520570740595,6261.007392029136,2360.741603805998,2.652135829662642,8625.86300803111
balanced_interleaved.csv,303,77568.0,77824.0,1,725.8613782051282,722.65625,84.59938652635314,77.63686791034638,39.714285714285715,82.6604112046364,352,255.99609375,1.375020981155108,1.0,0.22079869310887426,0.2088343924928661,-0.2111418369197304,1.0540291144625387,1.197187278617562,2.60969235016766,6143.911277512504,4592.939685886585,1.337686035022803,10775.87198428061
balanced_interleaved.csv,304,77824.0,78080.0,1,680.6666666666666,679.6875,71.51792009804926,60.03681977463,31.016042780748666,88.1488736532811,376,255.99609375,1.4687724116884109,1.0,0.21633835191289938,0.21209931466946927,-0.21595603538192512,1.0631253185818919,1.223767833907228,2.682774080778298,4161.210962004544,3062.907186560076,1.35858212754986,7229.902199279347
balanced_interleaved.csv,305,78080.0,78336.0,0,646.2816455696203,640.625,63.34985617493669,46.39625379976411,28.426395939086298,92.83878075651853,397,255.99609375,1.5508049134050508,0.9974747474747475,0.2212494860333361,0.21227363004082347,-0.2122096572786785,1.0607955706595444,1.2064719248071816,2.623960240781927,3993.2898210899493,3030.395972639699,1.3177452244339867,7024.426037613306
balanced_interleaved.csv,306,78336.0,78592.0,0,652.7124521683673,648.4375,66.25872985642575,60.05315665009879,25.831202046035806,91.92409276194256,393,255.99609375,1.5351796749828337,1.0,0.23007684564171055,0.21123387435294405,-0.1963592374794541,1.0657325941368325,1.2070688717561362,2.608044837872047,4091.016172505925,3107.0480765963202,1.3166890474985868,7219.2143980891815
balanced_interleaved.csv,307,78592.0,78848.0,3,671.4432565789474,671.875,62.97339818037345,57.20407059297443,17.678100263852244,89.3597476958878,381,255.99609375,1.4883039597161822,1.0,0.18835550606093898,0.2140199116727603,-0.23999443458131497,1.0473872775434263,1.2775106502982743,2.8328941022712746,4772.522761329369,1895.9236196327638,2.5172547627492485,6682.468952058801
balanced_interleaved.csv,308,78848.0,79104.0,3,605.5336995249406,597.65625,68.43211574433967,54.79203179338101,8.095238095238095,99.0861450767675,422,255.99609375,1.6484626535439078,1.0,0.17736249782396146,0.22157821798488467,-0.25019521270324596,1.0655097444077117,1.332205550699389,2.9382924153723664,3728.020377144643,1549.9926778521558,2.4051857988842937,5301.4862108343195
balanced_interleaved.csv,309,79104.0,79360.0,1,650.0675890585242,648.4375,69.48428769005282,36.9801303978807,17.857142857142858,92.29809485948442,395,255.99609375,1.5429922941939422,0.9974619289340102,0.19949554927934252,0.2147134633338258,-0.23443913941600644,1.0608407899912773,1.2481278543704417,2.778462083101526,4843.445179078381,1609.5669897470991,3.0091603579913135,6458.042358632513
balanced_interleaved.csv,310,79360.0,79616.0,1,723.4640580736544,710.9375,86.12894312457873,63.16713261007359,40.340909090909086,82.93432041359479,354,255.99609375,1.3828336003662165,1.0,0.21134173522109012,0.20966157236947291,-0.2240966208203064,1.0503413648941573,1.1927208895876087,2.642089674365649,7043.935197845356,3477.0243273763217,2.025851571524821,10522.81411831795
balanced_interleaved.csv,311,79616.0,79872.0,2,724.5427911931819,722.65625,83.71118101346369,71.29700856151713,36.46723646723647,82.8108439270945,353,255.99609375,1.3789272907606622,1.0,0.198520766863368,0.21039962303335394,-0.22873165683067836,1.0457081054978958,1.2421210071810367,2.777114797882607,5852.382641441997,3430.883686147315,1.7057945348225683,9303.01107503038
balanced_interleaved.csv,312,79872.0,80128.0,2,703.6415289256198,703.125,76.18104738205373,65.21816102012825,27.624309392265197,85.2706918700679,364,255.99609375,1.4218966964217594,1.0,0.19577275704522595,0.2121317811291067,-0.23129486865706853,1.049881792239967,1.2614624883911454,2.8100200740933827,5636.733175135278,2838.171404952154,1.9860439596072608,8483.63102808228
balanced_interleaved.csv,313,80128.0,80384.0,3,744.7840743440233,746.09375,65.6604670023304,46.5770869356627,28.07017543859649,80.56026178170586,344,255.99609375,1.3437705043106738,1.0,0.20959106819223466,0.20797296023038292,-0.20736897601731116,1.0537744512087275,1.2835583207981365,2.886840810898355,5917.731176983961,1845.8031755587758,3.206046698447411,7765.577244215876
balanced_interleaved.csv,314,80384.0,80640.0,0,788.8937114197531,785.15625,84.04921837225204,76.62797517822627,48.60681114551084,76.05587309349879,325,255.99609375,1.2695506218051422,1.0,0.25155954695047433,0.20008693322274057,-0.17368932775383153,1.0469173194080683,1.1351173898652607,2.4696233799051353,5847.049700537825,5552.574374487622,1.0530340174105954,11425.780251159049
balanced_interleaved.csv,315,80640.0,80896.0,2,685.4208669354839,679.6875,70.6720847293042,50.00097063052991,21.563342318059302,87.53745748690136,373,255.99609375,1.4570534828717479,1.0,0.2018339192216539,0.2124779674448308,-0.2267517412178419,1.0547863202128018,1.240965988908828,2.7433764275420254,4510.898566027924,2594.3687950347194,1.7387268050175406,7120.702190425037
balanced_interleaved.csv,316,80896.0,81152.0,1,710.6981197771588,703.125,79.83695496585463,51.00026296731039,32.960893854748605,84.42403086533162,360,255.99609375,1.4062714579995423,1.0,0.21181876655055637,0.20991039133703188,-0.22702359682112352,1.0550001861151146,1.2139541766001924,2.7137759644186294,6280.809384780315,2704.1226061115785,2.3226792197162505,8993.494031422197
balanced_interleaved.csv,317,81152.0,81408.0,1,734.375,730.46875,84.33689897875854,78.63560336615018,45.3757225433526,81.70212765957447,348,255.99609375,1.3593957427328909,1.0,0.22484014272368205,0.2069245392583025,-0.20024185220485627,1.0521249323281232,1.1945546043987971,2.622985011386011,6644.63285317762,4692.797838069837,1.4159213932621864,11370.340846533672
balanced_interleaved.csv,318,81408.0,81664.0,1,685.395023458445,691.40625,80.70054378758036,65.95970543119789,34.13978494623656,87.54075817073357,375,255.99609375,1.4648661020828564,0.9973262032085561,0.2232393870394044,0.20949599202820937,-0.20687523390233378,1.0607223269384851,1.2120934036751816,2.6608928296650323,4700.027125984297,3712.437360252053,1.2660219338125591,8436.320741384787
balanced_interleaved.csv,319,81664.0,81920.0,0,671.032072368421,660.15625,90.48525057803553,58.86043093904971,29.023746701846964,89.41450412083704,381,255.99609375,1.4883039597161822,1.0,0.2287607907598491,0.21055143353095565,-0.2032883941527891,1.0578647630539886,1.163913085972464,2.5209252002751095,5086.250541977481,4114.518850740121,1.236171403385979,9208.465820271009
balanced_interleaved.csv,320,81920.0,82176.0,0,743.8226744186046,744.140625,80.7844213469865,64.37482474978977,41.98250728862974,80.66438690766977,345,255.99609375,1.347676813916228,1.0,0.24468767382858136,0.2027376695284654,-0.17501734572682098,1.0461529027250926,1.1526501296706653,2.4768945010406336,5493.417000351342,4410.2091526504655,1.2456137135922194,9904.54880808453
balanced_interleaved.csv,321,82176.0,82432.0,3,703.9450966850828,708.984375,65.27283659859894,41.9810822963823,23.822714681440445,85.23391992151574,363,255.99609375,1.4179903868162052,1.0,0.1794376119821186,0.21271938411984886,-0.25047229500883217,1.041059561916899,1.2733412569320575,2.8607039442353352,5414.7397332202945,1754.5548667939486,3.086104536083562,7176.844187361305
balanced_interleaved.csv,322,82432.0,82688.0,3,651.2276785714286,652.34375,57.0101841371212,37.8230058089295,13.554987212276215,92.13367609254499,393,255.99609375,1.5351796749828337,1.0,0.18953510609652718,0.21441363250935352,-0.22884915826480517,1.054753041095948,1.3160548582968932,2.9131463928120302,4134.0404457311815,1046.6338384331923,3.9498440561790242,5186.186340240303
balanced_interleaved.csv,323,82688.0,82944.0,1,698.610399590164,693.359375,84.99889313445314,61.21081849330818,26.575342465753426,85.88477932077546,368,255.99609375,1.4375219348439765,0.997275204359673,0.20000772186353846,0.21289679741118347,-0.23005519860914397,1.056768310721758,1.261321929614911,2.8006079122105714,5689.091587447518,2556.723304703982,2.2251495017002636,8269.36344750228
balanced_interleaved.csv,324,82944.0,83200.0,1,714.624912464986,710.9375,83.82751908867826,72.03036885337507,35.39325842696629,83.9601292278483,359,255.99609375,1.4023651483939878,0.9972067039106145,0.20138986980925663,0.213093317656665,-0.23437933244256307,1.055568444207673,1.2314925913382653,2.719817885684855,5593.548406158955,3764.3995302881212,1.4859072107393536,9393.304789815707
balanced_interleaved.csv,325,83200.0,83456.0,2,643.0356580604534,648.4375,62.0538383917545,35.44007206229883,17.424242424242426,93.30742276559606,398,255.99609375,1.554711223010605,1.0,0.1905035231470186,0.21608077397886358,-0.24049523041340898,1.0548755813928066,1.2707587257517439,2.8167867884526885,3327.361431823723,1731.1094211071695,1.9220976971494008,5063.470964595448
balanced_interleaved.csv,326,83456.0,83712.0,2,631.7585860148515,625.0,75.28612045634387,59.41576007642949,14.888337468982629,94.97298703683863,405,255.99609375,1.582055390249485,1.0,0.19534650803592904,0.2164918613930846,-0.23093647508521659,1.0590376391760954,1.2781010247106908,2.8011917240474986,4372.38644336863,2234.641838454698,1.9566385843702936,6645.55471104954
balanced_interleaved.csv,327,83712.0,83968.0,3,587.1138649425287,585.9375,49.56672420618761,44.217238640697055,5.0691244239631335,102.19482724338876,436,255.99609375,1.7031509880216678,1.0,0.18468864749272984,0.22153583153801887,-0.24088786207665505,1.0642555488904568,1.2888641329323625,2.7769132030093564,2851.9151250340033,1201.1266400060204,2.374366723745057,4070.7238720829982
balanced_interleaved.csv,328,83968.0,84224.0,0,679.3342752659574,679.6875,73.09509202195699,50.451654741404006,29.333333333333332,88.3217617372687,377,255.99609375,1.4726787212939652,1.0,0.2218575242704679,0.2106637992090936,-0.21310420636780383,1.0594209104205496,1.196537773033953,2.6236365227307976,4763.2736894177415,2875.6570906608463,1.6564122700468114,7643.367965411527
balanced_interleaved.csv,329,84224.0,84480.0,2,625.7563572303922,621.09375,68.0421775549017,55.20877397912632,16.953316953316953,95.88396395293685,409,255.99609375,1.5976806286717022,1.0,0.1952734584020994,0.21752309763017763,-0.23691203152448742,1.0614896159087914,1.2593712894588711,2.7315532191876777,4180.09643379388,2135.207312131159,1.957700505259936,6342.043118963958
balanced_interleaved.csv,330,84480.0,84736.0,1,708.1133137119114,699.21875,107.28532576978833,70.727819505764,33.05555555555556,84.73220152503782,362,255.99609375,1.4140840772106509,1.0,0.2076176664161394,0.21041219941879127,-0.23197773784024286,1.0522750090220023,1.2100119857901408,2.7287500021503144,7662.986624167238,3433.5197579027226,2.23181666758428,11130.142855750963
balanced_interleaved.csv,331,84736.0,84992.0,1,727.3192663817664,726.5625,91.44983941652649,77.84576212846532,43.142857142857146,82.49472105762463,352,255.99609375,1.375020981155108,1.0,0.21894274179638867,0.2088004420782758,-0.20989528718869707,1.0534735108630928,1.19046292890098,2.6127857505256573,6363.048298878651,4747.5458017657265,1.3402816032890257,11148.228546022312
balanced_interleaved.csv,332,84992.0,85248.0,1,682.5388536096257,683.59375,69.65246219665963,53.25571488680715,31.903485254691688,87.90708350548593,375,255.99609375,1.4648661020828564,1.0,0.22214954505040602,0.2088750740332393,-0.20046131474033138,1.0526666744851552,1.2240525019379545,2.672766176225837,4479.902405122206,3157.983332791191,1.418595962367741,7642.339854139022
balanced_interleaved.csv,333,85248.0,85504.0,0,715.062587535014,710.9375,78.38868760240602,60.799073791667944,35.95505617977528,83.90873896344355,358,255.99609375,1.3984588387884336,1.0,0.23421068366389894,0.20664188868776642,-0.19466387200862745,1.0491602789314316,1.1592819277555524,2.498195767731742,4915.579134642776,4290.25202681924,1.1457553318347007,9213.069807635035
balanced_interleaved.csv,334,85504.0,85760.0,0,752.7539638643068,753.90625,82.48142423185848,80.8382626602062,44.08284023668639,79.70731856659575,340,255.99609375,1.3281452658884565,1.0,0.24786302646693764,0.20227257358730558,-0.1725005941244772,1.0540241126154755,1.1676859237086277,2.5633357262432854,5665.266525285203,5369.128873544864,1.0551556236989372,11052.85425414886
balanced_interleaved.csv,335,85760.0,86016.0,3,715.2704831932773,718.75,78.08294697931224,64.07495671831686,25.842696629213485,83.88435061955025,358,255.99609375,1.3984588387884336,1.0,0.20086212434738782,0.20892847216196278,-0.22000309785774486,1.0511949447433127,1.2878896807093465,2.919817456037168,6674.566381921305,2370.9709248035174,2.8151194567999296,9048.068473495801
balanced_interleaved.csv,336,86016.0,86272.0,3,648.3284422588832,644.53125,73.27309446314838,59.75543445048403,14.50381679389313,92.5456853180004,395,255.99609375,1.5429922941939422,1.0,0.19032382444671633,0.21536004584722018,-0.2346619913845678,1.0556472735380458,1.2922765675010708,2.840653321798152,5045.269628324068,1900.1650902152724,2.655174360535422,6960.427670216211
balanced_interleaved.csv,337,86272.0,86528.0,1,672.5655507915567,664.0625,82.09056430455233,64.9306343038632,24.6031746031746,89.21063520036779,380,255.99609375,1.484397650110628,1.0,0.20531442908878209,0.2124627989643792,-0.22849927553159555,1.0526528593738316,1.2126337874494568,2.657959916755792,5499.889265232105,2606.169661465293,2.110334314205717,8120.99886989226
balanced_interleaved.csv,338,86528.0,86784.0,1,711.2421657381616,710.9375,74.28011975818188,55.19601898947186,37.988826815642454,84.35945292659792,360,255.99609375,1.4062714579995423,1.0,0.21225837235699718,0.21030892760539316,-0.2218201694589929,1.0536238448167248,1.2091055321805397,2.659507022153168,5252.946604300672,3264.0663702691113,1.6093259169443863,8520.749223373234
balanced_interleaved.csv,339,86784.0,87040.0,2,704.3948002754821,710.9375,84.45362637222019,47.04016711458951,27.071823204419886,85.17950441504476,364,255.99609375,1.4218966964217594,1.0,0.1947117809442161,0.2114470559379827,-0.23101894851892116,1.047745196268602,1.2706400499255388,2.8421578151786004,5098.653517613527,2377.328676950247,2.144698613636516,7481.807895231783
balanced_interleaved.csv,340,87040.0,87296.0,2,719.7872528248588,714.84375,70.70762137244772,66.51096767566614,28.04532577903683,83.35796412693546,355,255.99609375,1.3867399099717708,1.0,0.2105037746368491,0.20809856023126827,-0.20742671501625842,1.054238733435766,1.2712141788931028,2.8459981499612272,5408.978886980061,2861.358381079104,1.890353519764334,8297.322260372082
balanced_interleaved.csv,341,87296.0,87552.0,3,669.3287794502618,671.875,55.358841897584426,35.28417506426289,16.535433070866144,89.64204415247116,383,255.99609375,1.4961165789272908,1.0,0.19869645572321415,0.21410312190050046,-0.2243305754160481,1.0545772453649143,1.284460746536615,2.8413985122159646,4210.011693708856,1273.4418925490493,3.306010049097469,5486.153712805425
balanced_interleaved.csv,342,87552.0,87808.0,0,653.7159455128206,652.34375,58.26744589297821,41.18824326740791,22.62210796915167,91.78298374369895,391,255.99609375,1.527367055771725,1.0,0.2080508073684874,0.213474818051047,-0.22198411194818357,1.0619382789037402,1.2575036607840258,2.761409801924006,3952.759051460371,2176.9471594930633,1.8157349544399755,6132.599149257723
balanced_interleaved.csv,343,87808.0,88064.0,2,661.0848675710595,656.25,71.03575680011825,68.28980198487012,25.38860103626943,90.7599053362852,388,255.99609375,1.5156481269550621,1.0,0.20708633351530098,0.2137042945281284,-0.22520404199121438,1.056145797801764,1.234518923832981,2.691506647925758,5145.728830898571,2881.4237578625084,1.7858285567534031,8036.119463425491
balanced_interleaved.csv,344,88064.0,88320.0,2,689.6326013513514,687.5,74.8823472038232,63.70024641918059,29.81029810298103,87.00284743271791,371,255.99609375,1.4492408636606393,1.0,0.2076786129045391,0.2124219857565358,-0.22399365736182267,1.0536585318589553,1.2322022841085694,2.704597175314502,5300.71307913656,2912.7971043984394,1.8198016851679344,8244.33321642351
balanced_interleaved.csv,345,88320.0,88576.0,1,704.344354281768,703.125,69.50160441076174,51.44980944076131,33.51800554016621,85.18560507407351,363,255.99609375,1.4179903868162052,1.0,0.2038509437439467,0.2130575164805381,-0.23155463360440326,1.059807555461793,1.2461308032022196,2.7849297900854992,4508.534119304957,3005.203489997365,1.5002425407501807,7523.098846677428
balanced_interleaved.csv,346,88576.0,88832.0,1,682.4657419786096,675.78125,71.20652578817233,62.19160888119259,27.07774798927614,87.91650087233327,375,255.99609375,1.4648661020828564,1.0,0.19610654753545947,0.21582119910788372,-0.23940617204265344,1.0602191332994662,1.2536769671372088,2.790286093282858,4667.794481226675,3041.707629418048,1.5345966969612188,7716.809790764781
balanced_interleaved.csv,347,88832.0,89088.0,0,739.1844291907514,738.28125,83.33868556168666,78.98725931978234,40.28985507246377,81.17054097809817,347,255.99609375,1.3554894331273366,1.0,0.2222575398850437,0.20901313102523317,-0.2139049246059169,1.0523055122588394,1.1778195333741237,2.571056503021791,5873.496378795227,5079.290384753076,1.1563616044528946,10985.271506330759
balanced_interleaved.csv,348,89088.0,89344.0,0,670.5797697368421,667.96875,63.94813811577483,47.18702834537737,28.49604221635884,89.47481374743232,381,255.99609375,1.4883039597161822,1.0,0.22785025505513734,0.21015055877207398,-0.20070571213957397,1.0687217835688168,1.2079338311003116,2.6368163829621727,4103.239791434541,3040.4643776255184,1.349543780755954,7163.680500875569
balanced_interleaved.csv,349,89344.0,89600.0,3,647.3002373417721,636.71875,75.1623159986121,59.66722354719732,16.751269035532996,92.69268963409976,396,255.99609375,1.5468986037994965,1.0,0.18698032684055185,0.2176517974965067,-0.2481383261901521,1.052738622803593,1.2332091115950925,2.658413251582812,4772.171566105745,2411.827417186879,1.9786538340591293,7220.629935408136
balanced_interleaved.csv,350,89600.0,89856.0,3,640.4287060301508,640.625,65.93284772948465,55.24480449708913,14.609571788413097,93.68724330288725,399,255.99609375,1.5586175326161593,1.0,0.18653739086852406,0.21631337581088883,-0.24744392783459115,1.052617459374396,1.2747951125333328,2.8244655278714488,4838.748811877433,1676.8288454437798,2.8856545645818956,6542.676666056542
balanced_interleaved.csv,351,89856.0,90112.0,3,655.8393429487179,660.15625,67.94423261093279,56.79614555092341,21.079691516709513,91.48581988118329,391,255.99609375,1.527367055771725,1.0,0.2008832011925755,0.21450241321319677,-0.2273952006634195,1.0565683598295375,1.2632345090179087,2.7730160919028393,4232.030339436927,2357.2052969832703,1.795359252269219,6624.144954274209
balanced_interleaved.csv,352,90112.0,90368.0,1,695.8553303814714,691.40625,72.58464741816039,58.60869003521101,30.05464480874317,86.22481912599233,368,255.99609375,1.4375219348439765,1.0,0.20663576016003626,0.2116847710357742,-0.21867291041179257,1.0529855971675068,1.242709996949941,2.731345494931647,4714.436747858744,2807.9675143508753,1.6789498894714214,7527.8014991878
balanced_interleaved.csv,353,90368.0,90624.0,2,676.4236571618037,679.6875,65.52894425422103,43.30601215402247,21.54255319148936,88.70180598318092,378,255.99609375,1.4765850308995194,1.0,0.19577747496489617,0.21281098316893132,-0.22527942685264835,1.0491826499498316,1.2761321521717865,2.8177914104433306,4190.914544978446,1936.455978220624,2.1642188576005768,6130.883998609673
balanced_interleaved.csv,354,90624.0,90880.0,2,663.4232954545455,660.15625,55.5399588645566,37.769009719537245,19.010416666666664,90.43999571780323,386,255.99609375,1.5078355077439536,1.0,0.19081772975153322,0.21660988977825665,-0.2408078785125582,1.0606213877700512,1.264488927541083,2.7853523822762156,3847.2739225333817,1719.0020464760719,2.238085713987505,5570.977907144092
balanced_interleaved.csv,355,90880.0,91136.0,3,586.9073275862069,585.9375,53.62841613394243,35.754695128560655,6.682027649769585,102.23079041586341,436,255.99609375,1.7031509880216678,1.0,0.17728292146419605,0.22231407432285155,-0.255215406749364,1.055261653074807,1.2881287031197304,2.7612040233047326,2831.0589882689173,1176.8488494774056,2.4056266779935966,4015.2843388186043
balanced_interleaved.csv,356,91136.0,91392.0,0,662.109375,654.296875,76.57567327202365,63.68163131869907,21.818181818181817,90.61946902654867,387,255.99609375,1.5117418173495079,1.0,0.20388285651138138,0.21270304132820944,-0.22286273739520265,1.0575170019089604,1.2650945536468001,2.78689983548636,5592.038864318747,2502.2380039063078,2.234814935904927,8105.920315539438
balanced_interleaved.csv,357,91392.0,91648.0,2,715.7544768258427,710.9375,88.44756999998617,72.22435000853196,36.33802816901409,83.82762796829728,358,255.99609375,1.3984588387884336,0.9971988795518207,0.20612482252706638,0.21222921613583062,-0.23135300981042814,1.0508859344765515,1.1829119617048587,2.570115548577193,6994.325211863816,3842.559479115135,1.820225620417584,10860.105708963445
balanced_interleaved.csv,358,91648.0,91904.0,2,724.1987748579545,726.5625,96.65195639751322,69.99491777551295,35.32763532763533,82.85018158414931,354,255.99609375,1.3828336003662165,0.9971671388101983,0.20577291863441266,0.2111710814635307,-0.22752700941826418,1.0530625264593294,1.2195632334328725,2.7107899051870445,5939.642225554251,3489.3541347174346,1.7022182318663506,9461.24749364242
balanced_interleaved.csv,359,91904.0,92160.0,1,715.1829481792718,718.75,90.70604477442808,51.25048239123653,33.146067415730336,83.89461766775801,359,255.99609375,1.4023651483939878,0.9972067039106145,0.21424404014529624,0.21043856866240634,-0.21098781109091183,1.0556704322303443,1.248091054839875,2.754451902783898,4166.016697713165,2937.759047053748,1.4180933939736227,7108.18565642871
balanced_interleaved.csv,360,92160.0,92416.0,1,662.514167746114,652.34375,76.11985322998474,65.98714672859164,23.116883116883116,90.56410099744909,387,255.99609375,1.5117418173495079,1.0,0.2089727500506227,0.21399782601609427,-0.21381380280291062,1.060401245946362,1.2602102206354875,2.7464632084294216,4368.028840570807,2837.104587110939,1.5396079723020815,7213.316758788418
balanced_interleaved.csv,361,92416.0,92672.0,0,684.2221012064343,683.59375,70.1034441738392,63.94357835817173,32.526881720430104,87.69082421366802,374,255.99609375,1.4609597924773021,1.0,0.23838050798585964,0.20719833182403616,-0.1862756110517035,1.0619376385400834,1.196685590145897,2.6080619630852047,4623.891367767384,3365.797714579022,1.3737876604226402,8005.222899683766
balanced_interleaved.csv,362,92672.0,92928.0,0,773.5795454545455,773.4375,94.97032092152936,74.34923939188985,46.808510638297875,77.56151303709144,332,255.99609375,1.2968947890440223,0.9969788519637462,0.25295259536779,0.19982791236452518,-0.17204374769991126,1.0490941026007483,1.1505460778763543,2.5231045316711533,6486.200524864791,5316.517743499401,1.22000919357329,11804.104596506517
balanced_interleaved.csv,363,92928.0,93184.0,3,636.7578125,617.1875,89.18646460341556,59.79444125997086,15.538847117794486,94.22734801545917,401,255.99609375,1.5664301518272679,1.0,0.20052225782641717,0.21923623691280775,-0.2349341597429354,1.0704702342761954,1.2318149630014457,2.656006473586814,4889.547863009349,2510.6898597894133,1.9474917795778508,7455.499680221258
balanced_interleaved.csv,364,93184.0,93440.0,3,678.0607592838196,671.875,85.81501610225276,57.3462614130615,19.414893617021274,88.48764535994255,379,255.99609375,1.4804913405050737,0.9973544973544973,0.1945321795635083,0.21399958417875012,-0.2367203363460561,1.054248951339383,1.2664750767848998,2.821524149530253,5988.496999350681,1960.228213696402,3.0549999012911733,7981.151319218673
balanced_interleaved.csv,365,93440.0,93696.0,3,717.3415492957746,714.84375,74.0983891215758,68.18812412489409,31.63841807909605,83.64216468278318,356,255.99609375,1.390646219577325,1.0,0.20401530600173762,0.2106621966760712,-0.22326391930987016,1.0523060457063176,1.2631051329870384,2.8165975878827796,5935.233361558675,2978.5750785913506,1.9926418522126388,8940.864115236702
balanced_interleaved.csv,366,93696.0,93952.0,1,691.5540540540541,695.3125,80.01283162035935,75.18910841020917,29.81029810298103,86.76111382510992,371,255.99609375,1.4492408636606393,1.0,0.20288245615377556,0.21336561498275788,-0.22622107295368615,1.0590327269440465,1.268126072793004,2.8160676798225,4923.4845582859725,3514.4852326211376,1.4009120062837737,8464.184168866981
balanced_interleaved.csv,367,93952.0,94208.0,2,691.7026592140921,687.5,63.25370949805358,48.138385894886916,22.82608695652174,86.74247409742735,370,255.99609375,1.445334554055085,1.0,0.20101896637466796,0.2128787307464357,-0.22818723013856376,1.0543284790076761,1.2595950062686445,2.774537285046071,4571.648022935456,2203.359049099108,2.0748538577063393,6780.551104716252
balanced_interleaved.csv,368,94208.0,94464.0,2,705.6068715469613,707.03125,62.68835619841056,43.756839653826134,24.37673130193906,85.0331855023704,363,255.99609375,1.4179903868162052,1.0,0.19485311704156713,0.21174537024576698,-0.22897845201447356,1.0439894088940924,1.2645474878008005,2.8010478466164193,4647.932171217755,2001.728779825478,2.3219590076648586,6650.039539528828
balanced_interleaved.csv,369,94464.0,94720.0,3,613.0652794471154,613.28125,53.325101657172446,42.58108254208167,9.63855421686747,97.86885999172908,417,255.99609375,1.6289311055161364,1.0,0.1884026534085258,0.219153706765391,-0.24033416523105,1.0651266155013397,1.29291478190397,2.821667534426952,3534.3066051856513,1201.8669447951725,2.9406804309673262,4736.80043846586
balanced_interleaved.csv,370,94720.0,94976.0,0,721.7267174220963,722.65625,91.9431510617303,54.21421302879438,33.23863636363637,83.13395992088438,355,255.99609375,1.3867399099717708,0.9971751412429378,0.2233853392633492,0.20575353579460096,-0.20097143106277937,1.0505390624569453,1.218823499348821,2.7226290333084924,6617.148644611401,2799.017684124393,2.3640967622830225,9421.649648803024
balanced_interleaved.csv,371,94976.0,95232.0,2,707.3342278393352,707.03125,83.79486154145692,66.43911308977101,38.611111111111114,84.82552892043628,362,255.99609375,1.4140840772106509,1.0,0.21673726917902456,0.21208688944988915,-0.21904719183704938,1.0507346659521988,1.162271524881364,2.4504133382804865,5507.15140347353,4636.640279945762,1.1877460986768529,10148.855305676245
balanced_interleaved.csv,372,95232.0,95488.0,2,697.7032103825137,691.40625,77.77879925529194,70.14582604394211,30.684931506849317,85.99645107997307,367,255.99609375,1.4336156252384222,1.0,0.20453957453207622,0.21321528527077152,-0.2313052997978509,1.0591415732435558,1.2376673621375829,2.7348816854306355,5872.363232248515,3255.784257282789,1.8036708725747905,9149.686012349708
balanced_interleaved.csv,373,95488.0,95744.0,1,707.8211565096952,699.21875,75.51584883513337,53.44810217071362,31.11111111111111,84.76717522242946,363,255.99609375,1.4179903868162052,0.9972375690607734,0.2192112721985892,0.21095332627221788,-0.20690659797219788,1.0679663253803247,1.253147767446494,2.804707648702281,5215.677307102931,3043.82060876446,1.7135297961005875,8263.939392260461
balanced_interleaved.csv,374,95744.0,96000.0,1,738.088768115942,734.375,77.34501236328661,74.00717864831401,36.627906976744185,81.29103515984538,346,255.99609375,1.3515831235217823,1.0,0.23097397692949861,0.20465390200837466,-0.1884736696471187,1.0484788451460603,1.1983275291263202,2.6122126097912846,6013.949738283689,3913.181466186836,1.5368440718247414,9953.261690411786
balanced_interleaved.csv,375,96000.0,96256.0,0,733.8923311781609,730.46875,73.64439106730917,62.295981967208974,39.19308357348703,81.755861794711,349,255.99609375,1.3633020523384451,1.0,0.246111693767772,0.20324511049888308,-0.17740287727357343,1.0569292218867323,1.1660459477763054,2.5456878064704345,5071.74282871309,4256.689347607298,1.1914759134499529,9328.793556934637
balanced_interleaved.csv,376,96256.0,96512.0,0,708.5028566481994,707.03125,78.76709997433174,72.57873702797802,35.55555555555556,84.68561479603525,362,255.99609375,1.4140840772106509,1.0,0.24811666397982327,0.20402459475869886,-0.1737847491156339,1.0606920272776723,1.2013258912078448,2.652715720061786,5425.935253727276,4056.149717416216,1.3377058618989093,9491.952271725715
balanced_interleaved.csv,377,96512.0,96768.0,3,665.9542702879581,660.15625,67.21919392597002,45.52045161502026,22.04724409448819,90.0962763915547,384,255.99609375,1.500022888532845,0.9973890339425587,0.20234760775818292,0.21776060694854354,-0.23794971388313446,1.0640697428817474,1.2079623250674558,2.561552930731148,4638.066282275658,2441.7016626115737,1.8995221051350375,7083.628244587861
balanced_interleaved.csv,378,96768.0,97024.0,3,631.0860339506173,625.0,66.40963017949024,34.05888859414998,14.85148514851485,95.07420030260884,406,255.99609375,1.5859616998550392,1.0,0.1787156539688571,0.22010003613608492,-0.25544924897245475,1.0564121350490197,1.2856857926179832,2.837055277711098,4201.055586600768,1363.9382621372135,3.080092188350192,5571.104158740842
balanced_interleaved.csv,379,97024.0,97280.0,3,660.1663436692506,625.0,99.61264849245366,51.62278501086679,22.020725388601036,90.88618433123357,388,255.99609375,1.5156481269550621,1.0,0.1949170262358171,0.21563532755790388,-0.23703830027041384,1.0533033695628353,1.2291110437802626,2.6924718580584512,5631.404778547876,2187.6753108080597,2.5741501724347793,7821.23610364782
balanced_interleaved.csv,380,97280.0,97536.0,1,745.2256944444445,750.0,84.31296784129977,56.376041861930545,38.12316715542522,80.51252184041934,344,255.99609375,1.3437705043106738,0.9970845481049563,0.22224536605758405,0.20648388613207735,-0.19778835351494115,1.0554930657345947,1.2439304087275187,2.785594376352406,5604.762931553143,3178.55409369678,1.7633058196705376,8785.941297554005
balanced_interleaved.csv,381,97536.0,97792.0,2,738.3489884393064,738.28125,77.09462512055697,70.0702221815484,33.6231884057971,81.26238532110092,347,255.99609375,1.3554894331273366,1.0,0.22145451820117415,0.20703189819978074,-0.20572512406507923,1.0490168423167352,1.2210406235346707,2.6976665575766843,6132.876483365575,3202.9665002298443,1.9147488688768617,9363.74026744986
balanced_interleaved.csv,382,97792.0,98048.0,2,686.4289314516129,685.546875,67.33040505093858,61.44812175794455,24.797843665768195,87.40890316659018,373,255.99609375,1.4570534828717479,1.0,0.1987191496801683,0.21494834345482194,-0.23497930822315377,1.0588814140299867,1.2463989018429666,2.7400298059326227,5123.012277678838,2450.0615068826355,2.0909729258989755,7591.180644287823
balanced_interleaved.csv,383,98048.0,98304.0,3,736.0973523054755,734.375,76.46110713109489,69.44124169090702,28.32369942196532,81.51095750049703,348,255.99609375,1.3593957427328909,1.0,0.19061036370853426,0.20753558204524597,-0.22528949810305482,1.035069698736663,1.3080691167245362,2.98124622314411,7284.790916588374,2529.5849192464734,2.8798364748151672,9820.210103449468
balanced_interleaved.csv,384,98304.0,98560.0,0,725.4384793447293,726.5625,82.21862563544768,73.9501129842238,34.85714285714286,82.70859860397331,352,255.99609375,1.375020981155108,1.0,0.2259251180679671,0.20647754228185294,-0.20293453909304685,1.0549640952169033,1.1788990184994086,2.6099138120924277,6857.7619057308575,3655.6490430078043,1.8759355247319942,10574.012559072395
balanced_interleaved.csv,385,98560.0,98816.0,0,677.2422082228117,667.96875,87.77702683219991,71.87032481470413,34.308510638297875,88.5945962485848,378,255.99609375,1.4765850308995194,1.0,0.2209676983240107,0.21305952104752263,-0.21374161862685212,1.0620571781067827,1.1689700437117607,2.503900405036597,5004.121266793723,4566.169611370036,1.0959122618514128,9605.677259684588
balanced_interleaved.csv,386,98816.0,99072.0,2,657.5955976863753,648.4375,76.0987437176553,49.11201300701448,23.195876288659793,91.2414867299881,390,255.99609375,1.5234607461661707,1.0,0.21081514668146303,0.2135296194063118,-0.21625779265119863,1.060170792394975,1.2293538649530784,2.674824610078943,4598.051804292109,2353.5646298457914,1.9536543615517283,6954.526608458379
balanced_interleaved.csv,387,99072.0,99328.0,1,717.3016151685393,722.65625,77.13474976626034,64.19862459225939,36.61971830985916,83.64682126904485,357,255.99609375,1.3945525291828793,1.0,0.2287647658405268,0.20586584195922503,-0.1922991500100142,1.0510748241899777,1.210796658436,2.6555571686643775,5154.2497091864125,3377.8423595196628,1.525900015629906,8535.767827301841
balanced_interleaved.csv,388,99328.0,99584.0,1,672.5123355263158,667.96875,62.944150544311704,42.07590613598729,20.316622691292878,89.21769435358135,381,255.99609375,1.4883039597161822,1.0,0.20975787646053207,0.21321526456434506,-0.21745770337650128,1.06261155716104,1.2562649967334567,2.7621695669507877,3871.9961830111765,2147.3385612559664,1.8031605508664956,6021.6179476611915
balanced_interleaved.csv,389,99584.0,99840.0,0,719.1571302816901,714.84375,72.82788562787083,60.438032922262906,38.13559322033898,83.43100203497713,356,255.99609375,1.390646219577325,1.0,0.2237174102481274,0.2090122457529942,-0.21127738762582043,1.058668544800663,1.1769769869697004,2.581612561141493,4833.803210722894,3942.5037799694724,1.2260744644765624,8789.436016998316
balanced_interleaved.csv,390,99840.0,100096.0,0,743.2124635568513,742.1875,78.06740865428658,65.90888357564315,40.93567251461988,80.73061599754827,344,255.99609375,1.3437705043106738,1.0,0.2244764041138916,0.20513848876827848,-0.19587995092900204,1.0515254524359756,1.2437987233441226,2.7805303406227777,6111.287311948543,4242.411900035759,1.4405219144084127,10369.836183699257
balanced_interleaved.csv,391,100096.0,100352.0,3,684.2011561662198,671.875,87.140236148826,63.41506338971792,28.49462365591398,87.69350864035022,374,255.99609375,1.4609597924773021,1.0,0.20316028513552817,0.21660790241383995,-0.24004034547115718,1.0585528291036173,1.1724753778835728,2.500977149152079,5899.383310499122,3800.9318961769495,1.552088664475371,9706.664896498354
balanced_interleaved.csv,392,100352.0,100608.0,3,667.3654286649214,662.109375,79.35584289788896,45.09660987292548,21.784776902887142,89.90576590104654,383,255.99609375,1.4961165789272908,1.0,0.1912605372997458,0.21569589210096055,-0.24184142364494415,1.0537828842406658,1.2614105582062554,2.798555061323153,5179.708763551776,1702.4634410328108,3.0424787039241625,6885.864959898193
balanced_interleaved.csv,393,100608.0,100864.0,3,708.3405470914128,714.84375,93.6048598026132,68.21382073366219,28.888888888888886,84.70501970608903,362,255.99609375,1.4140840772106509,1.0,0.20864518347304517,0.21039062426973565,-0.22079499326575402,1.053193002154145,1.2283611046549614,2.7140723181319446,5855.3165312351175,3201.175599437596,1.82911444541306,9098.376814589064
balanced_interleaved.csv,394,100864.0,101120.0,1,749.0606671554252,750.0,90.1012039944238,79.92357530463777,39.411764705882355,80.10032115002294,342,255.99609375,1.335957885099565,1.0,0.23810082337669025,0.20245470480197872,-0.17699029615018766,1.0501401141845563,1.2015919791861418,2.644173260469663,7112.66522924987,4584.387490304638,1.5514973907184326,11745.822902791733
balanced_interleaved.csv,395,101120.0,101376.0,2,648.5763007614213,648.4375,59.04476235372652,53.45821678538679,17.048346055979643,92.51031826102908,395,255.99609375,1.5429922941939422,1.0,0.2033240385610283,0.2148004992577694,-0.22203540369536054,1.0576892781894751,1.2597138202621176,2.7402289948785112,3817.719689619585,1950.382553222883,1.9574209599604173,5779.4316865792935
balanced_interleaved.csv,396,101376.0,101632.0,2,610.6396133093525,609.375,49.70564208409432,30.13560531478589,11.778846153846153,98.25762805467348,419,255.99609375,1.636743724727245,0.9976076555023924,0.18440505070434646,0.22014716107807594,-0.25046822153752196,1.0621715040864554,1.2744196260809992,2.7885861244049925,3157.505676858986,1290.9751627874875,2.4458299182466576,4450.546728702679
balanced_interleaved.csv,397,101632.0,101888.0,3,623.875762195122,625.0,50.38260952924753,31.014522917191886,10.024449877750612,96.1729941052503,411,255.99609375,1.6054932478828108,1.0,0.17827349789387367,0.2185000848380511,-0.25173862644323247,1.0525410809813052,1.3038698141719758,2.856231006318791,3621.6920028701397,922.5783890698581,3.9256198126660253,4545.337953889515
balanced_interleaved.csv,398,101888.0,102144.0,0,683.9079256032171,675.78125,83.65910024927638,69.80987982163789,29.838709677419356,87.73110787841667,374,255.99609375,1.4609597924773021,1.0,0.20929278553456807,0.21213545413233542,-0.2344986002901387,1.048920487787292,1.1752445918532912,2.5757582093682503,6290.612966970306,3360.3652226443974,1.87200275868228,9696.51923668895
balanced_interleaved.csv,399,102144.0,102400.0,0,682.6955213903743,679.6875,76.37165817071703,56.23789711916742,33.78016085790885,87.88691022581237,376,255.99609375,1.4687724116884109,0.9973333333333333,0.21747741984482294,0.21370619441742447,-0.22519274067275227,1.0553671840838512,1.143019710145931,2.422803502809307,4815.602859607645,3880.5528972903953,1.2409579219935774,8700.632374615901
balanced_interleaved.csv,400,102400.0,102656.0,2,637.763671875,640.625,55.156247191932934,35.53224601034653,18.796992481203006,94.07873581698746,402,255.99609375,1.5703364614328221,0.9975062344139651,0.19514469105989354,0.21747883233555562,-0.2373020519236178,1.0640003090454737,1.2762864284762092,2.824388306667127,3212.5399172290945,1747.1180286553779,1.8387652491351938,4963.766428305478
balanced_interleaved.csv,401,102656.0,102912.0,1,640.0082236842105,640.625,50.01178109302829,34.51684203670084,16.331658291457288,93.74879537423708,401,255.99609375,1.5664301518272679,0.9975,0.20500277700072922,0.21558439483811348,-0.2166082256646559,1.0615585635521532,1.2700027760369184,2.760680990790142,2710.6689942980306,1744.5512926520098,1.553791514021557,4456.669872565257
balanced_interleaved.csv,402,102912.0,103168.0,1,666.3266971279373,660.15625,62.10419794787362,58.464763130418504,19.895287958115183,90.0459193044756,384,255.99609375,1.500022888532845,1.0,0.21041073806258942,0.2133767702255366,-0.21576277041791864,1.0625008865745795,1.2558348186109103,2.745765907390859,3631.6980744641955,2464.1564884561144,1.4738098377589604,6123.213467062798
balanced_interleaved.csv,403,103168.0,103424.0,0,724.5871803977273,718.75,76.01940994903951,67.66530211332282,37.03703703703704,82.80577082120868,353,255.99609375,1.3789272907606622,1.0,0.24122516144856482,0.20572132288632095,-0.1841717004340792,1.062124399545258,1.1812709179699525,2.5781527111003673,5614.713290002477,3961.9129738048673,1.4171722920532313,9587.649079103852
balanced_interleaved.csv,404,103424.0,103680.0,0,790.7556114551084,785.15625,96.94014395141068,90.10103797532189,47.51552795031056,75.87679319732052,325,255.99609375,1.2695506218051422,0.9969135802469136,0.24872843080117013,0.19860085047202303,-0.176862007930938,1.0499329614420427,1.1760537937222313,2.6486617923018976,8873.704729116967,5503.537737962568,1.6123637470326584,14425.31410953628
balanced_interleaved.csv,405,103680.0,103936.0,3,667.8051374345549,632.8125,116.65440346703771,87.59548039771026,30.183727034120732,89.84656846231587,383,255.99609375,1.4961165789272908,1.0,0.2135184326927878,0.21855670838566485,-0.2323133014400532,1.06392587173887,1.121556347028249,2.315938149672297,5971.669329979197,5684.0214769454415,1.0506063979878442,11681.282176452813
balanced_interleaved.csv,406,103936.0,104192.0,3,620.2404429611651,617.1875,61.754921690906244,51.75415861149948,12.408759124087592,96.73667797853801,413,255.99609375,1.6133058670939193,1.0,0.18657572771676453,0.2207459157630736,-0.2465296947415125,1.067175167851545,1.2919026575680166,2.8289268454814716,4162.638679245299,1609.5217151076167,2.58625816612047,5779.99937902316
balanced_interleaved.csv,407,104192.0,104448.0,3,623.5864914425428,625.0,60.31927598752526,34.208397868354915,14.705882352941178,96.2176070575262,410,255.99609375,1.6015869382772565,1.0,0.19190814453296245,0.21779924532985467,-0.24079495150122318,1.0581643608969131,1.2691313571109912,2.777038004126088,3725.106894748183,1489.6758201497432,2.500615801345109,5216.103897474916
balanced_interleaved.csv,408,104448.0,104704.0,1,679.1264960106383,679.6875,60.704765462353265,42.355471932256485,25.866666666666667,88.34878384580082,378,255.99609375,1.4765850308995194,0.9973474801061007,0.21126774244370652,0.21315143791714894,-0.21589158560813612,1.061749522641512,1.2421520141362732,2.705869709734352,3881.9663253129356,2284.92099058298,1.6989499161292585,6168.421507412387
balanced_interleaved.csv,409,104704.0,104960.0,2,708.2790798611111,708.984375,60.90401938218885,44.072344974508155,25.069637883008355,84.7123707391804,361,255.99609375,1.4101777676050966,1.0,0.19481812349780445,0.21158215625015173,-0.22933083786003708,1.0436491313386573,1.2654840917906278,2.804512075537727,4587.502942267568,2041.4857877309819,2.247139299150531,6633.256509379823
balanced_interleaved.csv,410,104960.0,105216.0,2,719.8613556338029,722.65625,77.61582195949158,58.42393884481023,27.11864406779661,83.34938322556977,356,255.99609375,1.390646219577325,1.0,0.19185177157049216,0.2107594874375831,-0.23738043867981484,1.0487014592101271,1.2871591561901587,2.9086614073408663,5785.676887343031,2357.6817001929917,2.4539686111443437,8146.290216007998
balanced_interleaved.csv,411,105216.0,105472.0,3,738.8344472543353,738.28125,75.36451741740686,60.20688568604658,31.88405797101449,81.2089910303623,347,255.99609375,1.3554894331273366,1.0,0.20768561797575505,0.20726123027892107,-0.20890879249766625,1.052222928645762,1.281376285991439,2.9075477809913535,7403.72594977686,2188.5640906311287,3.3829148442446595,9602.517824300447
balanced_interleaved.csv,412,105472.0,105728.0,0,682.3404077540107,671.875,86.53698330071204,60.61735457823946,31.099195710455763,87.93264962498087,375,255.99609375,1.4648661020828564,1.0,0.21307680005462698,0.21098151237823062,-0.218702205054278,1.056371702752885,1.2292756302945989,2.6988284234797444,5574.997951175941,2800.7646100681163,1.9905271336031176,8388.018925251517
balanced_interleaved.csv,413,105728.0,105984.0,0,666.1431135770235,660.15625,87.24467263275518,66.35299440995145,32.72251308900523,90.07073521756438,384,255.99609375,1.500022888532845,1.0,0.2199678378243507,0.21205086629481604,-0.21361622371569008,1.0585539766360168,1.191187965108926,2.5782165261790144,5436.599017873283,3642.782187035555,1.4924304388063099,9122.628951396558
balanced_interleaved.csv,414,105984.0,106240.0,2,709.1796875,714.84375,89.60502243173984,67.82231267575479,32.86908077994429,84.60479206830074,361,255.99609375,1.4101777676050966,1.0,0.2197941105525234,0.20883671247838767,-0.2049724085492232,1.0558623277252062,1.2353752749671694,2.741614196752005,5995.3726895734135,3336.3924259078026,1.796962684310772,9371.678800765756
balanced_interleaved.csv,415,106240.0,106496.0,1,658.6158988402062,656.25,64.4732839596594,59.062242050111415,21.963824289405682,91.1001391033186,389,255.99609375,1.5195544365606164,1.0,0.21673281914778716,0.21294895882435844,-0.21166287345615264,1.062310518366964,1.2405297625862635,2.706254943095291,4244.499932548489,2673.82938487577,1.5874236241687854,6933.426037015991
balanced_interleaved.csv,416,106496.0,106752.0,1,630.8497060643564,628.90625,56.39887132122764,53.7552643546278,13.895781637717123,95.10981684420263,405,255.99609375,1.582055390249485,1.0,0.19607330536124884,0.21910407145252667,-0.2392872821735184,1.0663001351372245,1.2687809657038405,2.761215563314094,3073.2217765056093,2009.0491673272938,1.5296896793193073,5095.149042242408
balanced_interleaved.csv,417,106752.0,107008.0,0,734.4647988505748,730.46875,80.4695413043544,75.23851971141812,38.328530259366,81.69213840322777,349,255.99609375,1.3633020523384451,1.0,0.2390958098651793,0.20225853806298513,-0.17986567101671933,1.0465628017009483,1.2000306588328202,2.6296105753858576,6423.253069097875,4186.32933798057,1.534340122460687,10652.014496774847
balanced_interleaved.csv,418,107008.0,107264.0,0,713.9027485994397,718.75,91.51167701527397,87.43959059099721,37.640449438202246,84.04506092420876,358,255.99609375,1.3984588387884336,1.0,0.23902337619832914,0.20578980537757208,-0.18642408875417907,1.0609090336912201,1.1965022197894464,2.6183425182201727,6683.074132599418,5007.565716060367,1.3345953925607659,11714.893503643354
balanced_interleaved.csv,419,107264.0,107520.0,0,657.7462242930591,640.625,90.71712602832977,66.7217433507272,26.804123711340207,91.22059205202974,390,255.99609375,1.5234607461661707,1.0,0.21157446280372083,0.21880067869893405,-0.23542151997982388,1.0653043449659492,1.143254480598752,2.3854743973438746,4755.304527453507,3919.132941363965,1.2133562700219431,8694.326363304226
balanced_interleaved.csv,420,107520.0,107776.0,3,608.4240751789977,605.46875,58.509324597515,49.861412909643796,9.090909090909092,98.61542704789923,420,255.99609375,1.6406500343327992,1.0,0.17995453808049977,0.2218756185960288,-0.2524745162639639,1.0670483027631819,1.3036997129086623,2.8628475798276476,3486.655144601825,1533.315941208139,2.2739313215869914,5047.9836899644815
balanced_interleaved.csv,421,107776.0,108032.0,3,615.9167921686746,605.46875,71.42728212049936,51.96963075721158,13.768115942028986,97.41575609383358,416,255.99609375,1.6250247959105821,1.0,0.18269799862591002,0.21989573174424243,-0.2480754112474582,1.0603672818830723,1.2859592319437545,2.8077885657403234,4188.675893203702,1760.433685295547,2.3793431858244034,5973.974388765793
balanced_interleaved.csv,422,108032.0,108288.0,1,642.8487090680101,640.625,57.56519944730122,53.61049708248697,16.666666666666664,93.33455781063459,398,255.99609375,1.554711223010605,1.0,0.2051121627271372,0.2154356432711045,-0.21849956874563967,1.0629011579593062,1.271298861912093,2.769457120637883,3290.4388398148863,2129.0975497383433,1.545461756892852,5435.580156101412
balanced_interleaved.csv,423,108288.0,108544.0,2,648.7547588832488,648.4375,51.75531386319521,34.34679620213718,16.793893129770993,92.48487071336878,396,255.99609375,1.5468986037994965,0.9974683544303797,0.19023591542368828,0.21862227091683956,-0.24522292630468795,1.0639351213659762,1.2731887202238765,2.8084063108063386,3354.454431614837,1531.3215245756323,2.1905617976240754,4897.001698532999
balanced_interleaved.csv,424,108544.0,108800.0,2,662.8855519480519,660.15625,74.26292024628718,66.76252943308627,19.53125,90.51336210854991,386,255.99609375,1.5078355077439536,1.0,0.2049843485850221,0.21244639525800987,-0.21595364929189936,1.0610054199468482,1.2971813960148766,2.8898892793109248,5221.971348145469,2451.0935082291785,2.130465986145973,7695.367024826095
balanced_interleaved.csv,425,108800.0,109056.0,3,683.8869805630027,679.6875,86.78669823220515,57.63845188637265,22.849462365591396,87.73379477206254,374,255.99609375,1.4609597924773021,1.0,0.19946519361009357,0.21173455180541612,-0.22712610755404472,1.0536140502830331,1.2637163653037011,2.8175094385415287,6486.34663079608,2058.9277107873227,3.150351805365588,8580.551453244689
balanced_interleaved.csv,426,109056.0,109312.0,3,675.4505621693122,671.875,75.59932542077584,45.00232909741239,29.44297082228117,88.82959517762613,379,255.99609375,1.4804913405050737,1.0,0.2044531526151125,0.21280593702403422,-0.22570646051738685,1.0571368579488118,1.241146863920205,2.7226992398168743,4733.885645341664,2426.006723896922,1.951307718445879,7162.979884268646
balanced_interleaved.csv,427,109312.0,109568.0,0,669.1856184554974,656.25,82.96983697367888,55.182874839069676,31.23359580052493,89.66122155835026,383,255.99609375,1.4961165789272908,1.0,0.21790921980556976,0.21199313322629285,-0.21603531003151152,1.0537921849866845,1.1888436258676327,2.5611995286468474,4897.72457858745,3454.6923527044337,1.4177020928515875,8357.83988453919
balanced_interleaved.csv,428,109568.0,109824.0,2,701.7475895316804,699.21875,70.60171614639795,52.434378230471,30.11049723756906,85.50082806845366,364,255.99609375,1.4218966964217594,1.0,0.2181339134948142,0.20732494792214498,-0.20465189211168835,1.0503725217422915,1.2287076099009695,2.736525348811714,5422.843030390808,2833.4343627436506,1.913876355032202,8266.310218300343
balanced_interleaved.csv,429,109824.0,110080.0,1,752.8576696165192,753.90625,87.33001275564999,77.73542615290901,40.532544378698226,79.69633892494184,340,255.99609375,1.3281452658884565,1.0,0.2393730741715041,0.20246636891949063,-0.17612674475738171,1.0534242241721867,1.195650914809283,2.6250891689792244,6518.744686831746,4425.00430766892,1.4731612069923166,10963.061774792346
balanced_interleaved.csv,430,110080.0,110336.0,1,661.8462597150259,660.15625,59.28159195021412,43.530948019435314,24.415584415584416,90.6554945643033,387,255.99609375,1.5117418173495079,1.0,0.2023689411926889,0.21453062277356463,-0.23220938990157533,1.0572793659625068,1.2362299958565754,2.70386418089433,3920.1274329398657,2277.478948287177,1.721257373592004,6210.402303858288
balanced_interleaved.csv,431,110336.0,110592.0,0,644.9948705808081,638.671875,66.18903583690285,57.429089655909465,21.012658227848103,93.02399559545475,397,255.99609375,1.5508049134050508,1.0,0.2125023624770337,0.21202053115206684,-0.21128105014171888,1.0647376301067977,1.2751888489300756,2.8041722084250393,4512.478695962801,2413.6340235003922,1.8695786734968802,6947.776315028272
balanced_interleaved.csv,432,110592.0,110848.0,0,703.9213154269972,695.3125,92.86523600586733,74.91236391224008,37.569060773480665,85.23679946188889,364,255.99609375,1.4218966964217594,1.0,0.23931588923062275,0.2073332777871948,-0.19587647446466508,1.0559641648831695,1.1419424530914097,2.482796006512997,6923.400933442256,4557.284017925666,1.5191945259961157,11520.536785783373
balanced_interleaved.csv,433,110848.0,111104.0,0,725.6414240056819,722.65625,84.90834450064064,75.81555830793442,43.87464387464387,82.68546697456757,353,255.99609375,1.3789272907606622,1.0,0.23051837432874178,0.20853473866474126,-0.20421808010809012,1.053997164488331,1.1538218178371782,2.4681848117081797,6723.258338580262,4523.622621450404,1.4862553535521474,11278.335235209388
balanced_interleaved.csv,434,111104.0,111360.0,3,721.3504780453258,726.5625,87.99082712392101,68.29656712853853,28.693181818181817,83.17732063141425,354,255.99609375,1.3828336003662165,1.0,0.20485393794127646,0.20994519066774106,-0.21609311188267627,1.0542319556255064,1.277772226987812,2.8641436934403455,6257.127047946001,2887.023631003721,2.167327963910918,9193.690664976864
balanced_interleaved.csv,435,111360.0,111616.0,3,725.8411754261364,726.5625,84.04161691941127,68.08002483830708,27.92022792022792,82.66271194214687,353,255.99609375,1.3789272907606622,1.0,0.20681287131006687,0.2087724056899375,-0.2119081057294544,1.0489148770169427,1.2604226139236243,2.81170051741268,6092.7894388555005,2691.0190229452933,2.2641197951053513,8808.098521384678
balanced_interleaved.csv,436,111616.0,111872.0,1,734.2852011494252,730.46875,70.37995336435094,55.05174408962879,35.158501440922194,81.71211935917819,349,255.99609375,1.3633020523384451,1.0,0.23259106993550555,0.20428223794834505,-0.18701087309954564,1.0459309081064248,1.188900418011155,2.5963661898525414,5383.087543141833,3230.0053817640987,1.6665877937955036,8614.384919874225
balanced_interleaved.csv,437,111872.0,112128.0,2,607.524181547619,601.5625,61.90538152025624,32.088863068613804,11.933174224343675,98.76150089557723,421,255.99609375,1.6445563439383535,1.0,0.19320009451254025,0.21757786872441587,-0.2357725800285789,1.0565255380740712,1.2678004048526539,2.7692982750510264,3518.3293597049474,1483.370270979629,2.3718483702531103,5002.859728504861
balanced_interleaved.csv,438,112128.0,112384.0,2,672.9262862796834,671.875,66.80762173555115,43.01991977848389,18.51851851851852,89.16281206922959,380,255.99609375,1.484397650110628,1.0,0.1978918748859594,0.21212464958763147,-0.22538256905426945,1.0542091525643358,1.3049373389681866,2.925976570836081,4982.386967598285,1679.1054213642578,2.967286570696759,6675.544593010155
balanced_interleaved.csv,439,112384.0,112640.0,3,663.6363636363636,656.25,72.79742841634217,61.06412073156042,23.4375,90.41095890410959,386,255.99609375,1.5078355077439536,1.0,0.19409179031064056,0.21593761742781797,-0.23726854040515505,1.057371049059043,1.267148058667434,2.788658797161963,5156.159772572433,2484.9056261764586,2.074992192160735,7676.067947341668
balanced_interleaved.csv,440,112640.0,112896.0,3,661.502185880829,660.15625,64.43926441601083,43.19046987246588,23.896103896103895,90.7026481252008,387,255.99609375,1.5117418173495079,1.0,0.20382147689951105,0.2151106938633375,-0.23142431935836139,1.0605680222964906,1.2254452072897395,2.682546001627096,4588.888228902921,2132.799840155386,2.151579413363326,6723.615667503757
balanced_interleaved.csv,441,112896.0,113152.0,0,665.1204427083334,667.96875,79.49542403600434,64.45443850528825,28.98172323759791,90.20922549859293,385,255.99609375,1.5039291981383993,1.0,0.22167699323818602,0.21140462681235647,-0.20985098554336148,1.0586861694773768,1.1983050669607007,2.595370702224878,4334.338374667367,3434.08377653014,1.2621527769036727,7778.628958019039
balanced_interleaved.csv,442,113152.0,113408.0,2,608.1164230310262,605.46875,55.79551854848283,31.033142225370664,11.961722488038278,98.66531757347192,421,255.99609375,1.6445563439383535,0.9976190476190476,0.19521822144842574,0.21800103114808853,-0.23263083563321071,1.0591269776481975,1.2670751094278765,2.7533103876385994,3394.1809822759787,1457.0250172018482,2.329528280025248,4852.017466871083
balanced_interleaved.csv,443,113408.0,113664.0,1,724.8140934844192,726.5625,68.80853870549257,53.60227580214493,33.23863636363637,82.77984732824427,354,255.99609375,1.3828336003662165,1.0,0.20868902252476546,0.21120045666037932,-0.22408124584717143,1.050978444604798,1.211625293383926,2.6571730280515027,5228.778732777108,3082.0681242374217,1.696516274788973,8311.329801085325
balanced_interleaved.csv,444,113664.0,113920.0,1,770.4753587613293,769.53125,91.44364174980426,83.29235572165031,42.72727272727273,77.87400248135157,332,255.99609375,1.2968947890440223,1.0,0.2263374672532276,0.2023062035105092,-0.20053653041811353,1.0396443634262875,1.2055681043343855,2.6880460261642574,7819.869683748584,4300.5984676294665,1.8183212737968015,12124.547342773756
balanced_interleaved.csv,445,113920.0,114176.0,0,742.8708090379009,742.1875,81.91082614780085,60.71667410383693,40.058479532163744,80.76774490265215,344,255.99609375,1.3437705043106738,1.0,0.2396722625995879,0.2019341271629354,-0.17730879161911411,1.0467838368382598,1.2080984828737722,2.671879406439765,6557.407880287674,3579.5399893193703,1.831913569859162,10148.624545134993
balanced_interleaved.csv,446,114176.0,114432.0,0,711.503307799443,710.9375,84.31385124450067,68.2912232602741,46.36871508379888,84.32849059489217,360,255.99609375,1.4062714579995423,1.0,0.24604890246429892,0.20632747824229447,-0.18680761292314885,1.065476883555404,1.1533460286206048,2.5042890698710485,5473.304634501228,5183.282538148019,1.0559533643436758,10664.461719048888
balanced_interleaved.csv,447,114432.0,114688.0,0,682.779077540107,679.6875,78.72219923235475,70.72235189986371,32.975871313672926,87.87615492871565,375,255.99609375,1.4648661020828564,1.0,0.2230474131392651,0.21343879261059465,-0.2198459895536279,1.064024749772881,1.152263061227877,2.4624494219240693,5081.234267698462,3991.1761565668508,1.2731170132238068,9089.695838010539
balanced_interleaved.csv,448,114688.0,114944.0,3,643.1340522670025,648.4375,57.65210614624685,32.223722661453124,13.636363636363635,93.29314749934979,398,255.99609375,1.554711223010605,1.0,0.18448981580809662,0.2165322660637848,-0.24294561729234176,1.054780937975956,1.3000646054015614,2.885294044122271,3693.6891711823205,1254.0558270842118,2.9453945282248455,4948.740338584215
balanced_interleaved.csv,449,114944.0,115200.0,3,642.2780226700252,644.53125,56.341836305387304,30.258319121286505,11.363636363636363,93.41748881671671,398,255.99609375,1.554711223010605,1.0,0.1904122609599687,0.21511266864953896,-0.23430923513862628,1.0477199156961892,1.2846156060637715,2.806080919838518,3396.1095655221857,1072.8166260217288,3.1656011690607424,4469.459175112185
balanced_interleaved.csv,450,115200.0,115456.0,1,647.7650316455696,648.4375,54.85730049131499,37.809557538793634,20.050761421319795,92.62617935330219,396,255.99609375,1.5468986037994965,1.0,0.21550976365300045,0.2129971399940329,-0.21073714598688417,1.0608768921618137,1.2343783428381345,2.663786355174003,3560.687493720344,1902.6058028201937,1.8714793618533117,5463.342080510967
balanced_interleaved.csv,451,115456.0,115712.0,2,709.8385271587744,714.84375,74.77047284009663,48.06558026849138,29.329608938547487,84.52626576942532,360,255.99609375,1.4062714579995423,1.0,0.20285509966397036,0.21030944131217866,-0.2260741767883814,1.0561915908745763,1.2777450573351128,2.885227406781614,5695.253215635909,2230.3017530336324,2.553579670503907,7927.805010132364
balanced_interleaved.csv,452,115712.0,115968.0,2,654.9178685897435,652.34375,73.48541877063397,58.73116117581131,19.53727506426735,91.61454111673575,392,255.99609375,1.5312733653772794,0.9974424552429667,0.20363659534878997,0.2141740607875019,-0.22307219207792797,1.0616690023761548,1.2723168586528752,2.7936702251278627,5026.404658025544,2399.270403295874,2.094972142831746,7453.011579197286
balanced_interleaved.csv,453,115968.0,116224.0,2,639.2445958646616,632.8125,69.864825842662,40.15147450242527,20.85427135678392,93.86078566505859,401,255.99609375,1.5664301518272679,0.9975,0.18930269545669914,0.21803663471467224,-0.24775922555073462,1.0530612126164545,1.229827071258304,2.6505335406291213,4511.954022203487,1975.9425442206782,2.283443936869644,6494.116188778011
balanced_interleaved.csv,454,116224.0,116480.0,3,645.6981803797469,632.8125,71.86802442943683,44.0168028374084,25.12690355329949,92.92267164933453,396,255.99609375,1.5468986037994965,1.0,0.19944046409328076,0.21757517868255255,-0.23956319067012075,1.0589400762468244,1.193186975508788,2.5645375338616283,4547.834533977727,2063.0645661407316,2.2044072728587096,6615.0075067194175
balanced_interleaved.csv,455,116480.0,116736.0,0,691.1739864864865,683.59375,70.70797976005102,54.32219563357821,34.959349593495936,86.80882263090365,371,255.99609375,1.4492408636606393,1.0,0.23922326393148519,0.2069727138856103,-0.1924665655130298,1.062120906061286,1.194597136310283,2.617415730955546,5149.719954302551,3633.102290350801,1.4174442508761045,8783.11932458966
balanced_interleaved.csv,456,116736.0,116992.0,2,724.3097478693181,718.75,74.4517777749289,69.29613235721604,29.059829059829063,82.8374879345478,353,255.99609375,1.3789272907606622,1.0,0.20867712569137883,0.20822085573693255,-0.21041369466176166,1.0504094468664047,1.2593376500895304,2.8091015969458564,5977.579993456623,3107.0448308362998,1.9238795443603829,9130.362372686635
balanced_interleaved.csv,457,116992.0,117248.0,1,702.3094093406594,701.171875,66.20881839224596,52.62555650278638,31.129476584022036,85.43243078051464,365,255.99609375,1.4258030060273137,1.0,0.2097547035728114,0.2115218389088903,-0.22312310775664923,1.0549792430707639,1.223685942189069,2.6885824828647715,4663.328649834931,2814.565092805884,1.6568558537709943,7485.102269953259
balanced_interleaved.csv,458,117248.0,117504.0,1,753.2706176035502,757.8125,94.91493914963138,70.80405370295908,34.42136498516321,79.65264885929518,339,255.99609375,1.3242389562829022,1.0,0.22203702953251175,0.20518094699799858,-0.19584004945394018,1.0613696794091811,1.2896982367177772,2.9455588860756343,5973.8637272416845,3204.899848742004,1.8639782861191627,9204.692362705313
balanced_interleaved.csv,459,117504.0,117760.0,0,725.8744673295455,718.75,81.6669173717938,58.684565779877694,36.46723646723647,82.6589206543342,353,255.99609375,1.3789272907606622,1.0,0.22826848848559364,0.20638154452816648,-0.19658396653975557,1.0550448566314974,1.207948895656258,2.6456932993741082,6114.023010669231,3524.42678303817,1.7347567099688037,9645.48913816258
balanced_interleaved.csv,460,117760.0,118016.0,0,679.5628324468086,675.78125,85.1573530655996,68.8694511527668,35.733333333333334,88.29205650339387,377,255.99609375,1.4726787212939652,1.0,0.2288274176817049,0.21119304466200436,-0.2093565285666575,1.0595146187610858,1.149885749753645,2.450983199521743,5149.308637853999,4488.535700025542,1.1472134749478984,9643.881167903046
balanced_interleaved.csv,461,118016.0,118272.0,0,651.1479591836735,636.71875,90.6059269274687,64.351096660463,25.575447570332482,92.14495592556317,393,255.99609375,1.5351796749828337,1.0,0.2108467276600202,0.21513576467255996,-0.2287101313100498,1.0609804348952323,1.1917683354415352,2.5824989842353876,5236.906244787143,3606.642717529393,1.452016918486039,8856.572042475595
balanced_interleaved.csv,462,118272.0,118528.0,3,616.8195199275362,613.28125,66.78415110676262,51.93158349877776,11.380145278450362,97.27318617777982,415,255.99609375,1.6211184863050279,1.0,0.18455082938186163,0.21932448640914096,-0.24070724590149847,1.0571950443844107,1.2979572391656586,2.8290415582452546,4154.252621646635,1631.9509019554155,2.545574512486239,5808.0735754532125
balanced_interleaved.csv,463,118528.0,118784.0,3,588.5926699308756,585.9375,43.43917377401358,23.948404508524096,4.387990762124711,101.93806865968347,435,255.99609375,1.6992446784161135,1.0,0.18362211320008898,0.22197400598520572,-0.24562391718261753,1.065765341150788,1.2898771394399646,2.7794335464198383,2625.445446034942,808.8814756355083,3.2457727431231214,3435.848089927556
balanced_interleaved.csv,464,118784.0,119040.0,1,724.8313210227273,722.65625,77.4888585123634,55.61251858171185,33.61823361823362,82.77787984567334,353,255.99609375,1.3789272907606622,1.0,0.23091546520361125,0.205493895956911,-0.19351365798158035,1.0480303501715527,1.1817159609465098,2.5728156595062535,5560.537197812231,3304.461676995153,1.6827361734963728,8889.254376093504
balanced_interleaved.csv,465,119040.0,119296.0,2,699.0796232876712,695.3125,64.91504815211879,43.22747718354434,24.175824175824175,85.82713327822174,367,255.99609375,1.4336156252384222,0.9972677595628415,0.20697075050232966,0.210377941390407,-0.21561805118747768,1.0562495278780641,1.2888706671070862,2.879093631748546,4683.5847573490555,1915.3747971792873,2.445257588356297,6605.453996192345
balanced_interleaved.csv,466,119296.0,119552.0,2,696.0256301089918,691.40625,69.07022950779513,50.24975378128991,29.23497267759563,86.2037221109293,368,255.99609375,1.4375219348439765,1.0,0.21148531055205938,0.21028312227383517,-0.22118570420114395,1.0549938919773874,1.2299941705865367,2.735953486349355,5879.444229347863,2250.848238317727,2.61210157542302,8134.921902920836
balanced_interleaved.csv,467,119552.0,119808.0,2,683.8765080428955,687.5,78.76737481424202,51.74027538789508,27.956989247311824,87.73513828060396,374,255.99609375,1.4609597924773021,1.0,0.20135287904274435,0.21242334609354502,-0.22407582899605522,1.051072208480205,1.2398045491559682,2.714739586219979,5223.124909584996,2349.443530401867,2.2231327725044716,7578.365443422589
balanced_interleaved.csv,468,119808.0,120064.0,3,698.7171277322404,703.125,75.55848657884968,65.50366157302551,29.041095890410958,85.87166053126002,367,255.99609375,1.4336156252384222,1.0,0.2007823947635186,0.21227224469209263,-0.22739621886806033,1.0493118351453845,1.248660268500692,2.7470714250601054,5311.883905340372,3115.5370502189544,1.7049657313390196,8461.421544190282
balanced_interleaved.csv,469,120064.0,120320.0,0,673.2973284960423,667.96875,76.07728724218919,54.62472185639537,30.952380952380953,89.11367602485993,380,255.99609375,1.484397650110628,1.0,0.23096054414193182,0.20985719696858315,-0.19793952343323648,1.0631392683912433,1.1920072139779918,2.6009778004088817,4636.227791685133,3405.487685694536,1.3613990768959694,8044.1099391288
balanced_interleaved.csv,470,120320.0,120576.0,2,625.6893382352941,625.0,51.38245267953583,32.47835374630347,13.267813267813267,95.89423430040397,409,255.99609375,1.5976806286717022,1.0,0.1955789653883164,0.21685270141023674,-0.23620518957311648,1.0603821372656188,1.262586669971863,2.7546174838030115,3105.9369160220594,1415.0427510856196,2.1949421059110668,4523.731414447658
balanced_interleaved.csv,471,120576.0,120832.0,1,631.6715655940594,628.90625,57.18177461374451,36.56111811029835,18.11414392059553,94.98607071789377,406,255.99609375,1.5859616998550392,0.9975308641975309,0.21112208934638618,0.21476633202972417,-0.22332732132104538,1.0633117884815944,1.2308507069095727,2.6658551041560976,3744.5457582976424,1863.9905087994255,2.0088867087147673,5609.679761662365
balanced_interleaved.csv,472,120832.0,121088.0,1,669.5271489501313,660.15625,79.31742131466983,63.54966375249438,22.63157894736842,89.61548474036414,382,255.99609375,1.4922102693217365,1.0,0.2202906693853514,0.2094149703987679,-0.19945607355767564,1.0624170432937188,1.2731471865931008,2.8318181213102527,5742.752524809917,2481.4261825515187,2.3142951280158375,8239.053031707881
balanced_interleaved.csv,473,121088.0,121344.0,0,699.6361301369863,695.3125,82.28504798696345,69.91820582490317,36.53846153846153,85.7588643803347,367,255.99609375,1.4336156252384222,0.9972677595628415,0.23021044382113903,0.20993011240720688,-0.20707218863725246,1.065500428597589,1.1879635378302333,2.6097692906017373,5899.486101651255,3984.2698243083178,1.4806944212608455,9913.190448239733
balanced_interleaved.csv,474,121344.0,121600.0,0,702.490099862259,699.21875,80.2734126808395,61.68675192454771,45.85635359116022,85.41045633492134,365,255.99609375,1.4258030060273137,0.9972527472527473,0.24277893558058591,0.20861124828858402,-0.19351272499797803,1.0654912454358623,1.1415712539778946,2.459418440891464,5160.580552259597,4650.399180248374,1.1097070062669276,9813.897780178917
balanced_interleaved.csv,475,121600.0,121856.0,0,680.7916666666666,683.59375,74.19566878880197,52.255427094862384,32.35294117647059,88.13268865903666,376,255.99609375,1.4687724116884109,1.0,0.23188276734518726,0.21126439183382387,-0.20194413118116014,1.0671405107478857,1.1679207061276786,2.5331753135106068,4003.278431044897,3520.01559194928,1.1372899711583382,7534.530315850799
balanced_interleaved.csv,476,121856.0,122112.0,3,643.0356580604534,636.71875,66.82151483605334,59.48300635144645,13.131313131313133,93.30742276559606,398,255.99609375,1.554711223010605,1.0,0.18585781936570295,0.21806688745460115,-0.2411514109620784,1.0603250028378235,1.2935753973961017,2.849399974265898,4165.1391062256225,1999.6999353338656,2.0828820527666916,6211.463792003991
balanced_interleaved.csv,477,122112.0,122368.0,3,692.3060636856369,691.40625,66.43915401935122,58.88458166659819,17.934782608695652,86.6668705464999,370,255.99609375,1.445334554055085,1.0,0.19444256162925969,0.2110446864418525,-0.22627098725466943,1.0446674024618665,1.2758412029076662,2.8212733231038847,5449.659886750376,2024.2195243851256,2.6922277060862547,7509.418370444843
balanced_interleaved.csv,478,122368.0,122624.0,1,737.8635296242775,738.28125,83.17228639617318,58.49251520327412,36.52173913043478,81.3158498707101,347,255.99609375,1.3554894331273366,1.0,0.2176762297885066,0.20619015754921172,-0.20435295620595703,1.044023068277156,1.2141093655763318,2.6798243496491576,6464.692837235196,3190.3531482979497,2.0263251548450376,9660.44222323805
balanced_interleaved.csv,479,122624.0,122880.0,2,679.90625,675.78125,74.33240488553997,60.09896777464407,23.52941176470588,88.24746058739716,377,255.99609375,1.4726787212939652,0.9973404255319149,0.20643016342732246,0.2098603611076268,-0.2159833084723133,1.0517848434695987,1.2794253471083767,2.8588694917966206,5553.197435035643,2327.0978081255053,2.3863188799566553,7908.556303452483
balanced_interleaved.csv,480,122880.0,123136.0,2,689.1846361185984,687.5,72.95640255368272,69.20492386394453,29.45945945945946,87.05939868002933,372,255.99609375,1.4531471732661936,1.0,0.20026119558676264,0.21194511236878627,-0.2239927773670883,1.0489783126134766,1.248610886938816,2.735920363782327,5735.3257186983865,2893.7510816195277,1.9819692699651734,8642.280704769762
balanced_interleaved.csv,481,123136.0,123392.0,2,654.0064102564103,646.484375,90.20112529716377,62.05089992898659,20.051413881748072,91.74222004410683,391,255.99609375,1.527367055771725,1.0,0.1868767920265352,0.2177548467682981,-0.24903740962514975,1.0546945121751272,1.2466855493298106,2.7235515616662376,5042.269276437746,2599.8744823039165,1.9394279649875505,7658.373534542773
balanced_interleaved.csv,482,123392.0,123648.0,3,614.2108623798077,597.65625,75.26324907032135,36.55496508060742,16.14457831325301,97.68632187246793,418,255.99609375,1.6328374151216907,0.9976019184652278,0.18412133980619932,0.2209451964515316,-0.25501914231553874,1.0551885916252546,1.2337612334811727,2.667889947550359,4224.712874385966,1600.9775952394634,2.638833227240798,5832.469056307737
balanced_interleaved.csv,483,123648.0,123904.0,0,669.9885170603675,667.96875,73.31654370039375,68.75385474390787,28.421052631578945,89.55377364265165,382,255.99609375,1.4922102693217365,1.0,0.2320102338654029,0.20894196762736603,-0.19397126034362913,1.0574767455578509,1.1892139464059346,2.5519628534848806,4574.230696256952,3676.0715889927255,1.24432579331523,8287.157959150783
balanced_interleaved.csv,484,123904.0,124160.0,2,741.4834665697674,742.1875,71.73521451233813,53.73187270073192,35.27696793002916,80.9188642837453,345,255.99609375,1.347676813916228,1.0,0.22510783591929298,0.20620415467855238,-0.19993341962626762,1.0503778722330397,1.2203369146393812,2.6980188577105295,6172.26221410158,2824.425512098049,2.1853159829011317,9008.013168657846
balanced_interleaved.csv,485,124160.0,124416.0,1,737.3893605491329,742.1875,92.27088448151044,67.47691604913351,30.434782608695656,81.36813901860216,347,255.99609375,1.3554894331273366,1.0,0.2031173668324807,0.210256718259248,-0.22052464913963055,1.0558104430403192,1.2776731132768333,2.88380172935394,5924.523200080082,2926.4013724288816,2.024508071892678,8853.273129000354
balanced_interleaved.csv,486,124416.0,124672.0,1,676.7863063660477,664.0625,80.37960832016267,45.4325484391462,23.404255319148938,88.65427600355186,378,255.99609375,1.4765850308995194,1.0,0.20564938562019908,0.21276453770323148,-0.21501501749639618,1.0610765408272458,1.2834815437306935,2.8353657315493743,4588.296185365887,2181.361310028331,2.103409538012891,6774.888598767239
balanced_interleaved.csv,487,124672.0,124928.0,0,704.0934917355372,687.5,87.8573318691307,61.471817238241975,36.187845303867405,85.21595598349381,364,255.99609375,1.4218966964217594,1.0,0.21921576301093468,0.2102060824245791,-0.21487052871596635,1.0554288453939242,1.2017351323624015,2.6543630618364675,6031.584145022353,3584.359285419435,1.682750992501732,9617.110066672456
balanced_interleaved.csv,488,124928.0,125184.0,0,734.9153458213257,734.375,86.52394088090801,70.24347326290786,49.13294797687861,81.64205624655352,349,255.99609375,1.3633020523384451,0.9971264367816092,0.2255368789158796,0.20901294648362467,-0.2190626439993447,1.055953786092508,1.1416236493777117,2.504093236409009,5833.36774408371,5443.526144109291,1.0716156384031124,11280.821669664243
balanced_interleaved.csv,489,125184.0,125440.0,0,715.281425070028,722.65625,100.29688242546236,61.365699928195376,36.79775280898877,83.8830674152147,358,255.99609375,1.3984588387884336,1.0,0.22769755184083793,0.20795394022659758,-0.1994251979802589,1.0580504945034368,1.1803380955478244,2.5838961864499277,5397.221058336493,4442.267771563026,1.214969771270106,9840.631376955824
balanced_interleaved.csv,490,125440.0,125696.0,3,605.0614632701422,599.609375,55.332991056615676,26.363192286061953,7.363420427553444,99.16347948474741,423,255.99609375,1.652368963149462,1.0,0.17634012684206843,0.2216894415006038,-0.2534359292920315,1.0578900669639573,1.2878525542192827,2.775502518729806,3132.788543646682,806.7207565400715,3.8833617683060937,3940.1592714062863
balanced_interleaved.csv,491,125696.0,125952.0,3,670.0241328534031,671.875,54.19138004046836,40.38723197246424,14.960629921259844,89.54901332356577,383,255.99609375,1.4961165789272908,1.0,0.18148634792192148,0.2176954374684172,-0.2508137495651979,1.0545095808792337,1.2957330627375478,2.856506822118277,3778.243195194037,1242.621442549646,3.0405424096350133,5022.283644207778
balanced_interleaved.csv,492,125952.0,126208.0,1,760.0979477611941,761.71875,82.32126270475719,75.06978639077475,34.73053892215569,78.93719510324303,336,255.99609375,1.3125200274662394,1.0,0.21590073887716754,0.20585900916106156,-0.20380916880191116,1.0558719390853308,1.2694887996523836,2.9020291116653913,6569.734633601103,3198.7805405036734,2.0538247467788606,9818.201489275129
balanced_interleaved.csv,493,126208.0,126464.0,2,660.0452196382429,648.4375,83.39967043520025,44.26879940148953,22.279792746113987,90.90286273550282,388,255.99609375,1.5156481269550621,1.0,0.2047661377638169,0.2147286997934676,-0.22730550626934495,1.0633781460246428,1.2634794641595088,2.7681493375646724,4743.013451645783,2121.0046662147342,2.236210757664402,6868.1085482789695
balanced_interleaved.csv,494,126464.0,126720.0,2,661.8563795336787,652.34375,85.02524606807144,74.4541401357936,24.675324675324674,90.65410843705087,387,255.99609375,1.5117418173495079,1.0,0.2022191073031249,0.21416973959898045,-0.2339365042017813,1.0550018082664234,1.2397532275840724,2.736801527318649,5716.28320343984,3210.4997605225585,1.7804963805726701,8948.447639846372
balanced_interleaved.csv,495,126720.0,126976.0,2,664.0523538961039,664.0625,74.55288741620723,40.76734205816148,22.395833333333336,90.35432168558725,387,255.99609375,1.5117418173495079,0.9974093264248705,0.19623922250029113,0.21474040629829252,-0.23472386401153755,1.0492395219583517,1.2392110843793724,2.691071407084374,4184.916629202607,2047.2896029400713,2.0441253759080946,6235.077691298482
balanced_interleaved.csv,496,126976.0,127232.0,3,653.135016025641,648.4375,66.74033157147294,48.0967273622761,17.994858611825194,91.864619914429,391,255.99609375,1.527367055771725,1.0,0.18806149277748466,0.21791354716036734,-0.2424021902840724,1.051985928791689,1.2526142845694153,2.7278580789184206,4446.425313025486,1874.6648720528701,2.371850766135274,6323.59666586458
balanced_interleaved.csv,497,127232.0,127488.0,0,724.825159348442,722.65625,77.74989093719695,74.30543354852311,38.35227272727273,82.77858353307583,354,255.99609375,1.3828336003662165,1.0,0.2431759861969965,0.20645280883691516,-0.1856382199404998,1.0607530027396292,1.1649258183772753,2.5149230103152442,5257.326135888864,4466.010785673363,1.1771861708784903,9742.970866620564
balanced_interleaved.csv,498,127488.0,127744.0,2,725.9392806267806,726.5625,65.49967622901676,50.655751517772956,30.0,82.65154070213093,352,255.99609375,1.375020981155108,1.0,0.21645338071991083,0.2092604065594015,-0.2089455580832667,1.0610034505661843,1.2536938881280826,2.783045500694487,4919.433866058488,2506.105035358783,1.962979921691193,7445.340603934242
balanced_interleaved.csv,499,127744.0,128000.0,1,767.161692942943,765.625,78.29408750027602,72.14022618956022,36.144578313253014,78.21037018914662,334,255.99609375,1.3047074082551309,1.0,0.22397721688062386,0.20341585513295626,-0.19138586320739046,1.0556749045367864,1.2846733441623417,2.93067218924316,6482.52041728201,3109.6531424870514,2.0846442095781117,9596.095565001591
balanced_interleaved.csv,500,128000.0,128256.0,1,668.7050065445026,658.203125,77.35648429585451,46.78691554360383,26.509186351706038,89.72566290485366,383,255.99609375,1.4961165789272908,1.0,0.2113238809749249,0.21322004884839874,-0.21091773416394077,1.0628608081605277,1.2606705717418663,2.742203293071835,4094.5394320531786,2443.031015521315,1.6760079614377923,6552.299363415042
balanced_interleaved.csv,501,128256.0,128512.0,1,698.2876712328767,675.78125,107.31006587052204,74.09410396068488,38.18681318681318,85.92447278077489,366,255.99609375,1.429709315632868,1.0,0.21324439943685025,0.21171605225663687,-0.22426375603877946,1.058696375715696,1.1951177778376187,2.6385268385626137,6658.3014650841615,4364.449601826346,1.525576435181639,11067.99104032823
balanced_interleaved.csv,502,128512.0,128768.0,0,749.3699596774194,753.90625,95.22717245131673,77.52035087328657,50.294117647058826,80.0672608037666,342,255.99609375,1.335957885099565,1.0,0.22879213036619664,0.2068557854759614,-0.2039724789100993,1.0524625400219425,1.1456527768309126,2.5157460933981195,5762.183687621337,5795.380638742044,0.994271825581432,11560.798591286175
balanced_interleaved.csv,503,128768.0,129024.0,0,720.8686440677966,714.84375,89.49736166989642,83.94235280550939,39.6600566572238,83.23291697281411,355,255.99609375,1.3867399099717708,1.0,0.243190101639846,0.2064514000743232,-0.18682559652956268,1.0635982413251557,1.1605896873550914,2.547165298973364,6271.463085619899,4936.672770239399,1.270382579017035,11228.335803873997
balanced_interleaved.csv,504,129024.0,129280.0,3,691.5226964769648,691.40625,69.53171278231689,61.705137356638275,21.467391304347828,86.76504806809135,370,255.99609375,1.445334554055085,1.0,0.1873623378989558,0.21395541592929473,-0.23772689993109786,1.0477160929062106,1.27059494306871,2.81034979518331,5485.174764771525,2305.8799841900905,2.37877721407002,7798.180172748587
balanced_interleaved.csv,505,129280.0,129536.0,3,727.890625,730.46875,64.69122186902013,44.3452789633951,25.501432664756447,82.42996672748738,351,255.99609375,1.3711146715495537,1.0,0.20398362168693196,0.20857979436742458,-0.218512660256829,1.0449483110505562,1.2744307998423645,2.839812995977695,5532.446343341802,1955.0662286627005,2.829799963925566,7510.529808915204
balanced_interleaved.csv,506,129536.0,129792.0,1,701.890882554945,699.21875,68.83425960154597,52.51601226079362,26.997245179063363,85.48337283082333,365,255.99609375,1.4258030060273137,1.0,0.22111082638108837,0.20683187740395453,-0.19372387441740982,1.0610218786541492,1.279766457246351,2.8770361942620832,5225.958011132577,2025.1558556212162,2.5805213937618223,7259.987257928689
balanced_interleaved.csv,507,129792.0,130048.0,2,659.1771640826873,656.25,74.48317515243791,62.234740592937115,28.238341968911918,91.02257066732,388,255.99609375,1.5156481269550621,1.0,0.20864926832326158,0.21449900733985944,-0.21999738353003045,1.058219952417224,1.2177763557039012,2.6052891586851104,5064.791034418191,3056.2177381474985,1.657208834043406,8146.767046678709
balanced_interleaved.csv,508,130048.0,130304.0,2,633.3456110421836,632.8125,61.48528823337662,53.634162181969,18.65671641791045,94.7350055860792,405,255.99609375,1.582055390249485,0.9975247524752475,0.19296131459521976,0.21785299215499396,-0.24251715700740434,1.057637079276434,1.2512789545186507,2.704748770220019,4045.6735766517018,2159.05807648868,1.8738141510446364,6224.397941006975
balanced_interleaved.csv,509,130304.0,130560.0,2,654.9679487179487,644.53125,75.17266351816397,59.33483253100295,20.822622107969153,91.60753609004159,391,255.99609375,1.527367055771725,1.0,0.18707197342930643,0.21571439616701327,-0.24280686287918565,1.050689835801867,1.273078242156399,2.809094278041904,4981.187817052757,2463.316200593605,2.0221471428850264,7491.601253212803
balanced_interleaved.csv,510,130560.0,130816.0,3,682.2777406417113,677.734375,69.02052478063474,51.34604199659064,22.78820375335121,87.94072622619558,375,255.99609375,1.4648661020828564,1.0,0.19411958192520531,0.21292393522543318,-0.23142366266796324,1.0495831516178633,1.2699915153798744,2.825995822773325,5251.221791178024,1907.1478884454311,2.7534423643771224,7163.002314678558
balanced_interleaved.csv,511,130816.0,131072.0,0,661.8462597150259,660.15625,60.633381953996995,45.415331286342216,27.27272727272727,90.6554945643033,387,255.99609375,1.5117418173495079,1.0,0.23154367247070712,0.21055780115254727,-0.19767199619514444,1.062734234158316,1.1942946383699284,2.5838803478450343,3529.4426234114358,2856.31912479045,1.2356611671219926,6386.147442842255
balanced_interleaved.csv,512,131072.0,131328.0,2,688.1949123989218,687.5,66.71859261498552,49.49564833366257,27.027027027027028,87.18460267433677,372,255.99609375,1.4531471732661936,1.0,0.2160079205533835,0.20843322344843454,-0.208233725801139,1.0513946950038957,1.236670287704293,2.738469459055893,5193.008185127529,2375.357255576766,2.1862009063839127,7570.049984366821
balanced_interleaved.csv,513,131328.0,131584.0,1,654.1466346153846,652.34375,67.02241449334319,57.51401802640198,18.76606683804627,91.72255397335783,391,255.99609375,1.527367055771725,1.0,0.21183953429130714,0.21168810568113663,-0.20995605570199366,1.0613852233807302,1.287866446619418,2.852050168938315,4660.599158652699,2143.9850265420146,2.173802102605947,6842.1482927235475
balanced_interleaved.csv,514,131584.0,131840.0,1,727.241363960114,718.75,95.32494037948855,58.832845511138586,38.57142857142858,82.50355792920868,353,255.99609375,1.3789272907606622,0.9971590909090909,0.22592625787527426,0.20634492054052408,-0.20607720838614751,1.0574394305345505,1.196597003680168,2.6822907857429827,7087.623153868325,3472.703423623412,2.0409526208469346,10566.855502415412
balanced_interleaved.csv,515,131840.0,132096.0,1,725.7080078125,726.5625,89.7849788637907,62.270392099423866,45.01424501424501,82.67788057190917,353,255.99609375,1.3789272907606622,1.0,0.22806720931260346,0.20726148850422307,-0.20410564920181778,1.0479164485188228,1.1646187563602097,2.5157759174097256,5890.591065154247,4306.979063512948,1.3676850939576288,10202.808580059971
balanced_interleaved.csv,516,132096.0,132352.0,0,699.3260645604396,699.21875,80.56873539649301,76.52266288396392,38.29201101928375,85.79688794770279,365,255.99609375,1.4258030060273137,1.0,0.23633827008272984,0.20715512145061915,-0.19342610926079065,1.0616682444514534,1.189405384628362,2.6252464347146773,5526.193224666285,4569.125601904199,1.2094640651513768,10116.068113487143
balanced_interleaved.csv,517,132352.0,132608.0,0,720.6316021126761,714.84375,84.44046472247132,78.20330644793175,38.4180790960452,83.2602953077522,356,255.99609375,1.390646219577325,1.0,0.22623204718610634,0.2084623756516351,-0.2067422953282049,1.057837157752092,1.1777550739235751,2.5750985324893705,5752.707580052884,4861.011624336124,1.1834383508265194,10655.470276745265
balanced_interleaved.csv,518,132608.0,132864.0,3,598.6098884976526,597.65625,50.726642842623896,45.328740117133385,6.352941176470588,100.23222327747311,427,255.99609375,1.6679942015716793,1.0,0.17689938610859596,0.22104151065993516,-0.2509228821538416,1.0542123309484541,1.2865583486493062,2.7873605610233563,2982.954167418702,1299.8579538867746,2.2948308763270724,4297.900207097689
balanced_interleaved.csv,519,132864.0,133120.0,3,592.4750434027778,593.75,47.33084614487396,36.064927637419636,5.56844547563805,101.2700883659173,433,255.99609375,1.691432059205005,1.0,0.17652393591332619,0.22229482433396597,-0.2550853833694254,1.0601855262567643,1.2948463895148226,2.7937701197952034,2938.033817322275,898.86487690055,3.2686045398204358,3837.331158797184
balanced_interleaved.csv,520,133120.0,133376.0,1,617.7266192493946,617.1875,52.16457900710332,29.873968278039932,10.436893203883495,97.1303455773147,414,255.99609375,1.6172121766994736,1.0,0.20217424269020554,0.21651841111219425,-0.2252935053943299,1.066052225340188,1.2720495386773345,2.780114104778649,3584.543818645218,1105.7212388086493,3.241815109301289,4693.912766532187
balanced_interleaved.csv,521,133376.0,133632.0,2,692.3272357723578,683.59375,88.06135473746504,66.85523716502556,32.065217391304344,86.66422018348624,370,255.99609375,1.445334554055085,1.0,0.21801725447588932,0.20992170214477457,-0.21911086805193458,1.0625229669092713,1.2223982202885493,2.722277113935129,6237.012456765957,3315.9452046962238,1.8809154167966218,9587.445721411337
balanced_interleaved.csv,522,133632.0,133888.0,2,668.0812336387435,664.0625,81.02315040476407,46.14479371010945,26.509186351706038,89.8094378032541,383,255.99609375,1.4961165789272908,1.0,0.2083822761962827,0.21316128924102304,-0.22746377126258874,1.0573767775607585,1.2232634974729786,2.6733320956983215,4523.914679768614,2368.101149450981,1.910355341374432,6894.321833888973
balanced_interleaved.csv,523,133888.0,134144.0,2,624.1308832518338,617.1875,71.16652700911779,54.67382094328135,16.911764705882355,96.13368222926134,411,255.99609375,1.6054932478828108,0.9975609756097561,0.1963768550110004,0.21747610869086748,-0.2325830910341787,1.0657049802181309,1.2778821404290728,2.8184236457981813,4480.969301309005,2103.4131619419686,2.1303324436612185,6608.533244896085
balanced_interleaved.csv,524,134144.0,134400.0,3,621.9893292682926,621.09375,54.44562105280749,47.15669610385395,6.356968215158925,96.46467740947247,411,255.99609375,1.6054932478828108,1.0,0.18234337846287407,0.2200289031536962,-0.24520888307725625,1.062383168068661,1.3013308020960617,2.8518932521273577,3148.825362854938,1313.1454763578515,2.397925758834078,4472.451801457773
balanced_interleaved.csv,525,134400.0,134656.0,0,707.9726454293628,703.125,69.30277634019934,56.31905543700853,36.94444444444444,84.74903710949441,362,255.99609375,1.4140840772106509,1.0,0.2477104971228628,0.20630464099319337,-0.1798365612311768,1.06764894557474,1.1813420064155709,2.574079530217661,4603.5518670322235,3751.710006410437,1.2270542923536918,8355.579420474574
balanced_interleaved.csv,526,134656.0,134912.0,2,620.5805200729927,609.375,80.99503988007382,42.142308677150616,14.634146341463413,96.68366643694004,412,255.99609375,1.609399557488365,1.0,0.19771345533484183,0.21597835795073836,-0.23111763853052256,1.05618945679574,1.2539844582561455,2.7374406444504196,4346.030834846446,2133.5596331613547,2.03698587435628,6495.806379423395
balanced_interleaved.csv,527,134912.0,135168.0,1,702.9420626721763,707.03125,101.7412623454741,60.79160878810576,25.96685082872928,85.35554092739157,365,255.99609375,1.4258030060273137,0.9972527472527473,0.20096237672422368,0.21207299085403544,-0.22498435716736756,1.0595073452215775,1.288450713005785,2.9089515127608525,5797.05172153487,2372.8996017091054,2.4430244403764423,8200.54946291372
balanced_interleaved.csv,528,135168.0,135424.0,1,674.8845646437994,667.96875,86.2986725387161,52.414775018624056,29.365079365079367,88.90409285277948,380,255.99609375,1.484397650110628,1.0,0.20691292901967212,0.21423072708888008,-0.22277778272629334,1.059997151582873,1.2314008496503421,2.6759803304239265,4014.2744522358535,3014.6073171518797,1.3316077451933053,7033.833025990447
balanced_interleaved.csv,529,135424.0,135680.0,1,654.0364583333334,648.4375,69.18995298254342,65.46390676203461,29.82005141388175,91.73800517618952,391,255.99609375,1.527367055771725,1.0,0.21484930575258276,0.21410948498654195,-0.2139134407725055,1.0698519372085278,1.2283197605604137,2.6908336927416077,4570.064052650569,3001.9307041657808,1.5223749323422717,7582.0465837671045
balanced_interleaved.csv,530,135680.0,135936.0,0,665.5476888020834,664.0625,66.11387939532496,49.05899645632854,31.070496083550914,90.15131599058478,385,255.99609375,1.5039291981383993,1.0,0.2260483220991913,0.20989727942676625,-0.20136413090126792,1.064763751228295,1.2115651841368216,2.6663373947847315,4566.480929949433,3182.89717192269,1.4346932003433093,7750.054761807475
balanced_interleaved.csv,531,135936.0,136192.0,0,670.9395559210526,662.109375,80.27608570737831,54.17342838331151,27.440633245382585,89.42683356570501,381,255.99609375,1.4883039597161822,1.0,0.21934192500045546,0.21315380560744568,-0.21565936435345195,1.0583921230535889,1.1715758314090248,2.5069769911118502,5079.545874415146,3667.0280071315583,1.3851941857374834,8751.81339714508
balanced_interleaved.csv,532,136192.0,136448.0,3,697.3936987704918,695.3125,65.07276493756663,54.42351586481881,19.726027397260275,86.03461732702814,367,255.99609375,1.4336156252384222,1.0,0.1766307896040857,0.21577690030501434,-0.25461054500490277,1.043974584287987,1.277185417931695,2.8288434034653935,4876.308585367628,1823.601955442438,2.673998331058243,6718.718523257053
balanced_interleaved.csv,533,136448.0,136704.0,3,731.2858166189112,730.46875,79.15586126445268,65.9031876986356,29.022988505747126,82.04726337700501,350,255.99609375,1.3672083619439994,1.0,0.20767895121402064,0.20706054320170258,-0.20396028789013357,1.0557054154296865,1.3125890866279573,3.0095554689776662,6961.212677244351,2228.250039634607,3.1240716048122965,9214.996134361028
balanced_interleaved.csv,534,136704.0,136960.0,1,701.3221153846154,699.21875,75.09134061325682,65.24208446035631,27.548209366391184,85.55269922879178,366,255.99609375,1.429709315632868,0.9972602739726028,0.2087634672853335,0.21204264583285895,-0.22098055670388383,1.0634400145324623,1.2681005263855871,2.814082646605108,5947.306438047749,2676.389100841961,2.2221381921547936,8662.09885076596
balanced_interleaved.csv,535,136960.0,137216.0,1,682.4970755347593,679.6875,75.29961416460878,75.28398762087149,32.171581769437,87.91246461091131,375,255.99609375,1.4648661020828564,1.0,0.20984257271960294,0.21318753260346326,-0.22229071838224587,1.0669843925755391,1.2388714941019359,2.755715417504457,5526.871927840604,3505.035310251434,1.5768377316130757,9044.173661429177
balanced_interleaved.csv,536,137216.0,137472.0,2,653.9222346547315,652.34375,69.44582312857652,59.40576495050769,21.53846153846154,91.75402948590634,392,255.99609375,1.5312733653772794,1.0,0.20208327041773647,0.21387334394301444,-0.22355710805347792,1.0536996783782937,1.2551390032424852,2.746008242834482,4268.597371550119,2426.6341774511084,1.7590609294202615,6706.335772490235
balanced_interleaved.csv,537,137472.0,137728.0,2,622.8182164634146,621.09375,60.89060227685705,51.804981541058744,15.158924205378973,96.33629591103089,411,255.99609375,1.6054932478828108,1.0,0.1960329320576254,0.21794451363472053,-0.23593498490807457,1.063135022378694,1.2674971966618376,2.7624986508127716,3880.4052120308634,1930.6623884620979,2.0098828439507055,5834.132993511277
balanced_interleaved.csv,538,137728.0,137984.0,3,591.3176359953703,585.9375,60.01175274407074,46.786171756433916,6.496519721577726,101.4683079746158,433,255.99609375,1.691432059205005,1.0,0.1668517035956644,0.22429306807773408,-0.26458455357678445,1.0577969024797782,1.3042364738151544,2.828074046012536,3480.6762042144064,1333.740704457349,2.6097098128459444,4827.201661507589
balanced_interleaved.csv,539,137984.0,138240.0,0,677.5681515957447,675.78125,70.7053030134536,64.74704133764853,30.933333333333334,88.55197792088316,377,255.99609375,1.4726787212939652,1.0,0.21569832557183674,0.21032981415781296,-0.21539089287340704,1.0502879110147194,1.1968826410991853,2.5887347713565942,4757.789690539781,3375.020203015715,1.4097070252463988,8133.06768770098
balanced_interleaved.csv,540,138240.0,138496.0,2,618.2751967312348,613.28125,60.84159712330164,51.60454486151465,15.048543689320388,97.04416466520829,415,255.99609375,1.6211184863050279,0.9975845410628019,0.19181055995551632,0.21792760944977876,-0.2350256214585513,1.061852361064057,1.2849733799861283,2.8104302359881075,3718.8518128621545,1897.769850083948,1.9595905228959405,5658.940181041158
balanced_interleaved.csv,541,138496.0,138752.0,1,684.295408847185,683.59375,84.68959050578393,67.35960049491717,26.881720430107524,87.68143001438585,374,255.99609375,1.4609597924773021,1.0,0.20429036496632175,0.21302274719433692,-0.22762252045397208,1.0602829805203737,1.2539781105988312,2.8052727221713294,5597.134099382251,2757.1640746239036,2.0300330150449026,8365.939038967388
balanced_interleaved.csv,542,138752.0,139008.0,1,709.3858506944445,708.984375,77.92076946889773,76.44765347418854,38.99721448467967,84.58020404729491,361,255.99609375,1.4101777676050966,1.0,0.21386739009034048,0.21131147669261277,-0.22078691078537163,1.06027796485474,1.2227429863460983,2.708767106785978,5710.594785240463,3955.3613963444473,1.4437605601647947,9683.58594435781
balanced_interleaved.csv,543,139008.0,139264.0,1,716.8627106741573,714.84375,80.47171418620587,75.12734933403244,38.87323943661972,83.69803465376845,357,255.99609375,1.3945525291828793,1.0,0.21915144293827155,0.20949915767251223,-0.21257977603608774,1.0523308138628629,1.1928845079403758,2.598853164386586,5778.735290322724,4500.727160415894,1.2839559218667977,10318.590664754647
balanced_interleaved.csv,544,139264.0,139520.0,0,746.1051717836257,738.28125,85.81791665422561,79.60278698667301,42.22873900293255,80.41761707208794,343,255.99609375,1.3398641947051193,1.0,0.24853904402845994,0.2016222791947218,-0.1737235213497448,1.0465893068450944,1.1481115281429906,2.497548437789674,6108.623594624587,5425.683773555385,1.1258716596049754,11537.852080426665
balanced_interleaved.csv,545,139520.0,139776.0,0,779.1658727134146,773.4375,87.96170808236283,87.49852810442879,46.48318042813456,77.00542606037448,329,255.99609375,1.2851758602273595,1.0,0.2557406257214501,0.20124511870794692,-0.16702673600059567,1.0537071321721627,1.1421972235509343,2.476678871904868,6217.834050417298,5768.766870690421,1.0778445705629862,12007.494023844705
balanced_interleaved.csv,546,139776.0,140032.0,3,702.8559745179064,703.125,60.866543510571105,40.91143905514502,21.54696132596685,85.36599555997856,365,255.99609375,1.4258030060273137,0.9972527472527473,0.2048940580165553,0.2118693164254127,-0.22252624456278441,1.055946703126499,1.2629795732073201,2.804094188471489,4862.717699819717,1702.1199498230321,2.8568595887295074,6567.328659081126
balanced_interleaved.csv,547,140032.0,140288.0,3,619.5672785194175,617.1875,62.71291435787737,54.69903966710335,7.542579075425791,96.84178309639309,413,255.99609375,1.6133058670939193,1.0,0.1758317760243275,0.21929607167383383,-0.2532051480822911,1.0541923476091415,1.3110317727851029,2.872165774762024,3925.84827303549,1572.2636556642153,2.4969401657872603,5514.578132859236
balanced_interleaved.csv,548,140288.0,140544.0,1,718.2878521126761,718.75,103.46283927113714,49.85566940682876,27.966101694915253,83.53197095499249,357,255.99609375,1.3945525291828793,0.9971910112359551,0.20647827303264907,0.21089734490381307,-0.22949709298898494,1.0589400762468244,1.2206219164548195,2.7726015193757645,6594.100513589088,2461.9998867062627,2.678351266055854,9071.96152588453
balanced_interleaved.csv,549,140544.0,140800.0,1,707.6696675900278,699.21875,106.3151953325384,75.42536170812893,31.666666666666664,84.78532110091743,362,255.99609375,1.4140840772106509,1.0,0.21197619660850978,0.21169537783050102,-0.2229759765380521,1.0529745720415802,1.1838508780849024,2.568524937036986,5854.886190747268,4337.836174409957,1.3497250599934574,10229.15500154528
balanced_interleaved.csv,550,140800.0,141056.0,2,643.3210012594459,636.71875,65.68364613286512,56.35246765313982,21.21212121212121,93.26603652381388,399,255.99609375,1.5586175326161593,0.9974874371859297,0.19411618790076737,0.21542462950189895,-0.2373561051537838,1.0551365907377552,1.2610858565324647,2.771876279560182,4425.6088243917175,2349.6516108598935,1.8835170303277826,6807.08745964554
balanced_interleaved.csv,551,141056.0,141312.0,2,678.22265625,677.734375,60.92218190217217,41.45192056768902,22.933333333333334,88.46652267818574,378,255.99609375,1.4765850308995194,0.9973474801061007,0.20399927175499533,0.21124977981653595,-0.21538389643168468,1.0519793559207453,1.2626388970738136,2.7979915358840195,4528.545589681532,1984.432372474028,2.282035736010349,6515.742136180054
balanced_interleaved.csv,552,141312.0,141568.0,3,631.9229579207921,632.8125,52.06755754316042,30.317063326858246,11.910669975186105,94.94828324866883,405,255.99609375,1.582055390249485,1.0,0.17325812839046859,0.21975999673230973,-0.25967961453911015,1.050676838564691,1.2774859170129949,2.7859056699930544,3463.959424600118,1063.241562954714,3.2579232653150676,4527.334633971294
balanced_interleaved.csv,553,141568.0,141824.0,0,670.0192749343832,667.96875,68.45799193127996,49.432119613942696,28.421052631578945,89.54966259123808,382,255.99609375,1.4922102693217365,1.0,0.2287210143469007,0.20932691741492238,-0.1999792328965589,1.0627804585832417,1.2150144861770171,2.6532958401602365,5014.894119179489,2560.055498636134,1.9589005479963881,7587.5567697152765
balanced_interleaved.csv,554,141824.0,142080.0,2,674.2931547619048,671.875,67.84317251058444,58.86940574100077,24.40318302387268,88.98206896551723,380,255.99609375,1.484397650110628,0.9973614775725593,0.2148976327670309,0.209732884245129,-0.2058928915862742,1.0607999957142897,1.2616469189531074,2.8039562771814124,5287.973974969569,2380.431027487785,2.221435493785465,7694.577737149787
balanced_interleaved.csv,555,142080.0,142336.0,1,700.1391267123288,695.3125,75.5526396323272,68.05022323047803,32.967032967032964,85.69725317558581,366,255.99609375,1.429709315632868,1.0,0.21113524033448366,0.21036140896336306,-0.21658256937395828,1.0543901388564707,1.236556760328711,2.7284248172106853,5716.779175411578,3063.2744604770287,1.8662314621724532,8798.57811027141
balanced_interleaved.csv,556,142336.0,142592.0,1,737.6603143063584,734.375,83.34260057982999,77.8826063068607,42.89855072463768,81.33825127412419,347,255.99609375,1.3554894331273366,1.0,0.21958945004003322,0.20785320549992875,-0.2106305626436247,1.0581137733478165,1.218241079310677,2.7251411438905944,6826.481116001248,4231.2783793050185,1.6133377443066008,11090.836853698409
balanced_interleaved.csv,557,142592.0,142848.0,1,750.6893382352941,746.09375,86.74331091740534,81.62419637792911,41.5929203539823,79.92653810835628,342,255.99609375,1.335957885099565,0.9970674486803519,0.22584503382819113,0.20523643077762077,-0.1952894539593523,1.0446816706699327,1.1871526258223817,2.60750213571374,6801.09135510181,4972.208741245045,1.3678209642901702,11800.924404420983
balanced_interleaved.csv,558,142848.0,143104.0,0,767.2251506024096,769.53125,93.77907825843161,87.27512695427501,45.61933534743202,78.2039013617961,333,255.99609375,1.3008010986495766,1.0,0.24982805666222335,0.20108329479334938,-0.172857692914945,1.0508082301595263,1.1503202995355644,2.5015256801940824,6657.773555261543,5821.4561489990465,1.143661205179102,12498.996119322763
balanced_interleaved.csv,559,143104.0,143360.0,0,676.7966677718833,675.78125,64.91629609948849,48.244938183381656,30.319148936170215,88.65291875258347,378,255.99609375,1.4765850308995194,1.0,0.21826180301724757,0.20985662185966789,-0.20911738161403454,1.0513152141196236,1.1977792603349005,2.5889944658529087,4417.742464186669,2924.830540126131,1.510426810572129,7343.140656669052
balanced_interleaved.csv,560,143360.0,143616.0,3,670.6344324146982,664.0625,71.4254739232881,44.11050366655436,19.736842105263158,89.4675207533901,382,255.99609375,1.4922102693217365,1.0,0.1993809716557877,0.21157454945966445,-0.22202631695084699,1.0482512311552088,1.2713916446258382,2.8010914831264344,4989.863870235282,2068.429726887281,2.412392263257781,7069.623777916543
balanced_interleaved.csv,561,143616.0,143872.0,3,668.1119109947643,667.96875,59.4192475036294,39.20066608278055,16.535433070866144,89.80531406881353,383,255.99609375,1.4961165789272908,1.0,0.19036668488352448,0.2136456088221282,-0.23065313394936654,1.0544697561302012,1.3115453396904255,2.919801892707839,4710.183482398574,1199.2810773284505,3.927505879515001,5912.251488547318
balanced_interleaved.csv,562,143872.0,144128.0,1,695.9617677111717,695.3125,67.71762862474164,50.79520483962491,27.595628415300546,86.2116322816462,368,255.99609375,1.4375219348439765,1.0,0.2023172597030124,0.21206730411247723,-0.22729473940428335,1.0512019811135818,1.2444307612153116,2.7450120511774854,5057.694347788291,2107.2033120264896,2.400192861753015,7165.943468464358
balanced_interleaved.csv,563,144128.0,144384.0,1,697.1375512295082,699.21875,69.17092771461593,49.398318876813086,34.794520547945204,86.06622881550544,368,255.99609375,1.4375219348439765,0.997275204359673,0.2123139111619582,0.21084035693139988,-0.21864072166404225,1.0609598907418247,1.238369100677537,2.7640389611513125,4939.785455174969,2830.5732911385057,1.7451537010681328,7772.04523511227
balanced_interleaved.csv,564,144384.0,144640.0,2,683.0193014705883,679.6875,79.41321049299765,64.84410328887253,26.005361930294907,87.84524810765349,375,255.99609375,1.4648661020828564,1.0,0.20503644449782932,0.21062374815362123,-0.21586731958365116,1.050741376654619,1.2580649500127503,2.7966948222923698,5959.578879579036,2930.8123563044514,2.0334221898441993,8919.53088801166
balanced_interleaved.csv,565,144640.0,144896.0,2,640.4879385964912,640.625,54.54974854345812,34.77963844737311,16.331658291457288,93.67857907126044,400,255.99609375,1.5625238422217136,1.0,0.20748662049298006,0.21412587787999124,-0.2208911278215459,1.06099543702431,1.2594954403093481,2.7545787294127413,3673.5711293779973,1540.4530684466667,2.384734208801495,5214.6781311994255
balanced_interleaved.csv,566,144896.0,145152.0,3,630.6327160493827,628.90625,55.56104777668376,47.342019771384805,11.633663366336634,95.14254251804724,406,255.99609375,1.5859616998550392,1.0,0.1719776094673912,0.22020270951051857,-0.2610001086951696,1.051158123379402,1.28144915631524,2.7874275753473725,3655.873487691763,1383.3869545801226,2.6426976744199324,5048.42027695369
balanced_interleaved.csv,567,145152.0,145408.0,0,764.7010666167664,769.53125,108.98685232555381,81.03707219876043,42.04204204204204,78.46203257627897,335,255.99609375,1.3086137178606851,1.0,0.22189421323605393,0.20744391304009763,-0.2100674400216767,1.0559067097777695,1.195978417767278,2.674862710440804,6293.021852132507,4755.767518272202,1.3232400086745195,11086.193217167085
balanced_interleaved.csv,568,145408.0,145664.0,2,692.6587975543479,683.59375,92.83464130575744,75.44166730758721,29.427792915531338,86.62273577098722,369,255.99609375,1.4414282444495308,1.0,0.21252584987139153,0.21263226908354974,-0.2177999385613344,1.0592057072699674,1.2182384042014018,2.6138965601571176,6109.947618391794,4397.1180172436325,1.3895345984417908,10551.144444815283
balanced_interleaved.csv,569,145664.0,145920.0,2,704.7651933701658,695.3125,82.77480722496068,72.65637798591771,32.686980609418285,85.13473787359138,363,255.99609375,1.4179903868162052,1.0,0.20333025522677,0.2124952380714491,-0.22967106875020604,1.0527744431159232,1.2310135308647585,2.7282358147971877,6342.833602951207,3361.0268817392657,1.8871713396320455,9722.246423771667
balanced_interleaved.csv,570,145920.0,146176.0,1,693.9750339673913,695.3125,83.6870888618643,69.29666824487863,34.60490463215259,86.45844167762857,369,255.99609375,1.4414282444495308,1.0,0.21052562483171305,0.21319310178631978,-0.22586209824647663,1.0586418860721771,1.2169727502934864,2.66592762884067,5248.306756411944,3862.345718665974,1.3588391973944451,9154.690031616292
balanced_interleaved.csv,571,146176.0,146432.0,1,684.7038371313673,683.59375,70.55937977222811,50.86155702832872,29.838709677419356,87.62912772823908,374,255.99609375,1.4609597924773021,1.0,0.2163110576034651,0.21171572238680725,-0.2094727898518693,1.0567397595805323,1.2146184070082995,2.6300658979895353,4818.367423122826,3033.2903426115217,1.5884952902248177,7852.688571775317
balanced_interleaved.csv,572,146432.0,146688.0,0,740.7907885174419,742.1875,81.19454443961784,63.46764819526596,43.14868804664723,80.99452764535462,345,255.99609375,1.347676813916228,1.0,0.2458397971658539,0.20291219815883335,-0.17515456976872287,1.0566992503581372,1.1813516661802046,2.60664245665616,5153.211014250723,4527.822403005274,1.1381212767599622,9695.559998754727
balanced_interleaved.csv,573,146688.0,146944.0,0,713.8180865921788,710.9375,74.3856615992841,63.16088294878067,37.81512605042017,84.05502904310607,359,255.99609375,1.4023651483939878,1.0,0.22533741948509345,0.20924468426293022,-0.2095337523549457,1.061435368216409,1.1759468847895607,2.5752883742218096,4859.803340123312,4213.619265348522,1.1533560661469355,9097.605823234984
balanced_interleaved.csv,574,146944.0,147200.0,3,597.4915837236534,589.84375,61.179742906857854,32.45657938494421,12.206572769953052,100.41982453722842,428,255.99609375,1.6719005111772336,1.0,0.18717050569706992,0.21980916686594917,-0.2440047909239779,1.0544533559282712,1.2654698301567364,2.7118130455878005,3378.7974565287386,1366.1155629445464,2.473288166958604,4745.813144601875
balanced_interleaved.csv,575,147200.0,147456.0,3,627.5241861179361,625.0,66.26831028490105,48.09544977142986,10.344827586206897,95.61384457733662,408,255.99609375,1.593774319066148,1.0,0.18045999138500252,0.21884979474929508,-0.25077106034751706,1.058109830130033,1.2990256570866767,2.8545574630977235,4252.4056525100395,1343.9904472231167,3.164014789908767,5621.366822905909
balanced_interleaved.csv,576,147456.0,147712.0,3,669.8605202879581,664.0625,73.35367669941024,61.93515521863331,24.146981627296586,89.57088555421558,383,255.99609375,1.4961165789272908,1.0,0.19283460359404364,0.2157344034189011,-0.24669353004372155,1.0538817070857782,1.2368004742079766,2.7214571932394005,5121.360309050368,2701.299656801762,1.895887520718034,7864.952055913344
balanced_interleaved.csv,577,147712.0,147968.0,1,715.7435042134831,714.84375,76.02625299109167,62.809738110220394,38.59154929577465,83.82891307680515,357,255.99609375,1.3945525291828793,1.0,0.21372677257535486,0.21035037239180407,-0.21844023817264036,1.053903979421678,1.209751948953081,2.6661889683107782,5788.359686198518,3511.8531455143484,1.6482351187127304,9303.133348610545
balanced_interleaved.csv,578,147968.0,148224.0,2,720.037411971831,726.5625,88.6324380415872,68.97376371806443,33.05084745762712,83.32900346898543,356,255.99609375,1.390646219577325,1.0,0.22121311620835513,0.20763233969477327,-0.20489923221720285,1.0507770511302175,1.2284929093676848,2.7299721978879354,6345.525680910447,3264.655306917829,1.9437046439372114,9640.750920460703
balanced_interleaved.csv,579,148224.0,148480.0,2,611.9323291366907,605.46875,58.50487593962549,32.901272143853255,11.538461538461538,98.05005740528128,418,255.99609375,1.6328374151216907,1.0,0.19756741729773994,0.21866418773369245,-0.23250327987707145,1.0717685150259098,1.2691356011741752,2.7669652789715764,3308.349675662999,1476.2770314354639,2.2410087031199772,4795.8997861659645
balanced_interleaved.csv,580,148480.0,148736.0,3,689.5059121621622,687.5,62.58477390859884,51.15446163228637,19.78319783197832,87.01883325677538,371,255.99609375,1.4492408636606393,1.0,0.19405636441590138,0.21372428415990763,-0.23016429620450526,1.0579493062836252,1.2943512689564958,2.892106138903861,4502.457282295097,1900.2724736984028,2.369374573706367,6413.485330506529
balanced_interleaved.csv,581,148736.0,148992.0,0,704.4306802486187,699.21875,71.2573325171229,63.8739963621408,30.47091412742382,85.17516582160201,363,255.99609375,1.4179903868162052,1.0,0.2320568639977307,0.20746148181838875,-0.18986723046466042,1.06764894557474,1.237046311058922,2.765051322170515,5446.782099432118,2735.750525129966,1.9909644718695105,8194.418660757565
balanced_interleaved.csv,582,148992.0,149248.0,2,684.8399798927614,683.59375,77.54135432443998,68.00231972103008,33.87096774193548,87.61170749610055,375,255.99609375,1.4648661020828564,0.9973262032085561,0.21447648035629555,0.2146498462305867,-0.22510952622612557,1.063864639714857,1.185876513092049,2.52409354075587,5831.4922394054565,3823.4474583088813,1.5251921997078357,9682.315744202724
balanced_interleaved.csv,583,149248.0,149504.0,2,674.9751984126984,679.6875,71.16784234315493,44.686889904666565,27.851458885941643,88.89215506154694,380,255.99609375,1.484397650110628,0.9973614775725593,0.2066957689906064,0.21492732940085707,-0.2287602790243034,1.0632633133202878,1.2285872688948958,2.6906838594036806,4359.289333573809,2424.271516003941,1.7981852712436532,6786.569236800553
balanced_interleaved.csv,584,149504.0,149760.0,1,712.1377444134079,712.890625,71.44683723255588,57.14612892679085,35.01400560224089,84.25336315999141,359,255.99609375,1.4023651483939878,1.0,0.21682091835409367,0.21011204181648266,-0.21352626201764296,1.0585105170368583,1.2253388712921904,2.7095765141511734,5158.650889331129,3515.814765946343,1.467270386169673,8691.695036185032
balanced_interleaved.csv,585,149760.0,150016.0,1,711.2204038997214,710.9375,91.43367268174286,83.90808803826724,32.960893854748605,84.36203414723701,360,255.99609375,1.4062714579995423,1.0,0.20802865373165633,0.21179165436466468,-0.22531554287557246,1.0507277283823238,1.208926142362554,2.6460741999424187,5795.908447409212,4588.121750802904,1.263242076432464,10426.254627112916
balanced_interleaved.csv,586,150016.0,150272.0,0,756.8620178041543,753.90625,86.13123272292887,80.9812579755274,43.75,79.27468757657437,338,255.99609375,1.320332646677348,1.0,0.23643664796715524,0.20348960580018893,-0.18541448226107765,1.0457438831844308,1.155957025236834,2.504528618210995,6116.2159391327195,5113.380152862854,1.196119935598452,11242.638898438656
balanced_interleaved.csv,587,150272.0,150528.0,0,756.3288204747774,757.8125,90.29938096117489,71.10216858433294,46.13095238095239,79.33057471264368,339,255.99609375,1.3242389562829022,0.9970414201183432,0.24371026315470082,0.20353857630027472,-0.1840082882638031,1.0540032172121025,1.1657023625053582,2.5507492046444424,6808.734185765814,5011.735900225565,1.3585580567921327,11822.628526090415
balanced_interleaved.csv,588,150528.0,150784.0,3,726.5958867521367,726.5625,70.4738273107331,48.827455352550956,26.857142857142858,82.57685061802141,353,255.99609375,1.3789272907606622,0.9971590909090909,0.2123405118062684,0.20716999944959388,-0.20628220205218673,1.0478351279260876,1.26955128985615,2.8054363987568527,6069.252013893968,2216.1434984703506,2.7386547929243523,8287.977569563145
balanced_interleaved.csv,589,150784.0,151040.0,3,659.4917847938144,652.34375,76.77819379115479,56.467811833967644,18.863049095607234,90.97914694837114,390,255.99609375,1.5234607461661707,0.9974293059125964,0.18485998728538966,0.21858235290311392,-0.25440787311077534,1.058881854797741,1.272916183015972,2.8087657540400963,4870.564527759197,2114.89699415054,2.302979549940438,7010.285567328731
balanced_interleaved.csv,590,151040.0,151296.0,3,646.6330901015228,648.4375,62.3407419421753,56.086698831915214,18.829516539440203,92.78832295851093,395,255.99609375,1.5429922941939422,1.0,0.1936969423806119,0.21825941326546358,-0.23718300399273295,1.063582827888812,1.2598233884666172,2.759496633879154,4024.9257244880678,2134.6894151014903,1.885485399428333,6180.0963349568365
balanced_interleaved.csv,591,151296.0,151552.0,1,673.668370712401,667.96875,74.85566855206818,68.47044901782722,27.513227513227513,89.06459410666749,380,255.99609375,1.484397650110628,1.0,0.2110691661548296,0.21263846598929026,-0.21545216000263634,1.066140615250948,1.2595052668957578,2.8068468950105547,4962.152892572643,3083.3162935304317,1.6093557780576973,8068.724455814483
balanced_interleaved.csv,592,151552.0,151808.0,2,712.1670438718663,714.84375,70.13266731961018,49.898148269932385,28.212290502793298,84.24989686941376,360,255.99609375,1.4062714579995423,1.0,0.20214063656157727,0.2117469741067627,-0.22280712923801624,1.0551453262814365,1.2554766022680575,2.780292978911082,4826.547718768064,2433.672982123954,1.983235937704236,7267.91143891465
balanced_interleaved.csv,593,151808.0,152064.0,2,638.90625,638.671875,62.35437392990799,54.039613484372865,13.784461152882205,93.91049156272928,401,255.99609375,1.5664301518272679,1.0,0.20176395973672556,0.21580651432381837,-0.22442799371134542,1.066974186927229,1.2750188332958323,2.803633163814136,3965.7154900287965,2002.0943736853676,1.9807834946006473,5988.891045135978
balanced_interleaved.csv,594,152064.0,152320.0,3,641.5573963567839,632.8125,66.60197558720374,46.282530449013414,12.594458438287154,93.52241956950755,399,255.99609375,1.5586175326161593,1.0,0.18690065758540542,0.21778152193409828,-0.2411514109620784,1.0617523751508524,1.2874824848709552,2.848848343076556,4580.979386443321,1358.9589401524593,3.3709476063562223,5946.741554542203
balanced_interleaved.csv,595,152320.0,152576.0,0,660.2776878238342,656.25,70.33099361740445,60.4812989302661,20.259740259740262,90.87085798363118,387,255.99609375,1.5117418173495079,1.0,0.20477429357791913,0.2134080390875661,-0.22213267071862622,1.0630850224400068,1.2742746352180392,2.8225461530769413,5127.838137170292,2473.0042351593197,2.0735258210505805,7649.256016576588
balanced_interleaved.csv,596,152576.0,152832.0,2,678.3612400530504,671.875,77.93843589924856,54.271098274501,32.97872340425532,88.44844967160532,378,255.99609375,1.4765850308995194,1.0,0.20185078445022067,0.21559722517583552,-0.23878876145992667,1.0525926539812895,1.1832049266686693,2.531235209720026,5084.32776951899,3602.8975515798215,1.4111774472437002,8697.607012012915
balanced_interleaved.csv,597,152832.0,153088.0,2,699.7338598901099,691.40625,79.41843973484558,52.06745841056335,33.608815426997246,85.74688669406785,365,255.99609375,1.4258030060273137,1.0,0.20749616371146018,0.21217953051835353,-0.23290980436588093,1.0560437758486427,1.193762514473308,2.6573278871413493,5698.234419005858,2762.349143800081,2.0628219397230025,8461.25188079465
balanced_interleaved.csv,598,153088.0,153344.0,1,715.0735294117648,718.75,91.79285116284639,56.3538543891749,36.51685393258427,83.90745501285346,358,255.99609375,1.3984588387884336,1.0,0.22990699564502584,0.206287330568361,-0.18606320889316091,1.0539791852871463,1.2151838271822264,2.6591924432719187,4836.969931427861,3529.02869500969,1.3706235764723869,8369.808302214873
balanced_interleaved.csv,599,153344.0,153600.0,1,642.7449748743719,640.625,57.67734712084369,53.75249297679214,17.38035264483627,93.3496213046665,399,255.99609375,1.5586175326161593,1.0,0.20468740755798806,0.21553996197026407,-0.22082025593410423,1.061630490573792,1.2668594710249323,2.7533592259528765,3404.637678072316,2080.3051316722112,1.6366049509936875,5495.719590862769
balanced_interleaved.csv,600,153600.0,153856.0,0,761.3699776785714,757.8125,80.60355905105718,70.21396495380091,44.776119402985074,78.80531378836463,337,255.99609375,1.3164263370717937,1.0,0.2363999555972271,0.2033113125315535,-0.18714169600141217,1.043208959819195,1.1498935776266406,2.4840143372887153,6088.3514124577505,4979.761591792713,1.2226190551957619,11068.40747903688
balanced_interleaved.csv,601,153856.0,154112.0,0,663.9506022135416,664.0625,68.42547243213956,60.778789060136056,28.98172323759791,90.36816865587032,385,255.99609375,1.5039291981383993,1.0,0.23267154998564474,0.20964112737311483,-0.19147388846749203,1.0691471621824822,1.2273077692556529,2.6795090807747375,4396.320789086825,2982.2399666979004,1.4741673501058576,7388.716824077749
balanced_interleaved.csv,602,154112.0,154368.0,3,625.0955073349634,609.375,80.85101118453139,44.62408958902187,16.911764705882355,95.98533231474407,410,255.99609375,1.6015869382772565,1.0,0.19970405664771923,0.22002583039115767,-0.24112833392774813,1.061779350618106,1.1885714081587,2.484157733207959,4297.665368139764,2408.2966608168485,1.7845249042873634,6715.6687327791615
balanced_interleaved.csv,603,154368.0,154624.0,3,649.7429049744898,632.8125,87.54794572059083,35.28422731718132,16.11253196930946,92.34421729061546,394,255.99609375,1.539085984588388,0.9974554707379135,0.19017028382465478,0.21664803957876663,-0.24220961287569165,1.0583831075799057,1.2679992671731664,2.795293284259599,5037.678683682894,1345.1686237500728,3.745016494392212,6387.445316084555
balanced_interleaved.csv,604,154624.0,154880.0,3,688.9108827493261,691.40625,83.43731442379848,45.95405494925949,27.297297297297295,87.09399358092618,372,255.99609375,1.4531471732661936,1.0,0.19881619521055127,0.21345735470942515,-0.23534662509266566,1.0505612684860064,1.2392497307324781,2.728304865517634,4837.49254838111,2198.568413789503,2.2002920255017657,7042.622119026851
balanced_interleaved.csv,605,154880.0,155136.0,1,711.9304294692737,707.03125,77.50538513415152,56.24562307901139,34.173669467787114,84.2778978343832,360,255.99609375,1.4062714579995423,0.9972144846796658,0.21246683574198902,0.2097722563828273,-0.21777479772001349,1.054458136697941,1.2257454596265942,2.7290718230042152,6168.324897444118,3362.5337689336698,1.8344276433542623,9534.256400854443
balanced_interleaved.csv,606,155136.0,155392.0,2,701.2577266483516,699.21875,69.79551247345813,63.79472588572707,26.446280991735538,85.5605545863557,365,255.99609375,1.4258030060273137,1.0,0.204867896828975,0.2115448022314004,-0.22118054541738771,1.0455190859389671,1.2474510497639166,2.732997327140664,5396.598865099154,2760.136688665864,1.9551926131990394,8184.935311823231
balanced_interleaved.csv,607,155392.0,155648.0,2,617.3007246376811,617.1875,49.65957585831991,31.22634546629476,11.864406779661017,97.1973587674248,415,255.99609375,1.6211184863050279,1.0,0.19757396790637696,0.21741600222822796,-0.23088272989853095,1.061039036570332,1.265850278514219,2.749082949873875,3029.4334883067854,1304.3938290752335,2.3224837627869954,4339.21464723997
balanced_interleaved.csv,608,155648.0,155904.0,3,676.8070291777188,679.6875,62.07030369079964,55.33153376569905,16.48936170212766,88.65156154317208,378,255.99609375,1.4765850308995194,1.0,0.1896592972818461,0.213120697169092,-0.22839278107090166,1.0517628912250965,1.3180348278368859,2.940280382434377,4803.034821008881,1697.300985381651,2.829807360259608,6523.717820412692
balanced_interleaved.csv,609,155904.0,156160.0,0,726.8963675213676,718.75,80.30752635199474,54.9340742268468,33.714285714285715,82.54271541429358,352,255.99609375,1.375020981155108,1.0,0.22384276034929718,0.2071321070671336,-0.20996697648360577,1.0462654815900936,1.1625511983180492,2.5631801624261614,6782.8222319286615,2971.671378935902,2.282494046955306,9764.905023536523
balanced_interleaved.csv,610,156160.0,156416.0,0,730.4910714285714,730.46875,82.7996771886523,65.69399866111709,46.70487106017192,82.13652753162623,351,255.99609375,1.3711146715495537,1.0,0.23373433573596447,0.20632598806702954,-0.19471116444320996,1.0506908949708305,1.1544797153162512,2.474146487784968,6206.760389329129,4670.108254713256,1.3290399388633063,10883.352826942613
balanced_interleaved.csv,611,156416.0,156672.0,2,734.4988292507204,734.375,77.8203312669745,60.27293432524134,42.48554913294797,81.68835348751668,348,255.99609375,1.3593957427328909,1.0,0.22507760475777341,0.20551890175643017,-0.2030358439447525,1.0521808326025588,1.2073216130425823,2.6856659152391966,6166.915148253498,3472.4116238631595,1.7759746874112305,9641.550405086624
balanced_interleaved.csv,612,156672.0,156928.0,1,722.2921080508474,726.5625,92.70302285025294,56.982918686984306,35.977337110481585,83.06888491681562,355,255.99609375,1.3867399099717708,1.0,0.23144763896493767,0.20589107650665012,-0.19022067801633935,1.0515233893901745,1.188257906587201,2.596027425461042,5495.081108539687,3363.83013965799,1.633578653022708,8861.933812064231
balanced_interleaved.csv,613,156928.0,157184.0,1,653.9863782051282,652.34375,55.46276559234075,38.39095799963188,17.994858611825194,91.74503017122554,391,255.99609375,1.527367055771725,1.0,0.1936924970277576,0.21796614037767295,-0.2394532923100359,1.0593997130665427,1.252000661891141,2.7050025983410846,3350.387862800084,1940.5915622808468,1.7264775998831268,5293.196618680307
balanced_interleaved.csv,614,157184.0,157440.0,0,777.5099734042553,773.4375,90.36196800597779,90.07309961086582,46.34146341463415,77.16942811330838,330,255.99609375,1.2890821698329138,1.0,0.2528506735800542,0.2020818185258655,-0.17137342762933058,1.0546677029534859,1.137478550410862,2.4620144917930897,6326.204490655808,6063.1044436176635,1.0433936194708135,12395.794276048005
balanced_interleaved.csv,615,157440.0,157696.0,0,666.4246564136125,664.0625,66.12107048196027,45.21988425057608,26.509186351706038,90.03268324868424,384,255.99609375,1.500022888532845,0.9973890339425587,0.23028015158228982,0.20844951167521839,-0.19182791767073096,1.0652013561158686,1.246021155835794,2.756394366177827,4007.019047153237,2707.6169049582077,1.479906200842355,6730.460666892332
balanced_interleaved.csv,616,157696.0,157952.0,3,668.4186845549738,666.015625,66.76530682511496,46.71152734199959,27.821522309711288,89.7640975430652,383,255.99609375,1.4961165789272908,1.0,0.2118786587577008,0.21399297530107184,-0.22290247172366823,1.0584009238574212,1.208521049882741,2.6068571072512174,5208.994730405642,2703.9139286620843,1.9264646981507616,7919.221500721885
balanced_interleaved.csv,617,157952.0,158208.0,3,671.2906003937007,671.875,60.17616258542765,39.50814867438908,22.105263157894736,89.38006872852235,382,255.99609375,1.4922102693217365,1.0,0.19490409320660476,0.21487651812315187,-0.23211368368650576,1.0534501713966686,1.2702909245758283,2.8067181733811326,4888.9533797416925,1600.2607733227192,3.0550979323141565,6491.126806162709
balanced_interleaved.csv,618,158208.0,158464.0,3,672.3491094986807,671.875,67.68758770726129,62.47189813416602,23.28042328042328,89.23935371125486,380,255.99609375,1.484397650110628,1.0,0.20042946834828304,0.21414065334278157,-0.22774388875885684,1.055200633368685,1.2695159469516426,2.8133085215520612,4853.60271098832,2623.064657590315,1.8503557268188326,7512.982373810355
balanced_interleaved.csv,619,158464.0,158720.0,1,674.1321734828496,675.78125,63.29022266041188,44.21198162836007,27.24867724867725,89.00331768770927,380,255.99609375,1.484397650110628,1.0,0.2152925870038467,0.2119741603679544,-0.20997286277427432,1.0631181545084287,1.2429467734815045,2.7206813913010794,4189.021412290956,2337.5435543799144,1.7920613305544106,6528.7395563922855
balanced_interleaved.csv,620,158720.0,158976.0,2,642.1168341708543,640.625,57.68839999240218,35.08894954141133,14.86146095717884,93.44093910491563,399,255.99609375,1.5586175326161593,1.0,0.20267400002186353,0.21547948441861176,-0.2224183603655087,1.0652849413791088,1.2673303333151646,2.7761144277156466,3454.0003241782983,1515.2374494844655,2.279510927712,4972.251438593852
balanced_interleaved.csv,621,158976.0,159232.0,2,662.7840909090909,660.15625,60.71293972418608,37.339417699745766,19.270833333333336,90.52721817402487,386,255.99609375,1.5078355077439536,1.0,0.20257094614563811,0.21340199806574225,-0.22610268949533743,1.0549454194415233,1.2595642831963711,2.7778811219263044,4147.543566536966,1640.4239619825814,2.528336370754017,5788.644416650546
balanced_interleaved.csv,622,159232.0,159488.0,3,709.765625,710.9375,83.40947631564205,43.63620469196474,21.16991643454039,84.53494771601541,361,255.99609375,1.4101777676050966,1.0,0.2077896368070757,0.20824909540313497,-0.20790355837439375,1.053758565795017,1.3130640831425593,2.9677304666872892,5967.620356067525,1404.4385004055675,4.249114756071,7373.516195240374
balanced_interleaved.csv,623,159488.0,159744.0,0,727.8348214285714,728.515625,98.96770473656565,74.67214195193552,36.10315186246418,82.43628668690772,352,255.99609375,1.375020981155108,0.9971509971509972,0.21925317042133016,0.20887413560475174,-0.21714288060173648,1.0618440448272692,1.199876928879812,2.678045354107873,6869.885816611763,4107.6189738138655,1.6724739710297842,11014.603763879622
balanced_interleaved.csv,624,159744.0,160000.0,0,714.1126920391062,707.03125,96.20051651812997,67.21584111720865,38.93557422969188,84.02035234617324,359,255.99609375,1.4023651483939878,1.0,0.22233913176592157,0.21194841088358388,-0.2200315084240295,1.0584787754794251,1.1377045491156634,2.4452119962948116,5322.293911878,5144.34932273038,1.034590300538373,10471.277718320645
balanced_interleaved.csv,625,160000.0,160256.0,2,663.5538736979166,656.25,74.27629605223478,45.1546315277729,24.281984334203656,90.42219837498084,386,255.99609375,1.5078355077439536,0.9974025974025974,0.19795960258142187,0.21544406162673466,-0.23486600450858006,1.059599599714108,1.2419553549114002,2.7491503315689254,4823.254594591097,2376.648188501939,2.0294356640270412,7205.125565954648
balanced_interleaved.csv,626,160256.0,160512.0,1,723.4972556657224,730.46875,86.66523584727264,54.178219788036095,33.80681818181818,82.93051498141662,355,255.99609375,1.3867399099717708,0.9971751412429378,0.21965279930449233,0.20651650459239787,-0.20439143887608688,1.042225506237181,1.206551014142281,2.639939966492869,5276.0402569089365,3231.691901206976,1.6325938295474376,8509.777423788204
balanced_interleaved.csv,627,160512.0,160768.0,1,660.0250322997416,656.25,57.83681093487525,40.134654721749726,22.279792746113987,90.90564306468879,388,255.99609375,1.5156481269550621,1.0,0.20042659439574248,0.2145848302103147,-0.2307777313875734,1.0538972842846097,1.2394495575315214,2.69936465986233,3935.897839939754,2022.200451036836,1.9463440619458443,5960.8738835883105
balanced_interleaved.csv,628,160768.0,161024.0,0,759.1610863095239,761.71875,102.93542128935938,83.27941668615813,43.88059701492537,79.03460949464012,337,255.99609375,1.3164263370717937,1.0,0.24736016577057843,0.20243594318753727,-0.18117549552403195,1.0559886211480882,1.144353935667487,2.5299884221409865,7276.397278274865,5300.259712904981,1.3728378744457406,12586.820126613651
balanced_interleaved.csv,629,161024.0,161280.0,0,697.8274828767123,691.40625,78.11579686686167,55.411299401172755,31.59340659340659,85.98113641591902,367,255.99609375,1.4336156252384222,0.9972677595628415,0.22187888592033558,0.2087715532438118,-0.2068308042530097,1.0583724343472238,1.2299534025647518,2.7083900235314653,5375.440681694094,3327.276983629687,1.61556753710059,8705.797319142697
balanced_interleaved.csv,630,161280.0,161536.0,3,640.2529761904761,632.8125,66.79721964781037,50.38523043121804,26.38190954773869,93.7129575828007,400,255.99609375,1.5625238422217136,1.0,0.2029751635181317,0.21766021775032854,-0.23587644435560778,1.0551246331027515,1.2005432582199769,2.5397521256726376,4092.323369839821,2832.9504637402133,1.4445446266070308,6927.777168040278
balanced_interleaved.csv,631,161536.0,161792.0,3,626.7520680147059,625.0,58.263915760890974,33.086194551008255,13.513513513513514,95.73163466385593,409,255.99609375,1.5976806286717022,1.0,0.18434292934649477,0.21901965862125186,-0.25014691917623355,1.056328837873564,1.2679611221065274,2.778215101559132,3943.2516113001957,1236.4143415699357,3.1892638889106193,5181.4413477491025
balanced_interleaved.csv,632,161792.0,162048.0,3,641.0175879396985,625.0,79.58046297551797,41.12500128600329,17.12846347607053,93.60117589416953,399,255.99609375,1.5586175326161593,1.0,0.18613725487073704,0.2171002039764462,-0.24556787234889582,1.0527663780488037,1.2472277110919483,2.7228226796553168,4557.483970957533,1811.5009644558866,2.515860637328695,6371.215644368472
balanced_interleaved.csv,633,162048.0,162304.0,1,749.0693933823529,755.859375,82.2254554880215,53.245413000342715,34.80825958702065,80.09938802742373,342,255.99609375,1.335957885099565,0.9970674486803519,0.22205497585261547,0.20722908626388292,-0.19811498849924405,1.0597258963680478,1.2459632292577087,2.7879127475503855,4891.3010945100705,2818.631776126652,1.7353458993610258,7711.52113129805
balanced_interleaved.csv,634,162304.0,162560.0,2,650.2564408396946,648.4375,60.166947189990495,55.0333989636724,16.071428571428573,92.27128903563077,394,255.99609375,1.539085984588388,1.0,0.1901730825509597,0.21832110343137776,-0.24246066005628533,1.0639351213659762,1.2772793762781074,2.8250932375211324,3986.3058240655387,2073.4098711849683,1.9225845692474381,6076.96210065347
balanced_interleaved.csv,635,162560.0,162816.0,2,647.8228109137056,644.53125,62.89516667962031,54.11654423383242,18.829516539440203,92.61791803128158,395,255.99609375,1.5429922941939422,1.0,0.19489047638349338,0.2157858496246552,-0.2350737873417133,1.0600197052034472,1.2839504668826753,2.832656597111865,4413.889205108419,2007.2060579265665,2.1990214645266386,6424.067518469761
balanced_interleaved.csv,636,162816.0,163072.0,3,690.012668918919,683.59375,76.78089511793914,62.22847364023151,21.951219512195124,86.9549251813091,371,255.99609375,1.4492408636606393,1.0,0.1939230051677687,0.2130901424201757,-0.23334930454684266,1.0565332580750946,1.2918703203014235,2.9016624359965437,6317.050953650719,2239.393531727166,2.8208757702263245,8570.504965482327
balanced_interleaved.csv,637,163072.0,163328.0,0,660.1764373385013,664.0625,71.39928737591607,56.15822833619978,23.83419689119171,90.88479474046326,388,255.99609375,1.5156481269550621,1.0,0.212486340918595,0.21475323931830265,-0.2203571101843482,1.0632408691143453,1.2090611732202179,2.6231852918146057,4361.640918286237,2447.1160483211925,1.7823596560851602,6817.898311109214
balanced_interleaved.csv,638,163328.0,163584.0,0,641.5475816582915,640.625,75.86257912674246,61.68571059515016,26.19647355163728,93.52385031973809,400,255.99609375,1.5625238422217136,0.9974937343358395,0.21912089440838373,0.21558899470749252,-0.21878393615008912,1.0720410022026838,1.187135012947837,2.5500855301334235,4300.0362446808385,3482.263757362391,1.2348393299012657,7805.931147000367
balanced_interleaved.csv,639,163584.0,163840.0,2,619.7284587378641,613.28125,72.44544784994396,57.64933594612251,16.54501216545012,96.81659629153663,413,255.99609375,1.6133058670939193,1.0,0.19595685643458835,0.21768353113466185,-0.232001374487307,1.0614493742598887,1.2804996490319163,2.819378749638223,4160.144570062736,2251.7511971588788,1.8475152029725803,6453.490116246891
balanced_interleaved.csv,640,163840.0,164096.0,1,651.85546875,644.53125,73.82912006976674,59.392861742427286,18.67007672634271,92.04494382022472,393,255.99609375,1.5351796749828337,1.0,0.20725872135354767,0.21578934340416928,-0.2259306846407111,1.0634024370918764,1.2482242003772257,2.7267836806511045,4415.699750687948,2500.3485118417325,1.7660337068112901,6926.998830331408
balanced_interleaved.csv,641,164096.0,164352.0,1,630.5596379950495,628.90625,50.352812634246916,32.877240279978174,13.647642679900745,95.15356896419536,405,255.99609375,1.582055390249485,1.0,0.19606991813556882,0.21905342447970028,-0.2392872821735184,1.0668901891260758,1.2688744275885513,2.763935711551884,2844.0233503724867,1524.2852021645242,1.865807885777478,4374.590805635213
balanced_interleaved.csv,642,164352.0,164608.0,0,703.1680440771349,703.125,86.1662428690871,71.94542203377927,32.32044198895028,85.3281096963761,364,255.99609375,1.4218966964217594,1.0,0.23928679652652968,0.20602086654990653,-0.1825999523862914,1.062124399545258,1.206293304199456,2.6393863834550464,5536.280501116949,3656.9091734407734,1.513923436033245,9238.9843916168
balanced_interleaved.csv,643,164608.0,164864.0,0,672.522615131579,658.203125,93.59883200457743,71.91161316873547,29.287598944591032,89.21633064824297,381,255.99609375,1.4883039597161822,1.0,0.22936474478110686,0.21064728981285005,-0.20415676878978598,1.0610794713674478,1.1826792765981475,2.523124655535404,5796.338251926785,4096.919296838867,1.4148041081500358,9909.078799813917
balanced_interleaved.csv,644,164864.0,165120.0,0,681.1979166666666,675.78125,84.51257496527712,71.60359992139857,33.155080213903744,88.08012845018733,376,255.99609375,1.4687724116884109,1.0,0.2088596716030722,0.21379061427509335,-0.2237045938777342,1.0542323807938323,1.1983230446167097,2.571551744586599,5814.187874519797,3601.862661497347,1.6142169818609227,9436.643558620272
balanced_interleaved.csv,645,165120.0,165376.0,3,721.0627655807366,722.65625,65.41287633790772,46.174801890819495,28.40909090909091,83.21050935375455,355,255.99609375,1.3867399099717708,0.9971751412429378,0.19675372821196943,0.21009928214067028,-0.2284189331699774,1.041526454112903,1.267102032807305,2.8285902192479284,5754.132213162743,1999.6015349766021,2.8776394259119598,7757.306210503832
balanced_interleaved.csv,646,165376.0,165632.0,3,686.09668230563,691.40625,85.74728952424275,46.02817203819586,20.967741935483872,87.45123179778368,374,255.99609375,1.4609597924773021,1.0,0.20163011383032373,0.2114978623373372,-0.2232972524621144,1.0538210409607063,1.282735505911615,2.865172641470063,5093.293960700786,1834.2421686987836,2.776783811656659,6936.344654948428
balanced_interleaved.csv,647,165632.0,165888.0,1,639.9984335839599,636.71875,55.200274546782616,36.83692093423237,17.33668341708543,93.75022945603622,400,255.99609375,1.5625238422217136,1.0,0.21206491421061635,0.2141887366155175,-0.21448919700325647,1.05721061613708,1.237535813800924,2.653678118967159,3375.236182432005,1843.7390020384053,1.8306474933276367,5219.320825159471
balanced_interleaved.csv,648,165888.0,166144.0,2,600.7241303066038,597.65625,49.94844320397642,28.970770511193926,10.16548463356974,99.8794570968484,426,255.99609375,1.664087891966125,0.9976470588235294,0.1931209630091606,0.21872879440235216,-0.2356128213924686,1.0595717951297146,1.26716711413069,2.748751274121414,2730.4667845866506,1315.7036156523104,2.075290173336582,4064.4423472251688
balanced_interleaved.csv,649,166144.0,166400.0,2,626.5414368872549,625.0,61.1548894732047,60.528063748734894,11.547911547911548,95.76381779007045,409,255.99609375,1.5976806286717022,1.0,0.18846547330378607,0.21636629028516724,-0.2366335872642037,1.052293941231398,1.3020989483216467,2.848694651812564,4000.360092172797,1861.7226321166638,2.1487411836556096,5872.308579597246
balanced_interleaved.csv,650,166400.0,166656.0,3,605.1910545023696,601.5625,55.76247570617024,29.97002899362233,11.163895486935866,99.14224533496483,423,255.99609375,1.652368963149462,1.0,0.1818179018407068,0.2220038950407935,-0.25256181757379476,1.0678267214240513,1.2864370181747757,2.805404938940825,3429.7835759885506,1162.241355293378,2.951008033200462,4596.627879092827
balanced_interleaved.csv,651,166656.0,166912.0,3,607.3753720238095,601.5625,61.30901043825532,50.53791582388314,13.60381861575179,98.7856978791823,421,255.99609375,1.6445563439383535,1.0,0.19198278261189775,0.22089483285109007,-0.24593221328641945,1.066710562733123,1.2433700710551077,2.6819049573452585,3638.7491733903453,1931.559339383761,1.8838402213163388,5596.551773123371
balanced_interleaved.csv,652,166912.0,167168.0,0,649.2405615482234,644.53125,72.69954040939636,61.12851181863063,25.44529262086514,92.41566771016264,395,255.99609375,1.5429922941939422,1.0,0.21567806879840506,0.2142980691107209,-0.2145760908489901,1.057695928117632,1.1924278921564653,2.5454786545170656,4410.346640872575,3246.0272798792707,1.3586905656062782,7663.4424144341365
balanced_interleaved.csv,653,167168.0,167424.0,2,650.440449617347,648.4375,62.47062635973539,41.599124628013215,19.69309462915601,92.24518560507407,393,255.99609375,1.5351796749828337,1.0,0.19674559345499565,0.2152656934033802,-0.22799469897725133,1.0555167310870732,1.266226173923821,2.7693236348079537,3858.616906418335,1980.607328034352,1.94819884375961,5847.914592576762
balanced_interleaved.csv,654,167424.0,167680.0,1,734.1280531609195,734.375,77.83023948930044,67.57792002746646,31.988472622478387,81.72961071526865,349,255.99609375,1.3633020523384451,1.0,0.20882452410303926,0.2102343741599524,-0.21578081913382827,1.0567106682036282,1.2661537460374794,2.8208109443793328,4759.420926937929,3273.2948069665804,1.454015359938987,8053.141366343002
balanced_interleaved.csv,655,167680.0,167936.0,1,681.2019552139037,679.6875,68.8030274524931,60.99108768499015,27.61394101876676,88.07960626178685,375,255.99609375,1.4648661020828564,1.0,0.2146304883572554,0.2123535932132617,-0.21445941519370934,1.0653109068986117,1.2369407539492356,2.7134634060117158,4652.849000466343,2906.9975987360835,1.6005685737371533,7567.943046264
balanced_interleaved.csv,656,167936.0,168192.0,0,686.1490449061662,683.59375,73.9980143206039,72.7952453063063,28.763440860215056,87.44455806712557,374,255.99609375,1.4609597924773021,1.0,0.22617534434924114,0.2079841476404233,-0.1905069588441443,1.0642974439656256,1.274637951675333,2.8423689693351823,5010.053725568926,3119.8860095425184,1.6058451207015638,8137.413076797997
balanced_interleaved.csv,657,168192.0,168448.0,0,684.622815860215,683.59375,72.32576675181234,54.78067726397079,36.65768194070081,87.63949814411485,373,255.99609375,1.4570534828717479,1.0,0.2331286386446422,0.20952189589481615,-0.2015938049593526,1.0678910299119393,1.1835639614755074,2.5924269414136027,5209.155073410061,3777.3851272762013,1.3790373228811543,8994.94426585054
balanced_interleaved.csv,658,168448.0,168704.0,0,696.6429666212534,695.3125,76.66639825111504,56.0165071004046,37.15846994535519,86.12733189714443,368,255.99609375,1.4375219348439765,1.0,0.2167127741886815,0.21193860138161033,-0.21929325297276023,1.0579444132409972,1.1923997833785276,2.5782589012317922,5534.214024550827,3557.5404721486616,1.5556292522536803,9095.6994719282
balanced_interleaved.csv,659,168704.0,168960.0,3,694.9931880108992,699.21875,71.37225392294305,39.93225698244151,22.6775956284153,86.33178142612105,369,255.99609375,1.4414282444495308,0.9972826086956522,0.1962114584668021,0.21193158262206185,-0.22696393068787693,1.0510471736620453,1.285722833404872,2.8579383985420916,4464.722422854654,1680.169190893911,2.6573052565493476,6149.342143821416
balanced_interleaved.csv,660,168960.0,169216.0,3,662.4230893782384,664.0625,72.51630911075254,65.68705515313926,15.064935064935064,90.57655290415228,387,255.99609375,1.5117418173495079,1.0,0.18864633809920295,0.21592656938430463,-0.23811889993109941,1.0547952089379444,1.295586647138239,2.8566562512165037,4230.252182769761,2249.7519675128333,1.880319361358945,6501.969263071686
balanced_interleaved.csv,661,169216.0,169472.0,1,659.0863210594315,656.25,66.19427842401898,59.63858215620296,20.984455958549223,91.0351164678316,388,255.99609375,1.5156481269550621,1.0,0.21586139478965494,0.21300709465525705,-0.21310990918515393,1.0609552750015325,1.2364686070127682,2.6903885171740365,4321.161478501779,2709.559424872115,1.5947838009515987,7060.030407719458
balanced_interleaved.csv,662,169472.0,169728.0,2,645.7377373417721,644.53125,57.16326994461794,35.92340162931227,19.035532994923855,92.91697934055163,396,255.99609375,1.5468986037994965,1.0,0.1973667966516754,0.21626526544332403,-0.2349900411980093,1.0608093025043082,1.2634141410595947,2.769235061520342,3927.8177103573403,1656.6396544223664,2.3709547817910246,5585.532053183165
balanced_interleaved.csv,663,169728.0,169984.0,2,720.4051906779661,718.75,72.23397289067299,46.72028365176729,24.362606232294617,83.28646264130136,356,255.99609375,1.390646219577325,0.9971830985915493,0.20993053826796718,0.2083983887178257,-0.21136547451381227,1.056685693386501,1.29147931947774,2.919747966656108,6165.0563366222905,1931.725376583988,3.191476599807584,8110.267338319372
balanced_interleaved.csv,664,169984.0,170240.0,3,686.8069556451613,685.546875,68.4470222680253,43.68308983867526,28.84097035040431,87.36079258783597,374,255.99609375,1.4609597924773021,0.9973190348525469,0.199846561774154,0.21383911783891713,-0.2313722611141291,1.0597081303612348,1.25793005073584,2.7696747597469455,5049.18282917483,2093.0831314948714,2.4123183418752814,7143.291270412803
balanced_interleaved.csv,665,170240.0,170496.0,3,663.9204545454545,671.875,73.00239906470217,64.36119845194189,25.0,90.37227214377407,386,255.99609375,1.5078355077439536,1.0,0.20208002224729674,0.21507780607479624,-0.22947149581812606,1.0611449551976007,1.2529688715413243,2.754201986435194,5106.800271791042,2678.4100798055397,1.906653618986459,7801.427787662841
balanced_interleaved.csv,666,170496.0,170752.0,0,648.7058683206106,644.53125,65.71659707161855,52.060575119222996,27.55102040816326,92.49184095610205,394,255.99609375,1.539085984588388,1.0,0.2156010330251733,0.21405508384661434,-0.21498091782226467,1.062894093108491,1.2173308035412387,2.620997292793591,4115.315235704971,2748.863747643147,1.4970968420073234,6865.332824356651
balanced_interleaved.csv,667,170752.0,171008.0,2,672.3375822368421,667.96875,59.642747925678016,39.45068090309523,19.261213720316622,89.2408837244859,382,255.99609375,1.4922102693217365,0.9973753280839895,0.20404803069180755,0.21313923266006332,-0.21891577223596845,1.0587334428559378,1.2720501376749738,2.797531831531475,3972.913091764501,1761.6808309701994,2.255183244275028,5736.201345045574
balanced_interleaved.csv,668,171008.0,171264.0,1,649.1531488549618,648.4375,50.62494693072092,35.35608771705279,17.346938775510203,92.4281120808452,394,255.99609375,1.539085984588388,1.0,0.19229360791627106,0.21843342512876412,-0.23997006979221497,1.0607718963940562,1.2615010610409867,2.7303756813931965,2878.153767472868,1712.5158705251035,1.6806581573987682,4590.771387607758
balanced_interleaved.csv,669,171264.0,171520.0,1,715.7738095238095,718.75,73.77178959367438,56.14850320433688,33.42696629213483,83.82536382536382,358,255.99609375,1.3984588387884336,1.0,0.20888731788863998,0.21073753981202836,-0.22379287049961336,1.052603633145084,1.2326252574102388,2.7309063426473514,5513.465239709185,2835.4932649614243,1.9444466004697751,8350.303753360977
balanced_interleaved.csv,670,171520.0,171776.0,0,689.6009290540541,687.5,77.14814478067814,68.31815261643443,30.081300813008134,87.00684333807928,372,255.99609375,1.4531471732661936,0.9973045822102425,0.21901910360529678,0.20825092803014295,-0.20106010502791588,1.0545828257334025,1.241523317024167,2.7316807920687873,6015.9671584134,3349.3581669638916,1.7961552209469203,9423.279821853688
balanced_interleaved.csv,671,171776.0,172032.0,0,654.4070512820513,648.4375,75.51138850332954,68.16622835247124,33.67609254498715,91.68605363046406,391,255.99609375,1.527367055771725,1.0,0.22223035578419917,0.2118565155988318,-0.21282784585804662,1.0573803330830995,1.17809245994723,2.527232458287701,4883.821094771228,3979.4796056058035,1.227251193319724,8903.741990069519
balanced_interleaved.csv,672,172032.0,172288.0,0,668.5121391076116,660.15625,83.10640847614356,78.30878875305373,29.210526315789476,89.75154898472486,382,255.99609375,1.4922102693217365,1.0,0.21402998549299918,0.2134357450334765,-0.21990901223626072,1.0569316919760514,1.1893337673060018,2.5523134067460207,5687.7689322141,3976.5939480458496,1.4303117206646516,9674.252532226623
balanced_interleaved.csv,673,172288.0,172544.0,3,652.293925382653,656.25,62.990396036824315,32.75955569067614,14.578005115089516,91.98307337417316,393,255.99609375,1.5351796749828337,1.0,0.18492600314202182,0.21623689501115947,-0.24363698714112264,1.0536293335344908,1.2926073650995398,2.8485341362599588,3615.96511880953,1339.0729699818237,2.70034957008998,4957.648452982801
balanced_interleaved.csv,674,172544.0,172800.0,3,589.3385536951502,589.84375,40.32639423373041,22.272223275083295,3.935185185185185,101.80905291839514,434,255.99609375,1.6953383688105592,1.0,0.17462193529555464,0.22323319328649815,-0.2547600410845016,1.0611822675219906,1.2949715385766754,2.7772395061203223,2339.4858663663194,669.3767909273895,3.4950208881982205,3009.4366237379522
