source_file,window_id,window_start,window_end,label,mean_rr_ms,median_rr_ms,sdnn_ms,rmssd_ms,pnn50,heart_rate_bpm,n_peaks,duration_sec,peak_rate_per_sec,rr_valid_ratio,voltage_mean,voltage_std,voltage_min,voltage_max,voltage_skew,voltage_kurtosis,lf_power,hf_power,lf_hf_ratio,total_power
balanced_interleaved.csv,0,0.0,256.0,3,709.6462673611111,710.9375,59.018979823368994,39.87608094839249,20.61281337047354,84.54916591489427,361,255.99609375,1.4101777676050966,1.0,0.18750118728913917,0.21194033437796697,-0.23475890913166733,1.0452011157508898,1.2925104682756423,2.8833164478761235,4872.456707169845,1490.4520332348777,3.2691133954808747,6363.045276634068
balanced_interleaved.csv,1,256.0,512.0,3,608.9006696428571,609.375,54.027865490824006,47.564477321933346,7.159904534606206,98.53823947211657,421,255.99609375,1.6445563439383535,1.0,0.1789629091718937,0.22226446010282896,-0.25034012158630037,1.0705872255897675,1.318235930658281,2.901200515496172,3486.577039368095,1276.46880018817,2.7314236265344856,4771.803205977082
balanced_interleaved.csv,2,512.0,768.0,3,645.371835443038,636.71875,69.04097536693352,54.661645787566854,14.213197969543149,92.96965982224947,396,255.99609375,1.5468986037994965,1.0,0.18441619250398392,0.21732644636648474,-0.23953623344916908,1.0621291346792536,1.3185178209331854,2.9344030827235184,5052.202559527053,1664.7641519885074,3.0347857704001853,6749.944015465931
balanced_interleaved.csv,3,768.0,1024.0,3,656.6115038560412,652.34375,61.77427183913593,40.988289399685506,23.45360824742268,91.37823453844742,391,255.99609375,1.527367055771725,0.9974358974358974,0.2018527210505882,0.2161738112138567,-0.23743262442132393,1.0623649242670936,1.2432917092456341,2.7322559458131632,4225.87623160914,2100.432962726367,2.011907214655374,6329.409995171844
balanced_interleaved.csv,4,1024.0,1280.0,0,662.4594155844156,660.15625,71.81197967915115,63.713999038693245,30.46875,90.5715861054953,386,255.99609375,1.5078355077439536,1.0,0.20778129734076564,0.21543198867761687,-0.2348346764995718,1.0560240584624405,1.1933228771627795,2.575980296863645,4555.318435614423,3578.2258777976745,1.2730662040871856,8156.188803304026
balanced_interleaved.csv,5,1280.0,1536.0,2,640.282346491228,640.625,61.96214972671161,53.94104538928799,18.341708542713565,93.70865888900782,401,255.99609375,1.5664301518272679,0.9975,0.19460734443002856,0.21713264478610536,-0.2349743856743711,1.059666381808185,1.2647739230151456,2.751217877287864,4216.876085003031,2123.833789997765,1.9855019280993118,6358.220838730911
balanced_interleaved.csv,6,1536.0,1792.0,2,620.4189476885645,621.09375,48.438704281438355,30.52647069371895,11.951219512195122,96.70884524648427,412,255.99609375,1.609399557488365,1.0,0.1987920251253516,0.21720674159025585,-0.23452614182537648,1.0613246312530216,1.265096703114074,2.7544823818896287,3036.511367275952,1276.7823489093284,2.378252933923973,4314.1491899243365
balanced_interleaved.csv,7,1792.0,2048.0,1,699.3792808219179,695.3125,63.92918114639296,56.03756316402681,25.549450549450547,85.7903596021423,366,255.99609375,1.429709315632868,1.0,0.21824605610028647,0.21080189400839705,-0.2050038713065945,1.0618387835857976,1.2487716740313253,2.74174242084508,4176.574491281852,2565.4223751111886,1.6280260637786141,6743.828720424593
balanced_interleaved.csv,8,2048.0,2304.0,1,676.5562996031746,667.96875,81.09314205062344,60.29324135303727,25.198938992042443,88.68441552490492,379,255.99609375,1.4804913405050737,1.0,0.21804258687577394,0.20966739964072273,-0.2058629274742165,1.0609547825315233,1.2699658508186227,2.8347416859027934,5570.674181750272,2614.3870797008854,2.1307763586360817,8192.72812318703
balanced_interleaved.csv,9,2304.0,2560.0,0,712.825157122905,710.9375,82.7648270347813,56.03587632498111,34.45378151260504,84.17211345650477,359,255.99609375,1.4023651483939878,1.0,0.22111919140437397,0.20851174059395014,-0.2087286438356918,1.0569112908330727,1.2164004757429419,2.6808388004337003,6189.160562084924,3432.631946451066,1.8030364625848632,9637.211264594716
balanced_interleaved.csv,10,2560.0,2816.0,0,666.4082898172323,640.625,114.17125469317094,75.87329995677655,30.104712041884817,90.03489439853077,384,255.99609375,1.500022888532845,1.0,0.20619353907155405,0.21656046029720877,-0.23810861616674292,1.0572792136563796,1.152725404968964,2.4414906103078424,5684.388656393135,5011.149112441766,1.134348335849723,10738.46939178007
balanced_interleaved.csv,11,2816.0,3072.0,3,610.4123056220096,601.5625,63.586991895455284,48.3149933645907,16.30695443645084,98.29421760896523,419,255.99609375,1.636743724727245,1.0,0.19552653038760803,0.21853933627601352,-0.23166343082509047,1.0627714499708285,1.259180759773282,2.72329937926839,3724.1702635050137,1865.447442595083,1.9963951695815148,5593.112552666671
balanced_interleaved.csv,12,3072.0,3328.0,0,644.4328557934509,640.625,71.62635172299352,66.44888476503965,26.262626262626267,93.10512252843728,398,255.99609375,1.554711223010605,1.0,0.21981522395624084,0.2136295998861572,-0.2083955844237455,1.0630975583532805,1.2088312534106542,2.603268828360555,4441.77852097621,3356.6374478165762,1.3232821804647075,7810.409516366044
balanced_interleaved.csv,13,3328.0,3584.0,2,642.0910736775819,640.625,57.05952441605671,34.97273405566066,14.14141414141414,93.44468792619948,398,255.99609375,1.554711223010605,1.0,0.20197845705575632,0.21533869778404213,-0.22426073242889083,1.0638750688546792,1.2710055131509321,2.7947024469159025,3816.7807108863994,1552.8756455385967,2.4578791752269344,5373.907373491108
balanced_interleaved.csv,14,3584.0,3840.0,0,671.7722039473684,671.875,68.96245204759666,62.74462813736704,30.343007915567284,89.31599081866871,381,255.99609375,1.4883039597161822,1.0,0.23451757912165258,0.21042743758276222,-0.19270443109823118,1.0690823962714397,1.1961210487816332,2.5828889361868734,4188.303888467213,3346.536913524813,1.251533748676267,7534.9767443817445
balanced_interleaved.csv,15,3840.0,4096.0,1,664.73388671875,660.15625,68.47028205050407,45.894992466609224,21.148825065274153,90.2616839592324,385,255.99609375,1.5039291981383993,1.0,0.20452313182045237,0.2147784314428357,-0.2224081708796298,1.0630368245995443,1.2570927075031142,2.7389998334956456,4120.135888901187,2436.0620235769206,1.6913099293143226,6566.593257899145
balanced_interleaved.csv,16,4096.0,4352.0,2,671.8441611842105,667.96875,68.98324391069988,61.69475283702846,24.80211081794195,89.30642471349664,381,255.99609375,1.4883039597161822,1.0,0.19810153872317018,0.21484109549661204,-0.23592192405715914,1.0566254883306816,1.2483704874531907,2.7503501208375507,5011.787255418708,2649.901651601381,1.8913106652052534,7675.771895901247
balanced_interleaved.csv,17,4352.0,4608.0,2,655.4487179487179,658.203125,64.1518797718394,41.17109737446299,24.164524421593832,91.54034229828852,391,255.99609375,1.527367055771725,1.0,0.20379033268028002,0.21503434845117728,-0.23492431652575316,1.0588408514726433,1.2357806133198395,2.711141710782985,4166.384003084656,2150.184224041564,1.9376869928165363,6320.43949076416
balanced_interleaved.csv,18,4608.0,4864.0,1,631.8262685643564,628.90625,57.42714241138771,37.262742004411656,18.36228287841191,94.96281333210909,406,255.99609375,1.5859616998550392,0.9975308641975309,0.20687649339647182,0.21595970055473107,-0.22716263910577406,1.0651839406565562,1.2405507616561273,2.6973633295835935,3438.3377656665148,1958.9321880254001,1.7552102041532907,5403.398264315325
balanced_interleaved.csv,19,4864.0,5120.0,3,638.720703125,628.90625,78.95178929876145,68.95349978256546,15.538847117794486,93.9377723415641,401,255.99609375,1.5664301518272679,1.0,0.1880430874899312,0.21823740793932114,-0.23794435277340142,1.05786878680224,1.2864898086040761,2.810718286300977,5091.758323096934,2352.013921884351,2.1648504184948005,7450.173908803219
balanced_interleaved.csv,20,5120.0,5376.0,3,737.7619219653179,742.1875,76.91197218407949,65.1132240076491,28.115942028985508,81.32704902980963,347,255.99609375,1.3554894331273366,1.0,0.20834084484325854,0.2076443486368572,-0.2097111164980769,1.0490662877390362,1.2672941994884674,2.8467976620827047,6526.075065535337,2313.7188744605796,2.8205998306759827,8856.88514065468
balanced_interleaved.csv,21,5376.0,5632.0,3,673.5137697889182,679.6875,58.901684607722245,36.025052583572176,17.195767195767196,89.08503833381792,381,255.99609375,1.4883039597161822,0.9973684210526316,0.1955685782009441,0.21254570275759418,-0.23076837220921256,1.0519163409738828,1.283096386996671,2.845295023955998,4543.222994976668,1431.075579348601,3.1746911627439403,5979.929902154288
balanced_interleaved.csv,22,5632.0,5888.0,0,641.3512876884422,636.71875,64.46534595409827,59.166556261796686,14.609571788413097,93.55247452024608,399,255.99609375,1.5586175326161593,1.0,0.21103790317834809,0.21299258345844724,-0.21492507646469705,1.061506840883725,1.263255658653673,2.759889479275224,4307.304855706692,2170.425877295565,1.9845436330098318,6493.480313918206
balanced_interleaved.csv,23,5888.0,6144.0,2,671.9677605540898,667.96875,73.93177664309654,63.24190479854933,31.216931216931215,89.28999800604322,381,255.99609375,1.4883039597161822,0.9973684210526316,0.20818207622580231,0.21425109902599657,-0.23024287637695412,1.0553542694096123,1.2124496613853766,2.61379065711378,5291.901901952969,3289.548817760216,1.6087014344891566,8602.228884373562
balanced_interleaved.csv,24,6144.0,6400.0,2,704.6853477961432,699.21875,73.46498826673258,53.53854845619112,33.70165745856354,85.14438421012446,364,255.99609375,1.4218966964217594,1.0,0.20997337469152552,0.2110563544032364,-0.2227951884497547,1.0570862580730633,1.2246592929465498,2.7176168899110165,6064.37084298834,2766.2914520849477,2.1922385793505734,8840.624476136789
balanced_interleaved.csv,25,6400.0,6656.0,2,703.3516056629834,707.03125,74.91449690516103,48.462642729491655,32.40997229916898,85.30584065908778,364,255.99609375,1.4218966964217594,0.9972451790633609,0.21440610318534276,0.2085591513275116,-0.2081252564920558,1.0539471793297088,1.2501206487576226,2.780990067366906,4514.2178593212075,2712.6163178708575,1.6641564196091077,7232.2313091560745
balanced_interleaved.csv,26,6656.0,6912.0,1,674.7375165343915,675.78125,67.13637629719223,59.5488851658049,23.872679045092838,88.92346805936319,380,255.99609375,1.484397650110628,0.9973614775725593,0.2120481366840322,0.21204140119131729,-0.20974394260474769,1.0591985886982207,1.2576450089302755,2.761954440419432,3870.2675036126993,2796.0991220348837,1.3841667747444093,6701.384931811027
balanced_interleaved.csv,27,6912.0,7168.0,1,761.3932291666666,761.71875,68.08628041085086,55.04323597932411,34.92537313432836,78.80290722530997,337,255.99609375,1.3164263370717937,1.0,0.2046466988679943,0.2103348233787827,-0.22052464913963055,1.0534686064283871,1.2487580050399667,2.7912246662421865,5119.284126887688,2850.3759155431003,1.796003151364082,7972.906825257804
balanced_interleaved.csv,28,7168.0,7424.0,0,775.4440539513678,773.4375,87.68029023224264,82.90673208054889,45.426829268292686,77.37502105311509,330,255.99609375,1.2890821698329138,1.0,0.250830969027687,0.2020693631396559,-0.17226745824193535,1.061529618614487,1.170120816577292,2.5821217630738786,6573.142643796695,5124.04808212134,1.2828026861675026,11711.058568919037
balanced_interleaved.csv,29,7424.0,7680.0,3,634.921097636816,613.28125,87.30410796520766,43.05854155334771,16.458852867830423,94.4999311305306,403,255.99609375,1.5742427710383764,1.0,0.18931464129334072,0.22127551583109162,-0.2528940908899032,1.057297435463328,1.1847872660849914,2.487054178531852,4331.810969782903,2179.172364352292,1.9878239283152954,6515.075724367463
balanced_interleaved.csv,30,7680.0,7936.0,0,692.0625846883469,664.0625,123.41188452095155,58.41195473014552,25.543478260869566,86.69736137667304,370,255.99609375,1.445334554055085,1.0,0.20073160842605892,0.21666655567193704,-0.24751680543606944,1.0585016153360192,1.169061675413249,2.588795509647267,6109.126422578417,3001.261280559524,2.0355196870562016,9115.783393501923
balanced_interleaved.csv,31,7936.0,8192.0,0,777.2365663109756,769.53125,104.03520014898862,110.5550995112979,54.12844036697248,77.1965738626787,329,255.99609375,1.2851758602273595,1.0,0.22838640924698617,0.20730541258961804,-0.20413561667686,1.0560761539871322,1.1509686064012747,2.5057048913802307,8065.445018207642,7566.3616169449915,1.0659608179636755,15655.579285876693
balanced_interleaved.csv,32,8192.0,8448.0,2,721.4424435028249,722.65625,81.5690862574523,54.78305719685534,31.444759206798867,83.16671765065769,356,255.99609375,1.390646219577325,0.9971830985915493,0.2155575272918383,0.20873286009494846,-0.21320363237846385,1.0524194698540836,1.2411341882439055,2.771453384765718,5323.774161290506,3176.1731172835994,1.6761599461693157,8503.43215597482
balanced_interleaved.csv,33,8448.0,8704.0,0,750.3102022058823,744.140625,89.09865218039876,88.13667776883676,42.18289085545723,79.96692544443934,341,255.99609375,1.3320515754940108,1.0,0.22654565632661172,0.2079290159596205,-0.20670913620565654,1.0523055122588394,1.1627690093044363,2.540333005100118,6638.20027594559,5688.371173980013,1.1669773425317822,12370.829210728476
balanced_interleaved.csv,34,8704.0,8960.0,1,718.1338028169014,714.84375,62.002554988473825,47.48301746643787,30.225988700564972,83.54988967884286,356,255.99609375,1.390646219577325,1.0,0.214479289300857,0.20923725789573264,-0.2071808557204814,1.0592130910980715,1.260654566181781,2.805856581680634,4340.539674337545,2387.919383926742,1.8177077934682517,6729.210636824393
balanced_interleaved.csv,35,8960.0,9216.0,2,732.7184813753581,730.46875,69.1844697897467,55.667311705683396,30.17241379310345,81.88683856776244,350,255.99609375,1.3672083619439994,1.0,0.21383685750444892,0.20847174384312783,-0.20919352033879918,1.0607695727752922,1.27823694569647,2.8803909578889133,5695.477426062046,2371.166617617437,2.4019726761272038,8070.064757470784
balanced_interleaved.csv,36,9216.0,9472.0,1,657.6091333762887,656.25,64.46330300435807,39.52009113040386,21.963824289405682,91.23960868966151,389,255.99609375,1.5195544365606164,1.0,0.21197399620600707,0.21178319455851521,-0.21694815623539077,1.0616222464187655,1.2679786159876179,2.796445738393275,4506.209375224503,1763.4179801014554,2.5553835937213507,6271.242388847611
balanced_interleaved.csv,37,9472.0,9728.0,1,648.4275856598985,636.71875,83.07816300241619,56.13202338133548,22.137404580152673,92.53153525067658,395,255.99609375,1.5429922941939422,1.0,0.1946449794539168,0.21941553983403916,-0.24613481716225682,1.0613970281554699,1.2105863361664548,2.595363320576051,5227.161777326635,2591.284079173309,2.017209081527736,7831.449739709912
balanced_interleaved.csv,38,9728.0,9984.0,3,657.6594716494845,640.625,78.38183631751257,58.18284267485064,19.379844961240313,91.23262506888739,390,255.99609375,1.5234607461661707,0.9974293059125964,0.18351650400048386,0.21898602883972632,-0.2555937966961883,1.06228229136554,1.2651836232692517,2.8157357334190207,5559.8554817729755,2048.993488684881,2.713456881379108,7639.481688018819
balanced_interleaved.csv,39,9984.0,10240.0,3,684.5467493297588,687.5,69.05541587844499,39.50366220544583,18.548387096774192,87.64923660618669,374,255.99609375,1.4609597924773021,1.0,0.19883830664887803,0.21198171573969513,-0.22849984460390554,1.057913946514827,1.282055235479892,2.877093016095616,5203.662323333072,1678.4661186961696,3.1002486528445807,6884.464197178931
balanced_interleaved.csv,40,10240.0,10496.0,3,622.6181402439024,621.09375,56.31871037432883,49.43587620374745,10.024449877750612,96.36725325172151,411,255.99609375,1.6054932478828108,1.0,0.18744692355121523,0.2196951251686031,-0.24055055294539818,1.0645130815984158,1.2961863101297462,2.827387023907699,3572.872898211247,1436.7297261833198,2.486809337273617,5022.757166956616
balanced_interleaved.csv,41,10496.0,10752.0,0,752.212389380531,750.0,79.31646720419877,71.36149412951771,42.60355029585799,79.76470588235294,340,255.99609375,1.3281452658884565,1.0,0.24622797526829027,0.20223080206933447,-0.1745484298171595,1.0441149089624355,1.1442060731491541,2.4524467815373434,5791.194609730547,4675.896973471375,1.2385205753220816,10469.302690751001
balanced_interleaved.csv,42,10752.0,11008.0,2,672.6048519736842,671.875,68.23469247178176,58.46442963008765,21.899736147757256,89.20542250615152,382,255.99609375,1.4922102693217365,0.9973753280839895,0.20096235839442356,0.21249296947591678,-0.22547223700023988,1.0526549034873525,1.2721379681508806,2.801992310130853,5217.7624941895165,2266.6687128637373,2.3019519635038908,7509.037967598575
balanced_interleaved.csv,43,11008.0,11264.0,2,697.052168715847,699.21875,75.45479812322856,42.77519059747934,24.10958904109589,86.0767711411554,367,255.99609375,1.4336156252384222,1.0,0.20820107223700746,0.21142652712914378,-0.22046233622474382,1.0618963184173353,1.2705330832785147,2.846280844330167,5431.566586920299,1827.4271938186594,2.9722478713749996,7261.210326164182
balanced_interleaved.csv,44,11264.0,11520.0,2,729.7879464285714,726.5625,76.49752298993607,70.00777149508542,38.96848137535817,82.21566318493936,351,255.99609375,1.3711146715495537,1.0,0.22096189535694447,0.20797734929771622,-0.2113875807025237,1.0552872250432235,1.2222263823464259,2.710077869541255,6296.610461710014,3395.6753488583663,1.85430284547872,9700.706275859828
balanced_interleaved.csv,45,11520.0,11776.0,1,721.4424435028249,722.65625,87.93968698929268,76.47480361557011,40.50991501416431,83.16671765065769,355,255.99609375,1.3867399099717708,1.0,0.2274906358000256,0.20768930409426362,-0.19801317190168352,1.0596916368292548,1.2027573757983767,2.6390281480272364,6010.1673363878945,4198.948217540795,1.4313506680746542,10263.024946650097
balanced_interleaved.csv,46,11776.0,12032.0,1,758.1845238095239,753.90625,88.04678870564811,82.0831503371006,41.7910447761194,79.13640824337585,337,255.99609375,1.3164263370717937,1.0,0.23816036280324157,0.20291938459128514,-0.1807214023915373,1.051053191696748,1.1790371814889067,2.601928880018078,7312.802076613773,4945.343237096664,1.4787248783376679,12270.377751214253
balanced_interleaved.csv,47,12032.0,12288.0,0,769.9430534638554,773.4375,87.50651954487932,72.16037272217966,45.9214501510574,77.92784119561729,333,255.99609375,1.3008010986495766,1.0,0.2520899881223811,0.20051191747255476,-0.1739814667645349,1.0516089617339288,1.1493525312267006,2.513276946754681,6112.251793882983,5341.849099550464,1.1442202278603024,11461.429402572154
balanced_interleaved.csv,48,12288.0,12544.0,3,595.8217727803739,593.75,50.41031272319223,27.158197586287486,7.494145199063232,100.70125453793483,429,255.99609375,1.6758068207827879,1.0,0.1823753165745141,0.22317187505446412,-0.2534128484578711,1.067525592762107,1.2859590633212432,2.786691656508334,2819.8151639750035,1109.7425935603428,2.540963265119259,3953.4757035709245
balanced_interleaved.csv,49,12544.0,12800.0,0,687.5,687.5,85.3828847858756,62.535950914476956,27.027027027027028,87.27272727272727,372,255.99609375,1.4531471732661936,1.0,0.21455234989833177,0.2098147776710353,-0.21474130076116854,1.0565572671921348,1.2269685051140728,2.7373642315397984,5078.735854083115,2961.2204778197656,1.715081971141303,8080.241057443988
balanced_interleaved.csv,50,12800.0,13056.0,2,668.7561354712042,656.25,88.48197304013365,76.84237681147202,27.559055118110237,89.71880303980183,383,255.99609375,1.4961165789272908,1.0,0.21497057464478664,0.21420280026671876,-0.21730003300981784,1.0680480759204638,1.1961083014489204,2.5748699621536604,5806.716774214964,3924.3769617649345,1.4796531604352996,9754.08166791516
balanced_interleaved.csv,51,13056.0,13312.0,2,628.8966286945813,628.90625,63.82274724925185,56.43028806647572,20.98765432098765,95.40518626176087,407,255.99609375,1.5898680094605935,1.0,0.20751346696656606,0.21622862975813215,-0.22695010027307394,1.0657538984875625,1.2355853411336213,2.677083607829661,3861.8968080838627,2594.131179555605,1.488705289277405,6486.012910973125
balanced_interleaved.csv,52,13312.0,13568.0,0,661.6539831606218,656.25,77.56681016704857,57.27686835396555,30.909090909090907,90.68183903826741,387,255.99609375,1.5117418173495079,1.0,0.21634693125464005,0.21284075855931484,-0.21804422365599926,1.0579583146727216,1.195307103255791,2.5867737117321736,4600.610709334967,3471.6638704963434,1.3251889816963238,8075.82469233678
balanced_interleaved.csv,53,13568.0,13824.0,1,673.8745052770448,671.875,65.98997353935049,46.24469444624169,26.190476190476193,89.03734972928329,380,255.99609375,1.484397650110628,1.0,0.20855681262199915,0.2116595344399087,-0.22051745861805275,1.0523656723370947,1.2373588983309698,2.729174193993398,4470.635246006619,2598.177282237557,1.7206813701936832,7077.725008993883
balanced_interleaved.csv,54,13824.0,14080.0,2,713.3052548882681,718.75,81.16288817831848,64.69430686354845,28.57142857142857,84.11546051122023,359,255.99609375,1.4023651483939878,1.0,0.20379823981992068,0.21137879671144646,-0.22253049529295532,1.0558959107567898,1.2574960727483921,2.7926962875062484,5496.372850995548,3017.2902783433865,1.82162547980411,8535.676560882519
balanced_interleaved.csv,55,14080.0,14336.0,1,692.9135529891304,693.359375,67.71327493914248,52.08235764867226,25.068119891008173,86.59088820123166,369,255.99609375,1.4414282444495308,1.0,0.21738745510160262,0.2112428676120751,-0.20549403498908828,1.0638176955652465,1.2505511371059346,2.7476561648367355,4057.132387915311,2427.7150772263285,1.6711732056096948,6492.8487611777455
balanced_interleaved.csv,56,14336.0,14592.0,3,723.607914305949,714.84375,84.17540505807692,79.367450854828,24.431818181818183,82.91783272927468,354,255.99609375,1.3828336003662165,1.0,0.1892149728384339,0.20982146934161064,-0.2341186564599002,1.041956617179563,1.2778575812509785,2.8893535262768903,7539.013759031862,2896.6537109468363,2.6026631110722467,10437.082214585073
balanced_interleaved.csv,57,14592.0,14848.0,3,633.2971464019851,617.1875,85.45954934355791,59.977316546155485,18.1592039800995,94.7422554181462,404,255.99609375,1.5781490806439307,1.0,0.17899644428895436,0.21974654711984815,-0.25514512630145486,1.054187384689515,1.2744056367753849,2.7827370728642338,5197.37533043972,2382.443721660133,2.181531208140391,7615.420168882034
balanced_interleaved.csv,58,14848.0,15104.0,3,639.8711622807018,625.0,70.68071583438223,34.798373024805684,16.08040201005025,93.76887651279854,400,255.99609375,1.5625238422217136,1.0,0.1832280484967861,0.2187423020135962,-0.25111823905842834,1.0590552729901397,1.2832723890878062,2.829744704813997,4502.364315572285,1362.558188218185,3.3043464525063833,5869.847941509901
balanced_interleaved.csv,59,15104.0,15360.0,3,696.909059945504,687.5,86.91737630920474,71.30634890115597,26.775956284153008,86.09444682020893,368,255.99609375,1.4375219348439765,1.0,0.2033196310646273,0.21365154240984938,-0.22770261351515586,1.0516990027550253,1.2036531671707769,2.5967859360739727,5315.682958989632,3631.4540035038262,1.4637891472288427,9011.084676342465
balanced_interleaved.csv,60,15360.0,15616.0,0,789.6188080495356,781.25,91.32459456158375,93.69337057773828,48.75776397515528,75.98603197941556,324,255.99609375,1.265644312199588,1.0,0.2526053051796641,0.19949610412297109,-0.16800595076173286,1.048096339502665,1.1462752138007368,2.5130423791735392,6907.86738413341,6240.571490155057,1.1069286514914636,13178.48689965452
balanced_interleaved.csv,61,15616.0,15872.0,2,734.1160842939481,738.28125,72.85849053089109,48.18282956995774,28.32369942196532,81.73094321684327,348,255.99609375,1.3593957427328909,1.0,0.21619288591405852,0.20783623738001986,-0.20468380521485627,1.0564175559644555,1.2581471178736139,2.8018657757553775,4878.691578472813,2284.3390233478713,2.1357125753263726,7164.289359313643
balanced_interleaved.csv,62,15872.0,16128.0,2,680.4770611702128,683.59375,66.74900462359157,39.83149321281466,19.733333333333334,88.17343511450382,378,255.99609375,1.4765850308995194,0.9973474801061007,0.1968887241077697,0.2119488267034425,-0.2233779861872519,1.0464784317884532,1.2693496897859207,2.786518986773724,4604.972271139559,1761.238500777978,2.614621625126546,6366.864951982109
balanced_interleaved.csv,63,16128.0,16384.0,1,744.437591374269,740.234375,97.51789213494273,70.43934824988506,32.55131964809384,80.5977568774261,343,255.99609375,1.3398641947051193,1.0,0.2206679712235347,0.2033193067247876,-0.19966204703055476,1.0455814368220642,1.2627562049224745,2.8652070728941776,7156.693579210886,3009.6603937808673,2.3779073526034393,10199.531536640723
balanced_interleaved.csv,64,16384.0,16640.0,1,666.867248694517,652.34375,91.16813039558419,53.77713191085586,29.05759162303665,89.97292957100252,384,255.99609375,1.500022888532845,1.0,0.21327607128677484,0.2140940582333805,-0.22111619198966395,1.0578049834180314,1.2064771750758991,2.5874505163730355,4751.372379009465,3388.681818541807,1.4021299825234228,8144.608105086821
balanced_interleaved.csv,65,16640.0,16896.0,1,660.15625,652.34375,77.54755427073592,76.1483882101235,31.34715025906736,90.88757396449704,388,255.99609375,1.5156481269550621,1.0,0.21084231916268203,0.21534967904789162,-0.23008376866630928,1.0633768752268142,1.217093641332158,2.668221989312098,5198.419380584757,3660.0090481638686,1.4203296527894294,8862.582468143635
balanced_interleaved.csv,66,16896.0,17152.0,0,661.239070595855,662.109375,65.15190533306955,45.97304247750848,26.233766233766232,90.73873984175326,387,255.99609375,1.5117418173495079,1.0,0.20832016536554823,0.2149688184542007,-0.2269818048559593,1.0562337951774734,1.2091691672500358,2.6062163546471897,3750.247954674741,2909.363691136921,1.2890268638807476,6660.153631531263
balanced_interleaved.csv,67,17152.0,17408.0,3,627.2554514742014,625.0,50.64389107082579,29.091219372937463,8.866995073891626,95.65480835437228,409,255.99609375,1.5976806286717022,0.9975490196078431,0.18436577313704577,0.21936599987541322,-0.245199539648286,1.0544184391494915,1.2862047262626146,2.7875019086612687,3268.770487530195,1165.2338678197034,2.805248437935012,4434.778853950282
balanced_interleaved.csv,68,17408.0,17664.0,0,736.5588976945245,730.46875,82.76490403733692,80.06531975897515,39.30635838150289,81.45988078862906,348,255.99609375,1.3593957427328909,1.0,0.2457339608704015,0.20218513588317846,-0.1751797913053212,1.0428316089004914,1.1531124178926924,2.4713625309856555,5960.4322250869955,5083.629994524555,1.1724756190963586,11069.946276350376
balanced_interleaved.csv,69,17664.0,17920.0,2,693.7096637228261,691.40625,74.77519139137904,63.32838024423822,27.520435967302454,86.49151530916713,369,255.99609375,1.4414282444495308,1.0,0.2054682670740826,0.21310072018155524,-0.22978041574250063,1.0565193490330322,1.2238223383192677,2.6962106020835908,5926.974797593929,2717.5728158071306,2.18098104423141,8649.54866060437
balanced_interleaved.csv,70,17920.0,18176.0,0,734.4875720461096,734.375,80.87196502921311,63.90978256962702,36.70520231213873,81.68960549305704,348,255.99609375,1.3593957427328909,1.0,0.2343666651775393,0.2036696202626071,-0.18949551526793668,1.049817682347126,1.2035395517842677,2.6789958678697534,6579.237526664001,3281.072221260363,2.0052096031390336,9881.48498077198
balanced_interleaved.csv,71,18176.0,18432.0,1,693.1211890243902,675.78125,98.90021187728199,68.96477124098087,38.58695652173913,86.56494845360825,370,255.99609375,1.445334554055085,1.0,0.2220931977637104,0.21211059425307593,-0.22250479288581937,1.0518829636471878,1.116948723535237,2.342710520808996,5659.307722807194,5112.006380764525,1.1070619442303626,10782.451281198179
balanced_interleaved.csv,72,18432.0,18688.0,1,636.4947007481297,632.8125,72.57106081856665,60.49613549366578,21.25,94.26629935720844,402,255.99609375,1.5703364614328221,1.0,0.2009099497037501,0.21622046226488592,-0.2358147014217806,1.0554486872501827,1.2124746350542392,2.6205708408396147,4552.539358274949,2726.212333191964,1.6699137124600434,7292.11410540912
balanced_interleaved.csv,73,18688.0,18944.0,2,629.2631172839506,617.1875,74.79906510635328,56.21996456428561,19.554455445544555,95.34962140952148,407,255.99609375,1.5898680094605935,0.9975369458128078,0.2033712314323493,0.2156541413555427,-0.22547110332075176,1.0662112481862016,1.2589355522204295,2.7768278026186115,4726.539993948993,2438.864337377968,1.9380085728878687,7198.8597432189945
balanced_interleaved.csv,74,18944.0,19200.0,1,705.4234288674033,707.03125,69.38898672216575,49.22160106942659,32.13296398891966,85.05529805883162,363,255.99609375,1.4179903868162052,1.0,0.22446168056529126,0.20746812742553386,-0.1968879542364438,1.058042077537582,1.2266619828910057,2.7057648150390134,4623.2388255854075,2753.6270682753725,1.678963313097076,7379.210332883111
balanced_interleaved.csv,75,19200.0,19456.0,3,726.6401811079545,730.46875,62.21446863317038,42.9480047369902,24.216524216524217,82.57181691840132,353,255.99609375,1.3789272907606622,1.0,0.20307223472240551,0.20872286895537306,-0.21802972377520222,1.0446458317661058,1.277056621154001,2.8457708477997077,5394.647694854904,1647.8773466767032,3.27369491772817,7042.557409945188
balanced_interleaved.csv,76,19456.0,19712.0,3,658.4302325581396,660.15625,61.48658288762474,36.9388102792357,14.507772020725387,91.12582781456953,388,255.99609375,1.5156481269550621,1.0,0.1870210528231509,0.21438950159028924,-0.23793372895894718,1.0504332613286804,1.3074922902963924,2.9196056846579532,4426.000620184449,1146.291161908311,3.861148691765342,5573.922056854347
balanced_interleaved.csv,77,19712.0,19968.0,3,642.4846505037783,640.625,59.8388795675451,36.801788794558945,16.161616161616163,93.38744505873164,398,255.99609375,1.554711223010605,1.0,0.17853837809677592,0.21794955755268436,-0.252797040804735,1.0529209352035864,1.2869293748855233,2.8193660903777564,4427.244156036571,1258.3541755131125,3.51828145222413,5690.064018786219
balanced_interleaved.csv,78,19968.0,20224.0,3,705.045752762431,689.453125,98.71214892393658,54.974652349889126,30.193905817174517,85.10086014264287,364,255.99609375,1.4218966964217594,0.9972451790633609,0.21630734105004662,0.21343406098292822,-0.23089475444154398,1.0575883486788946,1.1241674665081502,2.448414680902075,5962.664147098839,3160.6561299930727,1.886527322765703,9132.26784428893
balanced_interleaved.csv,79,20224.0,20480.0,0,718.3208626760563,718.75,101.3038581076124,79.4931730169236,41.52542372881356,83.5281322283666,356,255.99609375,1.390646219577325,1.0,0.23533589798378435,0.2086165856655484,-0.1997622690009691,1.0531825962187336,1.1275266359250993,2.4010537705736104,5350.500674162775,5233.6726893998675,1.0223223712479246,10609.007713874069
balanced_interleaved.csv,80,20480.0,20736.0,2,655.6690705128206,656.25,59.46834628785231,37.80044712061587,18.50899742930591,91.50957807583025,392,255.99609375,1.5312733653772794,0.9974424552429667,0.20094952776192593,0.21376771737648476,-0.22690958905112724,1.053420912092021,1.2616020056065926,2.765465104453315,4088.4696747146513,1725.935949763202,2.3688420623462814,5817.13257958233
balanced_interleaved.csv,81,20736.0,20992.0,2,623.1280562347188,621.09375,48.931444514484724,30.884645236269936,12.745098039215685,96.28839433511128,410,255.99609375,1.6015869382772565,1.0,0.19905403926178838,0.21721650566143497,-0.23436386724451533,1.0633017846943749,1.268206993389557,2.774483759579512,3142.0430973349335,1294.406847639334,2.42739993462273,4438.022793017115
balanced_interleaved.csv,82,20992.0,21248.0,1,759.6493675595239,757.8125,72.8212843354016,61.46976214461604,35.223880597014926,78.98380827033148,337,255.99609375,1.3164263370717937,1.0,0.20397767415348605,0.21064329555952255,-0.22233163646089668,1.053987951664495,1.2458819090066364,2.783720218806285,5393.966176605035,3109.8973586611687,1.7344515122284205,8504.98889672779
balanced_interleaved.csv,83,21248.0,21504.0,1,772.8338068181819,773.4375,82.47954013979069,75.81293353821519,36.77811550151976,77.63635528190046,331,255.99609375,1.292988479438468,1.0,0.224338302447337,0.20342408793016756,-0.18865207462588438,1.0595936230465142,1.288506241067024,2.951911198284898,6461.632949226472,3479.7685331414386,1.8569145871875246,9948.602875580416
balanced_interleaved.csv,84,21504.0,21760.0,0,751.3901654411765,753.90625,98.04057354493938,69.8961240660264,39.823008849557525,79.85199003073348,341,255.99609375,1.3320515754940108,1.0,0.24161013824026945,0.20403856666937406,-0.1848735313405381,1.0600387828176543,1.1819295269047942,2.62430936687144,6589.91831781152,4188.769330377786,1.573234952333165,10796.335000958283
balanced_interleaved.csv,85,21760.0,22016.0,0,704.7759841160221,683.59375,107.60548874485268,82.51853481697115,36.84210526315789,85.13343438519131,363,255.99609375,1.4179903868162052,1.0,0.21922006065311803,0.21500643201683325,-0.2245492648715241,1.050346415765093,1.0873732490293817,2.2283295826092218,5905.758197992619,5498.988092554932,1.0739718105570026,11434.833712028569
balanced_interleaved.csv,86,22016.0,22272.0,3,636.913575436409,636.71875,53.00746796509916,35.66686479269835,18.0,94.20430387103681,402,255.99609375,1.5703364614328221,1.0,0.18830477964516334,0.21909206754383542,-0.24514931837113546,1.0561352165572808,1.253176530512149,2.709429565633661,3485.397461207764,1599.369281737078,2.1792324643263545,5085.102574170114
balanced_interleaved.csv,87,22272.0,22528.0,0,637.9851153366584,632.8125,65.50568562112525,58.29186555048199,24.75,94.04608126059273,402,255.99609375,1.5703364614328221,1.0,0.21644200499563834,0.2143781325503561,-0.21593390943932078,1.063732199123073,1.2159519166013788,2.611252665727269,4258.928906416784,2867.7433819139396,1.4851150675742695,7146.35930213449
balanced_interleaved.csv,88,22528.0,22784.0,2,633.9368796526055,632.8125,50.56650172079659,32.802017804192865,14.676616915422885,94.64664689153236,404,255.99609375,1.5781490806439307,1.0,0.2053778526716375,0.21490645721181664,-0.221779323289472,1.0616327676046846,1.2612535388607362,2.747157789624043,3233.349954680389,1427.813237905812,2.264546839068936,4662.676583538092
balanced_interleaved.csv,89,22784.0,23040.0,0,696.1639986376022,695.3125,74.48916745991717,66.69223065963345,31.420765027322407,86.18658838638657,368,255.99609375,1.4375219348439765,1.0,0.22691271903884788,0.20960337764120285,-0.20074044484544867,1.0546028693271088,1.1717493392240204,2.4920961796175805,4874.313997692443,3850.9614053063797,1.2657395088343262,8729.505766221431
balanced_interleaved.csv,90,23040.0,23296.0,1,641.3531171284635,632.8125,65.51898109558631,56.717785847956314,16.91919191919192,93.5522076646927,399,255.99609375,1.5586175326161593,0.9974874371859297,0.20230484285676026,0.21528280929962162,-0.22487256433264405,1.0653715661521996,1.2910548839874303,2.8564464894632504,3883.0500747497863,2384.007540739887,1.628791020327337,6321.141835990422
balanced_interleaved.csv,91,23296.0,23552.0,2,623.5708841463414,617.1875,65.81374269901347,42.84266899101509,17.6039119804401,96.22001527883882,411,255.99609375,1.6054932478828108,1.0,0.20051049275510074,0.21811955562648286,-0.23518389961658268,1.0692278764218073,1.2530471827686729,2.7419666299590055,3967.3566303205876,1788.1912727030583,2.2186422061681736,5759.678218231069
balanced_interleaved.csv,92,23552.0,23808.0,2,633.9756513647643,625.0,66.4291862523515,55.4474368476435,22.388059701492537,94.6408586368223,404,255.99609375,1.5781490806439307,1.0,0.20406657644927856,0.2164887065789821,-0.2287691888116702,1.070762132269589,1.2497957942962319,2.742800696380354,4091.270657785375,2318.1528347710473,1.7648839181000118,6429.0239290267755
balanced_interleaved.csv,93,23808.0,24064.0,1,661.1985913212435,652.34375,81.23368546208626,63.97316436941256,21.558441558441558,90.74429496303779,387,255.99609375,1.5117418173495079,1.0,0.20658824772304807,0.2155185417202042,-0.23103804999219016,1.0655368285728162,1.2227701673262057,2.696495167734775,4939.8576868329865,3031.0976287716826,1.6297256940664122,8009.277958561285
balanced_interleaved.csv,94,24064.0,24320.0,3,615.210843373494,617.1875,55.70042153729117,52.5156845487368,8.937198067632849,97.52753977968176,416,255.99609375,1.6250247959105821,1.0,0.17679059691925292,0.22295170682029936,-0.25561474255187117,1.0673180301486926,1.2993803517088671,2.84557164802517,3394.3307575275367,1531.6586858853036,2.2161143267800574,4944.587041399865
balanced_interleaved.csv,95,24320.0,24576.0,3,592.2908207656612,589.84375,49.51850543005195,25.683477173612435,6.046511627906977,101.30158681581001,432,255.99609375,1.6875257495994507,1.0,0.1855132872877804,0.22115074305864707,-0.23983199631957897,1.0642555488904568,1.286224041887563,2.7688609517874525,2706.5358171990297,873.5374720786491,3.098362581697407,3582.5182916627364
balanced_interleaved.csv,96,24576.0,24832.0,3,685.6463639410188,687.5,56.820663661029094,36.45251999783702,19.086021505376344,87.50866795986009,374,255.99609375,1.4609597924773021,1.0,0.1917664120282238,0.21419698727520683,-0.23164615876976197,1.059556950969704,1.3028383126042928,2.922823196232322,4400.666268156431,1393.6975349485494,3.1575475724141886,5796.835134425809
balanced_interleaved.csv,97,24832.0,25088.0,0,733.6341594827586,738.28125,111.1072514045881,78.8572269212349,30.547550432276655,81.78463233269072,349,255.99609375,1.3633020523384451,1.0,0.23840458614049292,0.2047360561302494,-0.18224130407270828,1.0586231178918364,1.197591107541964,2.672088835241869,6339.168467024879,3712.6574550963583,1.7074477092744211,10071.149927614008
balanced_interleaved.csv,98,25088.0,25344.0,2,729.9091153295129,722.65625,93.55496089778254,70.97136774045046,40.229885057471265,82.20201493567234,350,255.99609375,1.3672083619439994,1.0,0.2290477105411436,0.20866476748878787,-0.20539722688258497,1.05477925260597,1.1497018388975586,2.4508807538274553,6557.10671248673,5262.272780124362,1.2460598274671288,11828.653189886
balanced_interleaved.csv,99,25344.0,25600.0,2,716.0692401960785,710.9375,81.78343353147957,72.41848678637136,36.79775280898877,83.79077976254145,358,255.99609375,1.3984588387884336,1.0,0.2128679134819254,0.20890588766316256,-0.2161096746175183,1.049295763190072,1.2106704846066616,2.683664399927072,7063.945406442843,3698.877321270494,1.909753904467562,10813.581449016363
balanced_interleaved.csv,100,25600.0,25856.0,2,709.1579861111111,714.84375,72.59820954830967,49.75348352188693,34.26183844011142,84.6073811126752,362,255.99609375,1.4140840772106509,0.997229916897507,0.2134916733050396,0.20953881992085494,-0.21342209330986106,1.0565212865514813,1.2407934127118878,2.7527111095567065,4746.131686074624,2804.5435966899045,1.6923009118761076,7557.117972434803
balanced_interleaved.csv,101,25856.0,26112.0,1,696.7213114754098,691.40625,76.33172862721513,70.18991406758572,26.84931506849315,86.11764705882354,367,255.99609375,1.4336156252384222,1.0,0.21167963228375247,0.21329909897685645,-0.21788875408727718,1.0674430798777783,1.2620677710685457,2.7992113496020252,4779.544281669487,3260.3195455598916,1.4659741828614838,8080.347298495681
balanced_interleaved.csv,102,26112.0,26368.0,1,659.4799741602067,656.25,66.82916199913369,60.549649725405786,20.984455958549223,90.98077629484511,388,255.99609375,1.5156481269550621,1.0,0.21587085575995385,0.2129923143518383,-0.21308060076575594,1.0610381181775599,1.2406466564334822,2.703602408132542,4255.7745065268,2754.342159789016,1.5451146806149874,7039.235556359765
balanced_interleaved.csv,103,26368.0,26624.0,0,727.2191061253561,726.5625,77.65457773340327,72.19153417144413,38.285714285714285,82.50608309740608,352,255.99609375,1.375020981155108,1.0,0.23946523945233197,0.2062101399906644,-0.18815762510090317,1.0635164174455485,1.1895800332485644,2.6040407981998133,5743.205750794854,4178.089272306999,1.3746010141194638,9929.446133332583
balanced_interleaved.csv,104,26624.0,26880.0,3,647.8723826142132,625.0,96.99116593828577,65.56334572002726,19.083969465648856,92.61083140771574,396,255.99609375,1.5468986037994965,0.9974683544303797,0.19018037853954115,0.2175521018563311,-0.2459391727545822,1.0527080763502195,1.2179969257654335,2.6021746538499597,5708.52354970655,2954.3873620747277,1.9322190525814196,8692.7841598696
balanced_interleaved.csv,105,26880.0,27136.0,0,696.089492506812,671.875,120.88570610444816,56.686425977589245,28.142076502732237,86.19581339164208,368,255.99609375,1.4375219348439765,1.0,0.20593819029035482,0.2144107674254147,-0.2382760339096751,1.0610987349824799,1.179195139346559,2.6302114314822695,6189.120215762495,3089.5145188445335,2.0032662665968637,9284.185150784166
balanced_interleaved.csv,106,27136.0,27392.0,0,736.5539197976879,726.5625,111.59182353374338,99.08421567691231,44.63768115942029,81.46043132386076,347,255.99609375,1.3554894331273366,1.0,0.2244514669091942,0.2106298843049119,-0.21321377231103184,1.0581094607701838,1.1498257810524841,2.47337358748735,6608.76017819406,6696.253874753634,0.9869339337790874,13326.864598755878
balanced_interleaved.csv,107,27392.0,27648.0,2,663.3218344155844,664.0625,67.75482492097967,62.07032325509268,24.21875,90.45382932835707,386,255.99609375,1.5078355077439536,1.0,0.20473044525751183,0.21321832224995527,-0.2226214661429687,1.059386975986871,1.2562028285470497,2.766770070074563,4580.1175484496935,2835.907548864109,1.61504473242938,7447.045706272769
balanced_interleaved.csv,108,27648.0,27904.0,0,673.9981860158312,664.0625,81.73941845370261,68.07874773121537,28.306878306878307,89.02101110193595,380,255.99609375,1.484397650110628,1.0,0.21523282143937209,0.2131924824491904,-0.21906990079270758,1.0556142014139347,1.1920674094648627,2.557751299956368,4752.219509379629,3859.2716025500126,1.2313773164447928,8640.130423649176
balanced_interleaved.csv,109,27904.0,28160.0,1,679.1472739361702,675.78125,69.3102199989205,62.99510924716696,25.066666666666666,88.3460808909013,377,255.99609375,1.4726787212939652,1.0,0.2117222783781357,0.21090249665644636,-0.21626043722089203,1.0550603551978104,1.230014121515997,2.7089496245420293,5090.499137651859,2811.698412239017,1.810471249510072,7922.428894411508
balanced_interleaved.csv,110,28160.0,28416.0,2,639.8613721804511,628.90625,71.92189039681973,38.754082382926455,16.08040201005025,93.77031120903332,400,255.99609375,1.5625238422217136,1.0,0.19668230024358102,0.21538511374607938,-0.23205512224912248,1.0615463995690688,1.2826629900408684,2.835339491107728,4217.547413816652,1715.420729245682,2.458608166447437,5940.361485838612
balanced_interleaved.csv,111,28416.0,28672.0,1,671.1657072368421,666.015625,66.98558953263957,43.41477773134099,24.80211081794195,89.39670092355762,381,255.99609375,1.4883039597161822,1.0,0.20758336299745467,0.2109224821826062,-0.22069091464907264,1.0566439843553255,1.2586486543851307,2.8101878707482504,5235.205500419907,1915.8587020752645,2.732563468667661,7155.313382157427
balanced_interleaved.csv,112,28672.0,28928.0,1,710.4166666666666,707.03125,76.4442063022757,50.2541376645865,33.98328690807799,84.45747800586511,361,255.99609375,1.4101777676050966,1.0,0.21000689867995928,0.21021521820389444,-0.22050530187411815,1.052254065007298,1.2263499023811173,2.7138642015660412,6194.315851699603,2627.5787444327652,2.357423489143354,8823.889220346655
balanced_interleaved.csv,113,28928.0,29184.0,3,706.2846260387812,707.03125,76.09276619948363,44.67920186285295,27.500000000000004,84.95158720431425,363,255.99609375,1.4179903868162052,0.9972375690607734,0.19801296217350292,0.21148634257278134,-0.2304151526548727,1.0513808039617991,1.2581076377651843,2.814348252124457,5634.283654501269,2015.3164666586458,2.7957314633779564,7651.427209657095
balanced_interleaved.csv,114,29184.0,29440.0,3,675.1302083333334,667.96875,70.36788292784877,58.82332346893987,19.098143236074268,88.87174541947927,379,255.99609375,1.4804913405050737,1.0,0.18483186105044702,0.21447352000924008,-0.24183839614174468,1.0516151737269654,1.2981181481843322,2.9032014905099253,5328.583466830956,2094.7483325037742,2.543782173805051,7457.0869528747535
balanced_interleaved.csv,115,29440.0,29696.0,3,707.0096087257617,710.9375,59.59076127554867,39.427010230832714,19.72222222222222,84.86447604034345,362,255.99609375,1.4140840772106509,1.0,0.18870891204328988,0.21158265416340036,-0.23278844291491788,1.0423928042693236,1.2844068286149903,2.8501409225927494,4815.0117345517365,1517.9934369711627,3.171958203033527,6333.441121838939
balanced_interleaved.csv,116,29696.0,29952.0,0,752.8691924778761,750.0,79.06987617635674,71.13021489894359,42.60355029585799,79.69511915147619,340,255.99609375,1.3281452658884565,1.0,0.24645712435006342,0.20214331779418315,-0.1727893293506055,1.0443319347869964,1.1464796357380789,2.4569039316867816,5729.969294571691,4678.984998726012,1.224618009275909,10410.290966485252
balanced_interleaved.csv,117,29952.0,30208.0,2,673.2730263157895,664.0625,76.09799445362592,66.73464701888362,24.010554089709764,89.11689263466471,381,255.99609375,1.4883039597161822,1.0,0.20108679767052862,0.2144605225660644,-0.2313761141715675,1.0610410021909036,1.2439819614873788,2.7396064873703425,5928.348159461278,3014.511747051347,1.9666031042208105,8978.857391356209
balanced_interleaved.csv,118,30208.0,30464.0,2,651.3970822704082,652.34375,65.11521490092586,56.66206587197008,18.15856777493606,92.10971561443498,393,255.99609375,1.5351796749828337,1.0,0.1994018423080194,0.21487896909542967,-0.23268493158193673,1.055729635799268,1.2586155838136905,2.768000337429756,4604.099500977023,2061.8143719380178,2.233032984753795,6687.504851016993
balanced_interleaved.csv,119,30464.0,30720.0,2,708.6697048611111,695.3125,90.90585155720396,85.8410013098385,32.31197771587744,84.665676532284,361,255.99609375,1.4101777676050966,1.0,0.20139858822042012,0.2121013761994409,-0.23091117932650793,1.0527174180435108,1.2368666750513986,2.7431683628123773,6775.140483750863,4018.058239902279,1.6861727927357362,10804.460718449482
balanced_interleaved.csv,120,30720.0,30976.0,1,694.8441757493188,699.21875,88.46348316464841,57.54519147006108,32.51366120218579,86.3502956404522,368,255.99609375,1.4375219348439765,1.0,0.20194698087458676,0.21356403557389747,-0.23595935676794141,1.0500286958809555,1.1977675292341354,2.6105423377364056,5124.299040489065,3452.3093785326128,1.4843104944050882,8590.381468570873
balanced_interleaved.csv,121,30976.0,31232.0,1,643.5965050377833,632.8125,80.82844841940972,74.17512673328991,23.484848484848484,93.22611221525761,398,255.99609375,1.554711223010605,1.0,0.20468888842023272,0.2155074019471623,-0.2262904685799633,1.0625665991178448,1.2291576703245088,2.686299556043643,5148.627323271954,3321.7934310403316,1.5499540926178206,8474.363106039826
balanced_interleaved.csv,122,31232.0,31488.0,0,678.7836602393617,675.78125,74.97690336661076,68.07134259210454,29.06666666666667,88.39340649249277,377,255.99609375,1.4726787212939652,1.0,0.23479614161556728,0.2103550532034589,-0.191890956908143,1.068202988219436,1.1932530311062952,2.5764324489022243,4687.005003843089,3903.668718694011,1.2006666911558894,8606.99050995471
balanced_interleaved.csv,123,31488.0,31744.0,3,687.2689852150538,687.5,63.5094404877588,47.60891514381337,22.641509433962266,87.30206264323911,373,255.99609375,1.4570534828717479,1.0,0.1865519849912222,0.21492358560454755,-0.2429579250236358,1.0504104004407926,1.272497923213611,2.817846051727204,4706.9717989271685,1911.0353569488998,2.4630479921848094,6657.680165039744
balanced_interleaved.csv,124,31744.0,32000.0,0,699.7875171703297,695.3125,75.32352359154079,71.24521260150594,30.57851239669421,85.74031192013372,365,255.99609375,1.4258030060273137,1.0,0.2245388798811169,0.20741071488133211,-0.19401768403564745,1.0595711194031223,1.2499497521045986,2.7833364390178037,5695.376799414951,3255.7615265711866,1.7493224712354936,8982.273310504987
balanced_interleaved.csv,125,32000.0,32256.0,2,722.3472810734463,714.84375,80.55269539949629,60.279185415171064,36.827195467422094,83.06254009959977,355,255.99609375,1.3867399099717708,1.0,0.22349049356117567,0.20860098342701439,-0.20574310432294585,1.0603536868006191,1.2003042255694725,2.6291571211816898,6355.5397518021055,3650.0596990258946,1.7412152884782222,10010.170803298686
balanced_interleaved.csv,126,32256.0,32512.0,2,697.0414959016393,703.125,78.75874565238652,68.76659834268483,36.43835616438356,86.07808911345889,368,255.99609375,1.4375219348439765,0.997275204359673,0.21675423729433912,0.20999754020437073,-0.21229684773872434,1.050549591394967,1.2073209097851991,2.629108093162886,5324.599209447164,3804.420239211708,1.3995822949755001,9165.354959881062
balanced_interleaved.csv,127,32512.0,32768.0,0,700.9572458791209,697.265625,80.74961897690035,82.06813662993457,36.63911845730027,85.59723200342937,365,255.99609375,1.4258030060273137,1.0,0.22915633901123647,0.20969144646814175,-0.20419739024888217,1.055865800441793,1.1666398388819639,2.511547885917774,5263.771879558472,4867.293232736721,1.0814577277068684,10145.461456777866
balanced_interleaved.csv,128,32768.0,33024.0,1,689.2630912162163,687.5,69.47760455034526,65.53212997345959,27.371273712737125,87.04948917855009,371,255.99609375,1.4492408636606393,1.0,0.21436700367903697,0.2129491759103043,-0.21339073574982587,1.0696268027465314,1.2575610186058985,2.7954741849535516,4738.7577843817,3030.0346138354967,1.5639285976285455,7773.184659867655
balanced_interleaved.csv,129,33024.0,33280.0,2,678.8252160904256,679.6875,55.854613794570994,38.906982088159104,19.733333333333334,88.38799528626743,377,255.99609375,1.4726787212939652,1.0,0.19701949662873805,0.21378561409120567,-0.23744352412687447,1.0524211915912747,1.259993097210293,2.7746749312566115,3829.3352258960354,1759.1478686122464,2.1768125887660115,5597.303795821088
balanced_interleaved.csv,130,33280.0,33536.0,1,700.1712328767123,699.21875,68.3692774636156,57.41977247216011,31.043956043956044,85.69332355099046,366,255.99609375,1.429709315632868,1.0,0.2094255469730945,0.2121481818068208,-0.22312310775664923,1.0578704112355555,1.2280025370689698,2.6950658096840314,4927.354246718676,2953.3214298279304,1.6684110970629293,7889.280606102675
balanced_interleaved.csv,131,33536.0,33792.0,3,602.449024822695,593.75,74.71407773217207,65.28768073345775,12.322274881516588,99.59348845764738,424,255.99609375,1.6562752727550165,1.0,0.18450578752916436,0.21958571411686512,-0.24413885296531224,1.0550106156929988,1.290109278264328,2.786188145270307,4394.239650326567,2130.469663637136,2.0625685149746396,6529.161635831877
balanced_interleaved.csv,132,33792.0,34048.0,3,640.8110119047619,636.71875,71.48755940670702,52.74400706515631,14.321608040201006,93.63134978229317,400,255.99609375,1.5625238422217136,1.0,0.1883503655456031,0.21898646421645662,-0.25056421294541814,1.0669749202299275,1.2896641448410622,2.8590900241978163,4837.459692676837,1665.795703507717,2.9039933783539302,6530.441536939869
balanced_interleaved.csv,133,34048.0,34304.0,3,666.4796834203655,667.96875,65.23754817613734,58.219655482682576,20.680628272251308,90.02524982019068,384,255.99609375,1.500022888532845,1.0,0.19190469842816912,0.21613359370458304,-0.23955042395318046,1.0586020654508486,1.2762393302708819,2.8131575641192574,5017.596455974506,2119.6540126063014,2.3671771082134905,7169.429678856794
balanced_interleaved.csv,134,34304.0,34560.0,3,696.5258855585831,683.59375,79.42023893602033,68.43511002763519,28.96174863387978,86.14180929095355,369,255.99609375,1.4414282444495308,0.9972826086956522,0.1976076906258622,0.2126920924061353,-0.2359610100563991,1.0476988963094551,1.247305822044872,2.7637145416097946,5768.101464567398,3373.1714813151925,1.709993546583178,9190.773571422033
balanced_interleaved.csv,135,34560.0,34816.0,0,735.6132925072046,734.375,83.27210419503531,79.08856429323025,41.040462427745666,81.56459461941053,348,255.99609375,1.3593957427328909,1.0,0.2241041136733058,0.2090675301682092,-0.2123057454733064,1.0568867249453862,1.1797015877947106,2.585124737737144,5787.590808032214,5019.938828680842,1.1529205844034356,10835.490186322615
balanced_interleaved.csv,136,34816.0,35072.0,2,688.8513513513514,687.5,69.9178619224693,62.75223281409032,24.661246612466126,87.10152035311427,371,255.99609375,1.4492408636606393,1.0,0.1998143263553167,0.21452472696309538,-0.23291697902742772,1.059040776611921,1.2465102688500223,2.7446718877932907,5172.707137182068,2675.4105639543905,1.9334255485395666,7883.599146153566
balanced_interleaved.csv,137,35072.0,35328.0,2,660.1663436692506,660.15625,61.49544016618059,40.195675100613016,20.984455958549223,90.88618433123357,388,255.99609375,1.5156481269550621,1.0,0.2056653016298037,0.2114698330275182,-0.21674631856486695,1.051016971179805,1.2608969766826146,2.763047419630909,4465.686781530881,1861.799903454886,2.3985857842424636,6328.666817408117
balanced_interleaved.csv,138,35328.0,35584.0,1,694.1523331062671,695.3125,76.10976309828202,59.42671254308351,22.131147540983605,86.4363586181517,368,255.99609375,1.4375219348439765,1.0,0.21060582609250392,0.2094510133031267,-0.20555082270027442,1.061359869924172,1.3125799350841112,2.951108911251148,5000.232780339957,2266.6107200745814,2.2060395003229436,7296.371278080654
balanced_interleaved.csv,139,35584.0,35840.0,1,713.8835544692737,710.9375,70.62134572866894,54.02066940326277,37.53501400560224,84.0473206370556,359,255.99609375,1.4023651483939878,1.0,0.2199183098897048,0.20808833902747986,-0.2062516101465842,1.058130246663804,1.223844344743551,2.7252326770085498,5694.495794002262,3165.2768667144405,1.7990514049133253,8864.934634563118
balanced_interleaved.csv,140,35840.0,36096.0,1,681.9330715240642,683.59375,82.89107670474658,74.08358653267766,37.801608579088466,87.98517406686986,375,255.99609375,1.4648661020828564,1.0,0.22509269658319286,0.2102828711192889,-0.20274175949448814,1.0594410012383861,1.1893019370877658,2.563090932278125,5359.2327682205705,3937.1761819445296,1.3611869320955057,9305.580817614522
balanced_interleaved.csv,141,36096.0,36352.0,0,675.3689808707124,667.96875,77.12126434528767,50.58891192724586,31.216931216931215,88.84032536206449,380,255.99609375,1.484397650110628,1.0,0.22874287588812423,0.21004840918770468,-0.2023938683831944,1.0637460612552936,1.2038509469103442,2.6222471314152056,5195.153909082031,3037.0943634935848,1.710567169571254,8242.029553182672
balanced_interleaved.csv,142,36352.0,36608.0,3,739.3713662790698,738.28125,75.44345946769194,67.97670838264513,29.44606413994169,81.15001842978253,346,255.99609375,1.3515831235217823,0.9971014492753624,0.20608612319464498,0.2078207646647488,-0.21183949864583274,1.048638338541065,1.2614518937447272,2.8439317699127553,6521.507467994839,2737.7802275872027,2.3820419923706675,9283.072101889657
balanced_interleaved.csv,143,36608.0,36864.0,0,716.2990196078431,714.84375,70.99481037453256,57.64684311678098,36.235955056179776,83.76390076988879,358,255.99609375,1.3984588387884336,1.0,0.22609278555395426,0.20871459106010376,-0.20784040935830242,1.0585908513406495,1.1747539066998298,2.564514849753027,4770.7471164731005,3912.0514066419423,1.2195001089129993,8684.199472922746
balanced_interleaved.csv,144,36864.0,37120.0,2,638.076171875,634.765625,62.69997863582529,39.736124698394605,16.290726817042607,94.03266043251351,401,255.99609375,1.5664301518272679,1.0,0.19564177036051536,0.21665130184319856,-0.23614984307927925,1.0536324328046314,1.235893479318842,2.6617683475139753,4260.592878365589,1697.2687097853245,2.5102641990639665,5961.005862821015
balanced_interleaved.csv,145,37120.0,37376.0,0,647.4262373096446,648.4375,59.503315188181425,41.73758104415947,20.10178117048346,92.67465008728676,395,255.99609375,1.5429922941939422,1.0,0.20660366997180932,0.21382597086442973,-0.22197353698042624,1.0675933888639308,1.271698636316562,2.817105613013755,4162.546408252863,1930.5790394981489,2.156112919020871,6102.26126793788
balanced_interleaved.csv,146,37376.0,37632.0,1,728.0982905982906,718.75,98.91195881162967,68.96431945361958,45.14285714285714,82.40645634629493,352,255.99609375,1.375020981155108,1.0,0.23167846145170157,0.2073546618044236,-0.20988055010729098,1.0545473529489673,1.1410172604779811,2.521708333322362,6925.523121963441,4850.584154076965,1.4277709451020386,11793.181218442509
balanced_interleaved.csv,147,37632.0,37888.0,1,709.47265625,703.125,95.76275717531482,79.89007564895239,35.93314763231198,84.5698554714384,361,255.99609375,1.4101777676050966,1.0,0.22168843352020717,0.2099438721167776,-0.21084702737279057,1.054862226909861,1.1808331694825092,2.557908279568867,6021.414644052153,4553.365749415535,1.322409614212312,10601.649400000713
balanced_interleaved.csv,148,37888.0,38144.0,2,654.3721883033419,652.34375,60.33805123715335,40.575560966086826,22.422680412371136,91.69093838717103,391,255.99609375,1.527367055771725,0.9974358974358974,0.20554515913989685,0.21361285218127055,-0.21777692127921208,1.0581763013906476,1.2498490807032305,2.736449702230712,4250.9036780495035,2051.823128247898,2.071769062121575,6304.281754515713
balanced_interleaved.csv,149,38144.0,38400.0,1,694.0493376358696,691.40625,70.37471437143698,65.33416175172118,28.610354223433244,86.44918559302592,369,255.99609375,1.4414282444495308,1.0,0.22393202389179306,0.2080542448234677,-0.19856857715477816,1.0530660053183334,1.2203169915761058,2.6670605719512963,5094.420170813151,3147.8279424421994,1.6183921942254298,8258.493975536483
balanced_interleaved.csv,150,38400.0,38656.0,3,717.6417661516854,718.75,62.99947096693749,42.650469736827134,23.661971830985916,83.60717398284483,357,255.99609375,1.3945525291828793,1.0,0.20252393638004332,0.20779428168595798,-0.21747002720521805,1.0444356805451431,1.2743274356604721,2.856508222891202,5597.853382726155,1642.7220904727892,3.4076691457378807,7240.668202537792
balanced_interleaved.csv,151,38656.0,38912.0,3,643.3308406801008,640.625,53.43754269326927,30.564939180734537,13.383838383838384,93.26461006683694,398,255.99609375,1.554711223010605,1.0,0.17919443223954556,0.218162538982666,-0.24710543115530342,1.0508270585952666,1.3102383555769852,2.8862089415206533,3795.255754451196,982.3531985862189,3.8634329891868266,4779.813057009908
balanced_interleaved.csv,152,38912.0,39168.0,3,672.6170844327177,667.96875,80.08715335257281,53.652048419644174,15.608465608465607,89.20380018387986,381,255.99609375,1.4883039597161822,0.9973684210526316,0.1837593009533076,0.21498680168807094,-0.24113081884371262,1.0499342376514789,1.3039750430854498,2.9060076620628097,5341.432156075566,1569.7465894853528,3.402735315275808,6933.49314013627
balanced_interleaved.csv,153,39168.0,39424.0,3,663.484172077922,664.0625,75.12673188617289,61.38441737917527,24.479166666666664,90.43169758231004,386,255.99609375,1.5078355077439536,1.0,0.20108446981143008,0.21471375343643598,-0.23491514687029008,1.058721803289926,1.2449002206455546,2.7268987015866895,4650.18732618911,2861.2652152025485,1.6252206546536174,7545.595345104588
balanced_interleaved.csv,154,39424.0,39680.0,0,678.700548537234,664.0625,90.90451626117083,73.44774972798123,33.06666666666666,88.40423089286534,377,255.99609375,1.4726787212939652,1.0,0.21310403774047668,0.21317914757508505,-0.2221350039398201,1.0542797706712825,1.1862552873246883,2.550975095843449,5932.579213392252,4155.542796624623,1.4276303972157482,10094.930194032526
balanced_interleaved.csv,155,39680.0,39936.0,2,730.7589285714286,728.515625,75.09050959976409,59.5129223013395,32.09169054441261,82.10642067322378,351,255.99609375,1.3711146715495537,1.0,0.1953136380333247,0.20988601434591325,-0.2323114398816383,1.04145060667158,1.256887949927331,2.8234574742157115,6358.850544732167,2993.0684503891616,2.1245255997755024,9354.437248606931
balanced_interleaved.csv,156,39936.0,40192.0,2,733.7783681556195,738.28125,87.74057039022794,68.33856645515996,33.81502890173411,81.76855928693065,348,255.99609375,1.3593957427328909,1.0,0.19827063085731386,0.20932204580199504,-0.2274016748855733,1.0440645291059016,1.2401566225857998,2.7722121513814235,6036.6392888605205,3094.6657602552305,1.950659540163928,9154.148022129946
balanced_interleaved.csv,157,40192.0,40448.0,1,715.9707633053222,710.9375,69.45978122841416,64.36561719999948,30.61797752808989,83.80230461228108,358,255.99609375,1.3984588387884336,1.0,0.21430360339275523,0.20966789056615406,-0.21227560310489876,1.058859944986123,1.2549473835544558,2.789340924910163,5022.9866981764235,2840.5178160311925,1.7683348683215105,7870.83697274955
balanced_interleaved.csv,158,40448.0,40704.0,1,678.4304355053191,667.96875,81.58536087322281,64.97069651966184,23.466666666666665,88.43942851017565,377,255.99609375,1.4726787212939652,1.0,0.2128814657090012,0.21057964799328552,-0.20703028576260984,1.066681111878948,1.2961024753598014,2.9159014040100546,4794.802031981384,2917.7242947854484,1.6433362263016575,7771.029775157393
balanced_interleaved.csv,159,40704.0,40960.0,0,719.3992077464789,714.84375,103.57363293760649,61.94824815294417,34.18079096045198,83.40292754554216,356,255.99609375,1.390646219577325,1.0,0.23877986352875322,0.20669945029925205,-0.19103558274742202,1.0646400568527552,1.1790018578365382,2.6273468086527902,6109.7077802413105,3618.0544311577955,1.6886721569543035,9748.916515597532
balanced_interleaved.csv,160,40960.0,41216.0,0,756.8156528189911,750.0,93.81732119950046,88.36239743617594,45.535714285714285,79.27954420143355,338,255.99609375,1.320332646677348,1.0,0.2324029543748109,0.20788372873067157,-0.1995662007567746,1.0478198557183964,1.1256140873446807,2.361871386637107,7219.393943802677,5889.961484923959,1.225711570828019,13144.503718164679
balanced_interleaved.csv,161,41216.0,41472.0,3,724.9311967329545,722.65625,100.94114896036311,80.80801782257305,32.763532763532766,82.76647531572905,353,255.99609375,1.3789272907606622,1.0,0.20650569333998411,0.21080535168166356,-0.22792496713392996,1.049578057063914,1.2146232383869326,2.6872942729655804,6269.230099683626,4051.5600388180146,1.5473620135498682,10355.826034962847
balanced_interleaved.csv,162,41472.0,41728.0,0,758.160237388724,761.71875,109.33416304917051,85.32789271472053,45.83333333333333,79.1389432485323,338,255.99609375,1.320332646677348,1.0,0.22811493972600813,0.20784987361721474,-0.20433144522554603,1.0571813949191176,1.1768566329234746,2.5879601754995534,6086.691996907953,5670.655381264083,1.073366584225601,11800.875298455372
balanced_interleaved.csv,163,41728.0,41984.0,2,667.7851664490862,667.96875,54.083455417252736,36.43617072889893,18.32460732984293,89.84925544100801,384,255.99609375,1.500022888532845,1.0,0.188627210194537,0.21575095343118147,-0.24049523041340898,1.054236231182973,1.2717032865679279,2.815259734452873,3587.982863457541,1595.0368131463665,2.2494671181788544,5185.412486986586
balanced_interleaved.csv,164,41984.0,42240.0,0,761.8703358208955,761.71875,88.85963545281918,73.49254709256626,46.10778443113773,78.75355841929658,336,255.99609375,1.3125200274662394,1.0,0.24120240480074412,0.20425267089214533,-0.18958233873312663,1.0522373616809149,1.1492741714483512,2.4933063732588163,6365.907335205679,5255.324382502369,1.2113252906711147,11643.8632568645
balanced_interleaved.csv,165,42240.0,42496.0,1,769.5076472809668,769.53125,85.38096412673173,78.56381261936515,36.96969696969697,77.97193466758684,332,255.99609375,1.2968947890440223,1.0,0.2302962290175539,0.20290350323289136,-0.1848878292521856,1.0606071005673885,1.2830688501997376,2.918604664251083,6282.552064018113,3701.795843132812,1.6971633040414296,10053.861321126626
balanced_interleaved.csv,166,42496.0,42752.0,2,714.0581354748604,714.84375,80.20193125034126,53.20470327402518,32.212885154061624,84.02677179792794,359,255.99609375,1.4023651483939878,1.0,0.2055284035317509,0.21142226638552747,-0.22747433125294153,1.057127421913697,1.2348827478126416,2.724980731499482,5760.456848492154,2903.8767065821185,1.9837126126722675,8672.101906089796
balanced_interleaved.csv,167,42752.0,43008.0,2,690.2238175675676,695.3125,69.39794541744565,54.31686675616028,33.87533875338754,86.92832451283306,371,255.99609375,1.4492408636606393,1.0,0.2030633717218912,0.21375054975440763,-0.23366083970939575,1.0539191596949522,1.2259844111859894,2.6898114954548316,5019.095023153039,2755.23089854353,1.8216604008782828,7777.366237937627
balanced_interleaved.csv,168,43008.0,43264.0,1,680.2708333333334,679.6875,68.11128148415155,61.93507482169764,30.213903743315505,88.20016537531008,377,255.99609375,1.4726787212939652,0.9973404255319149,0.21149123000877082,0.2125471445124499,-0.21271622201510823,1.0619619676224166,1.2493402321125335,2.7439702990434576,4652.544827383448,2914.9497155102276,1.5960977997759644,7588.852383099706
balanced_interleaved.csv,169,43264.0,43520.0,3,672.9468997361478,671.875,72.3077758919604,74.13222033980853,18.51851851851852,89.1600808674876,380,255.99609375,1.484397650110628,1.0,0.19648029481326246,0.21337423417550994,-0.22397324334235047,1.0527134522682746,1.289874086961553,2.8680974188494623,5631.8699202873095,2685.199705595204,2.097374697513958,8332.072488726288
balanced_interleaved.csv,170,43520.0,43776.0,3,659.3810405927835,660.15625,54.597924297812334,33.955920984546324,15.245478036175712,90.99442705550042,389,255.99609375,1.5195544365606164,1.0,0.19262167125841345,0.21316175794299194,-0.23025866503299527,1.04609540864042,1.2811628289686678,2.816851498134967,3960.1996576706624,1249.0189324365467,3.170648222237296,5210.229889118287
balanced_interleaved.csv,171,43776.0,44032.0,3,641.3709170854271,640.625,56.72885234118322,31.98064500277888,14.105793450881613,93.54961131174635,399,255.99609375,1.5586175326161593,1.0,0.1896575870886759,0.21752175314949287,-0.24112182818342884,1.0606897962015558,1.294232287400412,2.8559801118021886,4078.879398428216,1138.655991891221,3.582187620734782,5218.373439015517
balanced_interleaved.csv,172,44032.0,44288.0,0,767.138231981982,773.4375,101.53467162911089,73.70297759419222,39.75903614457831,78.2127620533052,334,255.99609375,1.3047074082551309,1.0,0.23805936842577177,0.20190218018981987,-0.18534566873966302,1.052274412994799,1.1879978789424015,2.678214403515497,7829.271500907641,3751.6377621613874,2.0868943104989577,11583.114341239161
balanced_interleaved.csv,173,44288.0,44544.0,2,727.1651785714286,714.84375,93.8147247235692,71.3096625123884,40.97421203438395,82.51220186020812,352,255.99609375,1.375020981155108,0.9971509971509972,0.23149201086380744,0.20757684833621015,-0.20329717656289154,1.0486225129382678,1.1420912778487156,2.422516582463893,6741.969037208632,5366.9392940115395,1.256203707154161,12111.44339957387
balanced_interleaved.csv,174,44544.0,44800.0,2,704.3625172176309,703.125,79.4365499515819,73.49049328863546,34.806629834254146,85.18340844855244,364,255.99609375,1.4218966964217594,1.0,0.2123989928922756,0.20974672238849063,-0.21760960423437223,1.0496666912230155,1.2168218746850923,2.695663312326139,6569.499620741199,3589.4712653778815,1.830213737635143,10213.85394134532
balanced_interleaved.csv,175,44800.0,45056.0,2,727.734375,718.75,83.39252573969452,75.17545011391599,37.82234957020057,82.4476650563607,352,255.99609375,1.375020981155108,0.9971509971509972,0.213975482082616,0.20758906155763232,-0.212564126129719,1.044020197610441,1.2056122903757194,2.654315612690781,6993.123428453137,3924.2633002301886,1.7820219728994577,10953.099569523556
balanced_interleaved.csv,176,45056.0,45312.0,1,752.3092830882352,753.90625,81.62837994694901,63.28190438133561,38.93805309734513,79.7544325834975,341,255.99609375,1.3320515754940108,1.0,0.23681575884693776,0.2028449303213218,-0.1800235601531538,1.051053191696748,1.2040808177597615,2.652881991607365,6108.254715631364,3631.906103754888,1.6818316721669302,9745.686370531022
balanced_interleaved.csv,177,45312.0,45568.0,1,628.2327586206897,626.953125,47.13307103366089,31.709583491196874,13.086419753086421,95.50600343053173,407,255.99609375,1.5898680094605935,1.0,0.1960065200206269,0.21905066342976073,-0.23922910486467888,1.0660224207419178,1.2681265376688342,2.760193327712223,2650.789907194363,1411.2944149183359,1.8782685449426584,4064.358229244958
balanced_interleaved.csv,178,45568.0,45824.0,0,634.702620967742,632.8125,59.90216338451652,50.42156690837257,20.8955223880597,94.5324597974985,404,255.99609375,1.5781490806439307,1.0,0.21180236178607056,0.2152683741428418,-0.220724923668633,1.0665097943716562,1.23497305595664,2.657715176552707,3760.26351079943,2265.812011525962,1.6595655295635034,6030.730438154115
balanced_interleaved.csv,179,45824.0,46080.0,3,607.5985863095239,605.46875,60.426277496418116,51.380823375637945,13.365155131264917,98.74940684841341,421,255.99609375,1.6445563439383535,1.0,0.18828760514245307,0.21880702284171927,-0.242467862812861,1.055176551386062,1.2666467976098625,2.7339606514226453,3871.440634948852,1791.7835941296814,2.1606630664733357,5693.961892873557
balanced_interleaved.csv,180,46080.0,46336.0,0,674.1321734828496,664.0625,95.78996577711625,79.78938681455837,26.984126984126984,89.00331768770927,380,255.99609375,1.484397650110628,1.0,0.20758162865926577,0.21329310062723314,-0.22601197967479134,1.05172346553187,1.1891054157000218,2.5831871269114774,6967.760280207772,3578.94524717748,1.946875349854225,10557.70617004094
balanced_interleaved.csv,181,46336.0,46592.0,0,684.1383210455764,679.6875,81.6460084693909,79.45642815159373,32.25806451612903,87.7015629066083,374,255.99609375,1.4609597924773021,1.0,0.22064786546268322,0.212305895166243,-0.21711098899730644,1.06060367717975,1.1738484087449537,2.5301082494639147,5408.109792459859,4549.8217011499,1.1886421375793779,9971.10779084158
balanced_interleaved.csv,182,46592.0,46848.0,2,661.3908678756477,656.25,67.58187555703469,59.97658012384728,22.857142857142858,90.71791419303507,388,255.99609375,1.5156481269550621,0.9974160206718347,0.20644504032105448,0.2132889888104884,-0.22085912561209795,1.054012888704625,1.2384556566753275,2.69257058553646,4520.310849317082,2776.771098763603,1.6279018646260814,7320.719949312373
balanced_interleaved.csv,183,46848.0,47104.0,0,707.0096087257617,703.125,77.49200729656458,73.02383540027763,33.05555555555556,84.86447604034345,363,255.99609375,1.4179903868162052,0.9972375690607734,0.23178195062812829,0.20789870328877239,-0.1950106086946063,1.0534395900680502,1.1726737622324548,2.5087482965819783,5444.067221468476,4269.259793099874,1.2751782475892817,9734.594540891947
balanced_interleaved.csv,184,47104.0,47360.0,1,642.2485044080604,640.625,61.022760948992556,54.75861740368998,18.434343434343432,93.42178236024084,398,255.99609375,1.554711223010605,1.0,0.195252097172966,0.2157046633210919,-0.23849957535404506,1.0506100802686968,1.2355570264948745,2.679089861610839,3880.0955009652644,2285.6756870743934,1.6975704483831158,6175.760450950307
balanced_interleaved.csv,185,47360.0,47616.0,2,698.151468579235,701.171875,68.76893200241997,48.75904788490156,24.93150684931507,85.94123582107805,367,255.99609375,1.4336156252384222,1.0,0.19540636994083704,0.21155586288206307,-0.23153840975105464,1.0490906959666266,1.288115631210658,2.89280112535468,5067.601994254751,2016.4856705709906,2.5130860428181485,7086.880373876915
balanced_interleaved.csv,186,47616.0,47872.0,1,657.7500805412371,656.25,62.61778966281787,39.24778408773932,20.930232558139537,91.22005724519002,389,255.99609375,1.5195544365606164,1.0,0.2073063549228826,0.2128394948714661,-0.21783246644414245,1.0604080715325996,1.265273402187369,2.793576738936695,4460.914068448101,1744.307571831611,2.5574125460935284,6207.277025399081
balanced_interleaved.csv,187,47872.0,48128.0,1,623.8730134474328,609.375,83.67117432143306,71.45189924805538,19.607843137254903,96.1734178377882,410,255.99609375,1.6015869382772565,1.0,0.19103696652557717,0.22125476898440594,-0.24842189953718646,1.0633108057217469,1.2228942907309974,2.6076868166079645,4566.692857139254,3192.1251542536897,1.430612095849022,7765.288788966429
balanced_interleaved.csv,188,48128.0,48384.0,3,600.0220070422536,593.75,57.68123589270052,47.165536498381385,8.470588235294118,99.99633229415001,428,255.99609375,1.6719005111772336,0.9976580796252927,0.17399019295935092,0.2228378351959016,-0.2596839069104033,1.0603418998495213,1.2863285794905088,2.804857310081738,3507.8127512131255,1384.148588206992,2.534274702224781,4912.50832032504
balanced_interleaved.csv,189,48384.0,48640.0,3,617.7549939467312,617.1875,51.268753170015486,29.320884175027366,10.922330097087379,97.12588419021955,414,255.99609375,1.6172121766994736,1.0,0.18302962866648054,0.2197012507998783,-0.2464092912666851,1.064645120506448,1.301089809291044,2.8658951724051542,3352.1312033874506,1053.0551948096752,3.1832435943619277,4408.156827104941
balanced_interleaved.csv,190,48640.0,48896.0,3,651.5565210459183,656.25,62.474106701724224,50.36222952276831,10.997442455242968,92.08717595778849,393,255.99609375,1.5351796749828337,1.0,0.19172793989217457,0.21788587568349221,-0.23917587387712608,1.0612860131074042,1.2954958774165677,2.843219204115642,3605.974551073427,1523.1759750074275,2.3674050866354053,5147.842220817191
balanced_interleaved.csv,191,48896.0,49152.0,0,647.4287974683544,644.53125,58.773143302948135,44.216514137164864,24.61928934010152,92.67428361947822,396,255.99609375,1.5468986037994965,1.0,0.22866002551916484,0.21189997745529957,-0.20210147902336092,1.0644718576271224,1.1912452182794968,2.538445365854175,3682.722197318814,2418.549330185626,1.5226988142665512,6101.498530929319
balanced_interleaved.csv,192,49152.0,49408.0,2,631.0720915841584,625.0,61.478068478582564,41.078926360263004,16.377171215880892,95.0763007905865,405,255.99609375,1.582055390249485,1.0,0.20206554637393698,0.21495578236498716,-0.22661672757029053,1.0642863171823604,1.2657992714229023,2.785905284156084,3971.9706187603697,1940.6263536646356,2.0467467172440426,5918.279347386325
balanced_interleaved.csv,193,49408.0,49664.0,2,617.0459692028985,613.28125,67.87153696452039,50.888088393912504,14.527845036319611,97.23748795816323,415,255.99609375,1.6211184863050279,1.0,0.19351788592855543,0.21673469426862654,-0.23533409859776286,1.0569980212005687,1.2652463775383056,2.758447495645629,4415.761959087926,1723.7771959994166,2.5616779067133106,6149.8122232440755
balanced_interleaved.csv,194,49664.0,49920.0,2,663.7479707792207,652.34375,89.88631059080095,64.92182309683795,25.260416666666668,90.39575658447852,386,255.99609375,1.5078355077439536,1.0,0.20915085268745465,0.21311653914822307,-0.22648885693715634,1.0565375106465864,1.2314050720979457,2.728516680681543,5174.125028621701,2680.1421614028727,1.9305412612566033,7865.770247873635
balanced_interleaved.csv,195,49920.0,50176.0,1,700.7748111263736,703.125,76.05271774673453,66.28428527867901,33.88429752066116,85.61951578076906,366,255.99609375,1.429709315632868,0.9972602739726028,0.21504391909630965,0.21217689121770475,-0.2149095567107627,1.0593261588390486,1.229032602908154,2.673322855035658,4630.599817305259,3415.9125065515245,1.355596728084819,8077.735761730742
balanced_interleaved.csv,196,50176.0,50432.0,1,672.95720646438,679.6875,74.57520826287254,72.71737264798256,25.132275132275133,89.15871532936148,380,255.99609375,1.484397650110628,1.0,0.21343872953469448,0.21388481836765613,-0.21651156931157142,1.0689086980113982,1.2554352992747688,2.774843981405521,4669.5232037679425,3321.7145366736113,1.4057569222802742,8001.822029780574
balanced_interleaved.csv,197,50432.0,50688.0,0,657.6393363402062,652.34375,65.94626103554398,60.43386696317236,26.873385012919897,91.2354183889042,389,255.99609375,1.5195544365606164,1.0,0.21549494461796237,0.2140414975678935,-0.21675258029312833,1.0619899527184649,1.2034451657311118,2.5927542446098304,3977.2361110889115,3187.983937628776,1.2475709379035271,7181.785161043011
balanced_interleaved.csv,198,50688.0,50944.0,3,731.6104047277937,734.375,71.31748466290783,54.02604390882437,29.597701149425287,82.01086208215406,350,255.99609375,1.3672083619439994,1.0,0.19212539598393424,0.20877935164761943,-0.22899986070817194,1.0338204619875961,1.2630440070819609,2.817819301996102,6218.399052586892,2183.8470741423384,2.8474516948623987,8422.714228689008
balanced_interleaved.csv,199,50944.0,51200.0,0,766.1997935435436,765.625,94.9860350504346,93.90699118457874,40.963855421686745,78.30855673101948,334,255.99609375,1.3047074082551309,1.0,0.23777826007318187,0.20271763866890116,-0.18930662499817785,1.050340711888782,1.1639316075442365,2.6008970020038094,7677.309829189074,4826.6561403142,1.590606334075687,12531.459053100814
balanced_interleaved.csv,200,51200.0,51456.0,2,669.206070026178,658.203125,86.36858387552667,56.37120637849693,28.608923884514436,89.65848142658496,383,255.99609375,1.4961165789272908,1.0,0.21084346202394483,0.21511911909866668,-0.22980994571716265,1.0596390030252427,1.180685554911378,2.4875841854731338,5099.119567814381,3577.803209625377,1.4252096241895589,8696.282016838586
balanced_interleaved.csv,201,51456.0,51712.0,2,669.3938648293963,664.0625,75.12921060595397,49.57366682665105,31.31578947368421,89.63332822790626,383,255.99609375,1.4961165789272908,0.9973821989528796,0.2136831959953511,0.2143318205940548,-0.22376392525623767,1.0597953445953008,1.1906634465792885,2.5786081493805826,5239.155937425954,2943.1395237715988,1.7801248955781876,8192.997648489827
balanced_interleaved.csv,202,51712.0,51968.0,0,693.550441576087,683.59375,85.23678194359792,75.3396419280078,38.41961852861036,86.51137163671982,369,255.99609375,1.4414282444495308,1.0,0.23310446360655415,0.20890956728443866,-0.19715552346767623,1.0632766368666622,1.1819888164128065,2.571647285673671,5648.501513110528,4475.8962036999665,1.2619822390968845,10145.315544745741
balanced_interleaved.csv,203,51968.0,52224.0,1,727.6642628205128,730.46875,92.33518477504457,78.78432721578417,36.285714285714285,82.45560908465244,352,255.99609375,1.375020981155108,1.0,0.21913359711740493,0.20674911776398272,-0.2083084065114194,1.0432168997021063,1.2079547851861712,2.6529454286936627,6350.542273526617,3930.425945148328,1.6157389458935492,10290.882399793598
balanced_interleaved.csv,204,52224.0,52480.0,2,617.7549939467312,617.1875,55.20894564321218,49.544950666904626,11.893203883495145,97.12588419021955,414,255.99609375,1.6172121766994736,1.0,0.19976592874799165,0.21632805699825092,-0.22543590685874215,1.058135589228598,1.269878284199729,2.7574304289603058,3289.7959987491813,1742.99496366236,1.887438614186642,5035.921282241491
balanced_interleaved.csv,205,52480.0,52736.0,1,642.3567380352645,640.625,57.310486888631004,52.46662938047364,18.181818181818183,93.40604129648919,398,255.99609375,1.554711223010605,1.0,0.20620214211079774,0.21537237281120378,-0.2155066321406994,1.065479913656854,1.2750254452249592,2.775219780630688,3267.9552748256883,2151.8673693541464,1.518660174584329,5427.368083341089
balanced_interleaved.csv,206,52736.0,52992.0,3,666.412353515625,667.96875,61.47553221727635,41.094834268772026,15.404699738903393,90.03434537711225,385,255.99609375,1.5039291981383993,1.0,0.20110226812562312,0.2109443275993415,-0.21846688426910524,1.0530308151558527,1.3058154021716093,2.908023445948067,4567.85885984282,1360.99599029166,3.356261805638334,5935.735728569736
balanced_interleaved.csv,207,52992.0,53248.0,3,669.0452755905512,664.0625,69.97246881814367,40.406067304050275,21.052631578947366,89.68002942258182,383,255.99609375,1.4961165789272908,0.9973821989528796,0.1922233494891069,0.2156141976704089,-0.23976203481130676,1.0580034601980264,1.2697424295307544,2.8065786874620056,5637.287792793353,1612.4063247928061,3.496195534657025,7257.91810860899
balanced_interleaved.csv,208,53248.0,53504.0,3,665.5821638381201,664.0625,61.61593856932804,38.69262054940666,22.774869109947645,90.14664643957155,385,255.99609375,1.5039291981383993,0.9973958333333334,0.18969248230436195,0.2156621028730431,-0.24224944186224517,1.054342891961133,1.2641960766195557,2.8078234479730293,5060.645352170598,1604.669670107696,3.1536991359916193,6668.131908877485
balanced_interleaved.csv,209,53504.0,53760.0,3,685.5102211796246,683.59375,68.78653297760378,47.78969712296439,24.731182795698924,87.52604723639585,375,255.99609375,1.4648661020828564,0.9973262032085561,0.20823181023967646,0.2107087151760775,-0.2146284506565131,1.0470902278205874,1.229028501443249,2.670754388578959,4807.346209443066,2564.3421690895843,1.8746898395192764,7382.854979684932
balanced_interleaved.csv,210,53760.0,54016.0,0,714.406074929972,718.75,85.47528713196755,73.86998322926546,38.764044943820224,83.98584797292123,358,255.99609375,1.3984588387884336,1.0,0.2403254315801248,0.20470959827256177,-0.1839797236035825,1.0473170107865721,1.1618360771370173,2.5030903130060675,5291.541579145892,4522.015505796673,1.1701732495969508,9844.404723211177
balanced_interleaved.csv,211,54016.0,54272.0,2,649.7793416030535,648.4375,60.28291252375599,54.07946247715854,16.581632653061224,92.33903905281997,394,255.99609375,1.539085984588388,1.0,0.20405040392508403,0.21457644796142597,-0.21949545338370088,1.0592366852576136,1.262055991560816,2.752854477318488,3950.814900973299,1995.4772037715416,1.97988475814511,5962.743411369349
balanced_interleaved.csv,212,54272.0,54528.0,2,693.4336786684783,693.359375,65.95797152044732,48.63925922542537,23.43324250681199,86.5259387389594,369,255.99609375,1.4414282444495308,1.0,0.21151301056011684,0.2105907832228879,-0.2133877691738576,1.0593210952382117,1.2587806803629644,2.798735272997834,4799.92155668598,2073.4993944758403,2.3148892975198345,6875.012000580306
balanced_interleaved.csv,213,54528.0,54784.0,1,637.5390625,636.71875,62.7236584968751,51.831854896932875,13.283208020050125,94.11188039948533,402,255.99609375,1.5703364614328221,0.9975062344139651,0.20402113454430915,0.21525400667679934,-0.2206498980765066,1.0677354711401992,1.3091984921747037,2.8989957310925734,3776.5780761017763,1694.8074352745975,2.2283228156182147,5498.87358360344
balanced_interleaved.csv,214,54784.0,55040.0,1,712.6287534916202,703.125,94.30001470010272,54.17355224665292,33.89355742296919,84.19531166266019,360,255.99609375,1.4062714579995423,0.9972144846796658,0.2106908982184436,0.21002578136093522,-0.22942283414450224,1.0517052867044556,1.2144990612031572,2.716830743980413,6416.371306516636,3017.243986750954,2.126566938136796,9437.60568822699
balanced_interleaved.csv,215,55040.0,55296.0,1,753.3992441002949,753.90625,113.99915052231208,95.73979361070975,47.928994082840234,79.63904990593886,340,255.99609375,1.3281452658884565,1.0,0.22785487743671018,0.2074449165818749,-0.20821587373960332,1.0479097816303755,1.1110068097195513,2.4195725295941015,7983.112927049741,6305.681969365318,1.2660189596991775,14331.384567874245
balanced_interleaved.csv,216,55296.0,55552.0,0,752.9268067846608,757.8125,115.9263389267543,75.05947065083956,43.49112426035503,79.68902084417373,340,255.99609375,1.3281452658884565,1.0,0.23981006936129468,0.20580015152591452,-0.20020147667038163,1.0502493904263648,1.101945424412673,2.404233766505852,6339.957273714187,5643.591486145961,1.1233905376173459,11988.685101938921
balanced_interleaved.csv,217,55552.0,55808.0,3,628.2135160098522,617.1875,70.95716542643218,56.923202232919444,12.345679012345679,95.50892884491684,407,255.99609375,1.5898680094605935,1.0,0.18098213784258993,0.21922273458675326,-0.24897725905378928,1.0570970612018487,1.2897192502466899,2.839237857020742,4295.19694860258,1973.3394485873866,2.176613330097512,6299.801143459026
balanced_interleaved.csv,218,55808.0,56064.0,0,726.3955662393163,722.65625,73.30212844091662,60.1171022898078,38.0,82.59962310980373,352,255.99609375,1.375020981155108,1.0,0.2417488482521059,0.20630433677343296,-0.1861104143302672,1.0579775410816108,1.1636550144871303,2.5110610540200087,5157.074713761464,3946.46743298926,1.306757195220341,9110.1138212035
balanced_interleaved.csv,219,56064.0,56320.0,2,685.3636058981233,679.6875,75.44179132796371,50.559038086382365,22.58064516129032,87.54477110201088,374,255.99609375,1.4609597924773021,1.0,0.1937149463882911,0.21438443984837438,-0.2395578231741058,1.057477131776385,1.2525750217116605,2.799736672595376,5203.740672354896,2218.273381002065,2.3458518309425864,7428.776012668509
balanced_interleaved.csv,220,56320.0,56576.0,0,726.2397613960114,722.65625,79.52391625817138,71.14861256380524,33.14285714285714,82.61734373323934,353,255.99609375,1.3789272907606622,0.9971590909090909,0.22865728591889714,0.2060190113852004,-0.20049919018140536,1.0552935296688852,1.1950769102961738,2.6707444404236487,6458.568276045878,3392.143272503645,1.9039786227186657,9890.650530829016
balanced_interleaved.csv,221,56576.0,56832.0,1,692.6375679347826,691.40625,83.82176073422481,73.32489582488854,40.32697547683924,86.62539079261938,370,255.99609375,1.445334554055085,0.997289972899729,0.2279320402024756,0.21070696344564777,-0.20886326842006164,1.064949343072677,1.176956347353984,2.534232595637099,5566.482849929227,4742.931587842409,1.1736376008875677,10344.3146064352
balanced_interleaved.csv,222,56832.0,57088.0,1,710.4275173611111,707.03125,85.80506220505148,77.65078482769889,35.37604456824512,84.4561880469812,361,255.99609375,1.4101777676050966,1.0,0.21045380249461268,0.21169518434777013,-0.21870632883205693,1.0574291523064685,1.22278343275822,2.68743638681498,6401.6331058172,3709.01637485502,1.7259651775108247,10120.294526280482
balanced_interleaved.csv,223,57088.0,57344.0,2,676.8795590185676,679.6875,74.49332986487478,43.20515690558674,25.79787234042553,88.64206224072741,378,255.99609375,1.4765850308995194,1.0,0.19742591469600979,0.21255472400628914,-0.22780770265906602,1.0493997609550265,1.2643599761862407,2.8010402291617353,3943.786942502243,2217.1593352649934,1.7787566638871646,6162.787247489255
balanced_interleaved.csv,224,57344.0,57600.0,1,654.5572916666666,652.34375,58.835847946226124,55.340618896569985,19.02313624678663,91.66500895166104,391,255.99609375,1.527367055771725,1.0,0.20977145221570956,0.2138593458922028,-0.21512231746394464,1.064799937036837,1.266612786829852,2.779742078850836,3379.1515460902833,2257.84123257432,1.4966293897633716,5650.670397498095
balanced_interleaved.csv,225,57600.0,57856.0,3,655.3385416666666,660.15625,52.39877348087294,32.65681790781821,14.395886889460154,91.55573216769324,391,255.99609375,1.527367055771725,1.0,0.19388988699252502,0.21310570240026344,-0.22774884596314812,1.046440453005366,1.2834610253235212,2.818462089831754,3911.812649697663,1183.366193185911,3.3056653741020834,5095.3218193785615
balanced_interleaved.csv,226,57856.0,58112.0,3,682.0019269436997,679.6875,65.52077900857854,58.6668590717759,17.741935483870968,87.97629101853417,374,255.99609375,1.4609597924773021,1.0,0.19238155705936957,0.21299117715053675,-0.2262503298478609,1.056907794141552,1.318233494533847,2.9757694919949085,5141.389994844183,1845.8124244913417,2.7854347097381886,7001.182840447782
balanced_interleaved.csv,227,58112.0,58368.0,3,615.6344126506024,597.65625,82.02796947301384,55.1268395701322,12.80193236714976,97.46043880437276,416,255.99609375,1.6250247959105821,1.0,0.17905079464694426,0.21959817961612027,-0.25084056834398083,1.0542943503462934,1.2967522134444964,2.8294943729263498,4877.4744466891025,1895.5603407346052,2.5731042910503636,6800.2618291425815
balanced_interleaved.csv,228,58368.0,58624.0,3,690.0337837837837,671.875,118.89604013737284,69.56307221466416,27.100271002710024,86.95226438188494,372,255.99609375,1.4531471732661936,0.9973045822102425,0.217321880895933,0.21363505169347066,-0.22448796428968046,1.0585026450973398,1.1390289451021245,2.473349983321363,6718.3911333821525,3669.372862407216,1.8309371615548198,10424.547497240994
balanced_interleaved.csv,229,58624.0,58880.0,0,748.8773826979473,742.1875,95.19693654127121,91.42333456476621,47.05882352941176,80.11992535258665,342,255.99609375,1.335957885099565,1.0,0.2375948597503424,0.2065278155588724,-0.19445857971797315,1.0528242832994146,1.1308781228921623,2.4123927512241634,6477.041144094273,5864.136976948781,1.1045173688054601,12359.287259604649
balanced_interleaved.csv,230,58880.0,59136.0,2,690.9722222222222,699.21875,72.45027167643477,43.8106519241538,27.98913043478261,86.83417085427136,371,255.99609375,1.4492408636606393,0.9972972972972973,0.20919619539703255,0.20989114912491905,-0.2113066987344145,1.0592386948858186,1.275304281408082,2.8538998175969654,4657.996612694938,2187.423105880832,2.1294447334729307,6845.935333896512
balanced_interleaved.csv,231,59136.0,59392.0,2,653.5725703324808,652.34375,57.130605749215405,37.460123362687376,17.94871794871795,91.80311831244268,392,255.99609375,1.5312733653772794,1.0,0.20581230274991413,0.21388951944171383,-0.21788901105044206,1.0575354762071463,1.2531019588453458,2.739131115017183,4049.3153174039016,1727.8356303559272,2.34357669575882,5778.573554738644
balanced_interleaved.csv,232,59392.0,59648.0,1,624.8563878676471,621.09375,57.06881595050637,53.579047605122284,14.250614250614252,96.02206389335785,409,255.99609375,1.5976806286717022,1.0,0.2069959025841872,0.21844864172603087,-0.22505633976986247,1.0766767007531433,1.2775245896594076,2.799152303402626,3174.1985321251523,1937.5940713320701,1.638216476345292,5132.766173927031
balanced_interleaved.csv,233,59648.0,59904.0,1,716.8570553221289,710.9375,71.47967558927662,59.18113239072149,26.685393258426966,83.69869495535373,358,255.99609375,1.3984588387884336,1.0,0.205774167477268,0.21001130042814775,-0.2107058350741489,1.0610755169200852,1.3137439124670258,2.9823293183389765,5446.830479996266,2465.337382256861,2.2093651437719393,7915.807386934684
balanced_interleaved.csv,234,59904.0,60160.0,0,687.3315363881402,683.59375,71.81361156919469,55.598781139610466,32.972972972972975,87.29411764705883,372,255.99609375,1.4531471732661936,1.0,0.21577931788762483,0.2108521751819599,-0.21699430029768052,1.0605898204085122,1.2257075793843333,2.717148522073737,5354.965374580466,3138.6673326712676,1.7061270937633726,8506.678545726336
balanced_interleaved.csv,235,60160.0,60416.0,0,702.8021694214876,699.21875,82.58983000144568,73.01836917388465,36.46408839779006,85.37253100597151,364,255.99609375,1.4218966964217594,1.0,0.1994131290283365,0.21424225070775516,-0.24061147250540066,1.0469977313628964,1.1803488991548852,2.552856316872975,6448.050801668502,4113.3159176338995,1.5676040768046842,10585.739220223213
balanced_interleaved.csv,236,60416.0,60672.0,3,663.2711038961039,664.0625,76.60783668476174,41.46415452328936,22.65625,90.4607477207367,386,255.99609375,1.5078355077439536,1.0,0.18795683978849373,0.21595323444447143,-0.24748245337105398,1.0495748670547116,1.245859094456643,2.7236167410616083,4020.381282491677,2052.0960759787577,1.9591584085916327,6075.6168185636925
balanced_interleaved.csv,237,60672.0,60928.0,0,648.0111833756346,642.578125,75.64608124244707,71.66182587605225,26.463104325699742,92.59099462982512,395,255.99609375,1.5429922941939422,1.0,0.21818317331814047,0.21341529371690557,-0.21004834863944088,1.0606984531673231,1.212625966971921,2.607857084674107,4815.453837169857,3707.7482009503783,1.2987542778486278,8533.67578567149
balanced_interleaved.csv,238,60928.0,61184.0,2,707.983466066482,703.125,74.43047869457699,66.86042603072775,27.22222222222222,84.7477418270186,362,255.99609375,1.4140840772106509,1.0,0.2026566474676151,0.21170394449181762,-0.22507762339405443,1.043725767728294,1.246991140314206,2.7351482100646516,5923.3231974027485,3031.4678095527183,1.9539456030960503,8972.311311623138
balanced_interleaved.csv,239,61184.0,61440.0,0,672.8232189973614,671.875,66.42559836027597,48.20263224849549,29.100529100529098,89.1764705882353,380,255.99609375,1.484397650110628,1.0,0.22567420711694247,0.2097524546337582,-0.2025537291757792,1.0656406154889975,1.20976689780068,2.6525132675674747,4374.05492329731,2849.2940247154133,1.535136383032351,7236.48885602488
balanced_interleaved.csv,240,61440.0,61696.0,1,642.7646042713568,642.578125,52.84916828303803,35.721840184736834,18.1360201511335,93.34677049931287,399,255.99609375,1.5586175326161593,1.0,0.2105842070273069,0.2125372860865585,-0.2038350149863928,1.0610489731060344,1.2978004213896632,2.836275138951886,3314.7579075694102,1692.2087548901645,1.9588351011601757,5015.589835126192
balanced_interleaved.csv,241,61696.0,61952.0,2,631.304146039604,625.0,69.09019581969324,46.26686262075688,20.34739454094293,95.04135269251975,405,255.99609375,1.582055390249485,1.0,0.19712971865456058,0.218121290350515,-0.2443948671160185,1.064508568537979,1.2273348971018085,2.669851063947444,4476.325058319119,2007.3685926578357,2.2299467445549137,6490.393570257645
balanced_interleaved.csv,242,61952.0,62208.0,2,626.7233455882352,621.09375,68.6026783732268,68.75754684119975,18.67321867321867,95.73602199816683,409,255.99609375,1.5976806286717022,1.0,0.19295142695487943,0.2188492498836792,-0.24352773604233077,1.0651546616490937,1.2614373183862626,2.7746319046492918,4363.884601836518,2753.0835193243815,1.5850897988403325,7120.327737030577
balanced_interleaved.csv,243,62208.0,62464.0,1,633.4134615384615,628.90625,59.5506638067459,53.78751501974578,17.91044776119403,94.72485768500948,405,255.99609375,1.582055390249485,0.9975247524752475,0.1956450852492303,0.21865918172774634,-0.2360787852810718,1.0612659504512423,1.2665576106027927,2.7349178461031594,3451.9299917987505,2162.004058988794,1.5966343714513083,5634.967118894104
balanced_interleaved.csv,244,62464.0,62720.0,3,641.282584798995,632.8125,65.81286349268366,45.189629048051195,13.85390428211587,93.56249713035093,399,255.99609375,1.5586175326161593,1.0,0.18735262181966628,0.21766030033660383,-0.239755028776064,1.0586238544486397,1.2925115833677856,2.8464423364075726,4198.437040719709,1423.98331815396,2.948375158047868,5624.266417280102
balanced_interleaved.csv,245,62720.0,62976.0,3,707.0420706371191,710.9375,58.851068818670214,39.28323052551602,20.833333333333336,84.86057971901687,362,255.99609375,1.4140840772106509,1.0,0.18741923543324301,0.21198334126063328,-0.2351171386558096,1.0443731197543136,1.292802798698741,2.8835359794869575,4600.902614338435,1474.0004573472315,3.1213712257720125,6075.629085594038
balanced_interleaved.csv,246,62976.0,63232.0,3,586.7995689655172,585.9375,51.960755910626446,28.318372654245266,6.221198156682028,102.24956386006795,436,255.99609375,1.7031509880216678,1.0,0.17539962372545462,0.22226861375325016,-0.258054859652053,1.0542943503462934,1.2889676443933065,2.768548931415048,3119.026769214873,913.4670764254416,3.41449281502315,4033.3242869538126
balanced_interleaved.csv,247,63232.0,63488.0,0,721.4534781073446,726.5625,88.96973087176632,58.50478668886773,32.577903682719544,83.16544561875774,355,255.99609375,1.3867399099717708,1.0,0.2139935435946471,0.20768838974988021,-0.2096974612339219,1.0505776983412545,1.2610239372749485,2.819982099877472,6551.516707323556,2759.3387575701568,2.3743067752553695,9313.27887284731
balanced_interleaved.csv,248,63488.0,63744.0,2,665.4561360677084,656.25,79.44034944092262,53.39888936908546,30.026109660574413,90.16371891098643,385,255.99609375,1.5039291981383993,1.0,0.20869484785705641,0.21509654482618393,-0.22496875007822018,1.0543445432348248,1.1874027954883302,2.520495842168625,4728.759786455487,3644.795472858025,1.2974005871301975,8375.253695380681
balanced_interleaved.csv,249,63744.0,64000.0,2,664.4694010416666,656.25,77.56146535429595,61.84574643244982,25.06527415143603,90.29761175750154,385,255.99609375,1.5039291981383993,1.0,0.20223563657937293,0.21443946309570608,-0.23046466219636894,1.0561945122231056,1.2397187210224825,2.724619907144179,5293.760108395653,2681.5992966089657,1.974105570168486,8007.516749555787
balanced_interleaved.csv,250,64000.0,64256.0,2,676.0499338624338,667.96875,71.1952226742441,62.06786011089013,23.872679045092838,88.7508407214919,379,255.99609375,1.4804913405050737,1.0,0.20223311438646954,0.2129250339873643,-0.22329042188160095,1.0556472565835218,1.2694693158286248,2.8164634715250703,4861.501782016806,2780.6354068640676,1.7483420408213417,7683.474227481665
balanced_interleaved.csv,251,64256.0,64512.0,1,704.8191470994475,703.125,64.57193064603683,47.20656196912612,28.80886426592798,85.1282208307179,364,255.99609375,1.4218966964217594,0.9972451790633609,0.21046525302981636,0.21097526151135915,-0.2117519944914766,1.0615057183624867,1.259316149059796,2.8016818633670937,4432.225622234471,2485.342037534686,1.7833463383699815,6920.159890384001
balanced_interleaved.csv,252,64512.0,64768.0,1,629.8032407407408,628.90625,54.23172865988816,36.24175045897267,16.33663366336634,95.26784893871175,406,255.99609375,1.5859616998550392,1.0,0.21285794064755187,0.21466724447232538,-0.21962474144128835,1.0621883076845722,1.2273141391579856,2.642875111159343,3386.800257748568,1777.5788074222855,1.9052883864315742,5165.225848772613
balanced_interleaved.csv,253,64768.0,65024.0,0,678.3473238031914,675.78125,66.19013301503509,48.62530794675409,31.2,88.45026418561912,377,255.99609375,1.4726787212939652,1.0,0.21869652048089172,0.20923784309556634,-0.20760923275042883,1.0524516452571013,1.2145840822384761,2.6531474167106213,4916.456782911893,2907.2675867845214,1.6910919398202224,7841.32698603884
balanced_interleaved.csv,254,65024.0,65280.0,3,705.9198031767955,710.9375,74.34924986243942,50.74128114900956,25.20775623268698,84.99549060670448,363,255.99609375,1.4179903868162052,1.0,0.21037341970270124,0.20805181456125232,-0.20752322495991393,1.0494548477039953,1.2769176236093944,2.8287272853428362,5972.088469822173,2107.63656087211,2.8335475767942686,8090.9702300835825
balanced_interleaved.csv,255,65280.0,65536.0,0,754.0906157817109,750.0,82.65494793128674,71.23327441673584,42.01183431952663,79.56603456443011,340,255.99609375,1.3281452658884565,1.0,0.21618754785044583,0.20669402964823916,-0.21480074215337128,1.0499268299404532,1.2149275290564376,2.7206214527701267,7086.76896015067,3634.4799172135345,1.9498715418914516,10723.377909248211
balanced_interleaved.csv,256,65536.0,65792.0,0,714.0997023809524,703.125,113.14591233965518,94.66268488333897,43.258426966292134,84.02188069809846,358,255.99609375,1.3984588387884336,1.0,0.21598499116954953,0.21171680337391818,-0.2250178601545761,1.0527473648456824,1.1459073994810351,2.4730821492325266,6604.537474616321,6249.413791627224,1.0568251190959512,12864.32708592662
balanced_interleaved.csv,257,65792.0,66048.0,2,650.6540235368957,640.625,77.63329377521164,62.0258014325282,23.46938775510204,92.21490658560059,394,255.99609375,1.539085984588388,1.0,0.20508394597875304,0.21406698835055255,-0.2262469836742636,1.0570039115762286,1.2303995943808725,2.687129323654009,5256.397068045553,2912.338014105585,1.8048719079264766,8195.337582249686
balanced_interleaved.csv,258,66048.0,66304.0,0,678.6797706117021,671.875,79.41025506424265,67.2807008608957,28.53333333333333,88.40693740719765,378,255.99609375,1.4765850308995194,0.9973474801061007,0.23477790804635512,0.20807746658429396,-0.19009640465169708,1.056430276077007,1.1792894366753526,2.531059690254878,5061.552305355152,3767.255771028901,1.3435648156092033,8850.085636094103
balanced_interleaved.csv,259,66304.0,66560.0,1,753.2379240412979,750.0,79.85953461969648,75.82005712723624,38.75739644970414,79.65610610534046,340,255.99609375,1.3281452658884565,1.0,0.222144120428844,0.2048533003354394,-0.1993427423694408,1.041241490893916,1.2020022588371568,2.63714263970634,6315.1792598208585,4166.14197772796,1.5158339042648024,10496.928617512227
balanced_interleaved.csv,260,66560.0,66816.0,2,651.0981345663265,648.4375,59.61458232445496,49.061045323947724,20.20460358056266,92.15200722386324,393,255.99609375,1.5351796749828337,1.0,0.20545044546481406,0.21379479007266278,-0.215498344720036,1.0612901526004799,1.2839662930432116,2.8195554811426025,4201.707584506487,1825.2209594965557,2.3020268108609874,6027.931838398053
balanced_interleaved.csv,261,66816.0,67072.0,1,673.9569591029024,675.78125,75.28858611894188,55.80940983016309,19.576719576719576,89.0264566447469,380,255.99609375,1.484397650110628,1.0,0.21213939714523045,0.2112446807143406,-0.21051724740937858,1.0584381872269708,1.2713228728743173,2.816120847183263,4654.359120966347,2161.3661368268527,2.153433905372234,6835.601633573476
balanced_interleaved.csv,262,67072.0,67328.0,1,654.3569711538462,644.53125,77.4972286669476,51.34394775472105,23.39331619537275,91.6930706708913,391,255.99609375,1.527367055771725,1.0,0.19884126136781932,0.21719059304904434,-0.23627910005876265,1.0642259911213734,1.2310499542347164,2.6692987670960573,4198.658804207372,2381.6077911715847,1.7629514060927407,6589.6615510714655
balanced_interleaved.csv,263,67328.0,67584.0,3,643.1438916876574,632.8125,69.2113891265333,42.10821908961468,16.161616161616163,93.29172021296127,398,255.99609375,1.554711223010605,1.0,0.1878057710356255,0.2176015868556859,-0.24566742383174509,1.0602860272018844,1.2761891466497515,2.8225946870210317,4477.0728736900355,1480.8520199808656,3.0233087528542417,5965.116536293409
balanced_interleaved.csv,264,67584.0,67840.0,3,697.2869706284152,699.21875,62.05275587604727,40.71422301736255,22.465753424657535,86.04778595809162,368,255.99609375,1.4375219348439765,0.997275204359673,0.20017587531337122,0.21157623531503597,-0.22505027772368227,1.0574985594247,1.2902153013741682,2.898271558471544,5216.959744549236,1678.5743233948006,3.1079706580988895,6897.539442094959
balanced_interleaved.csv,265,67840.0,68096.0,3,683.1446356951872,683.59375,63.22819807146237,57.98457348368864,16.353887399463808,87.82913143853105,375,255.99609375,1.4648661020828564,1.0,0.1915915928646896,0.21388175982736585,-0.23119480547162805,1.0521922853425836,1.2920447999252496,2.8435937965281015,4681.636541480155,1949.4428041881226,2.4015254673911293,6650.794255873599
balanced_interleaved.csv,266,68096.0,68352.0,0,753.3284023668639,750.0,80.07426687389975,73.64151848709606,43.02670623145401,79.64653902798233,339,255.99609375,1.3242389562829022,1.0,0.24648399620607098,0.2020105694345742,-0.1721838121352657,1.0443319347869964,1.149550541367572,2.4672147386922534,5760.282116116956,4813.979250375561,1.1965739394634012,10578.191290734283
balanced_interleaved.csv,267,68352.0,68608.0,2,643.4095560453401,636.71875,74.47148468337309,60.32531911904839,18.68686868686869,93.25319998164885,399,255.99609375,1.5586175326161593,0.9974874371859297,0.20450192325682412,0.21486548064254238,-0.22451770790393297,1.056993826003214,1.2327177701478753,2.661791609617379,5390.357266918396,2582.000857524949,2.087666722189038,7993.273683813277
balanced_interleaved.csv,268,68608.0,68864.0,2,673.6168370712401,671.875,64.85494248124839,39.94992709676956,20.634920634920633,89.07140780635586,380,255.99609375,1.484397650110628,1.0,0.19558907021609606,0.21378503833094026,-0.235812805158989,1.056196913733255,1.2786516385632576,2.847838242975288,5018.871130871257,1674.4034045943065,2.9974085797366654,6700.910859004208
balanced_interleaved.csv,269,68864.0,69120.0,2,656.3102506426735,656.25,66.38608422555886,41.88470063940081,25.0,91.42017809602497,390,255.99609375,1.5234607461661707,1.0,0.20689861588611094,0.21439061254924258,-0.231273549604204,1.059222996231848,1.2330671035858563,2.7042220487979156,4342.984223683414,2182.9102986703606,1.9895385652487794,6528.420863608834
balanced_interleaved.csv,270,69120.0,69376.0,1,637.7734375,636.71875,63.5566108615509,56.35913533067079,22.807017543859647,94.07729527776077,401,255.99609375,1.5664301518272679,1.0,0.20870262592848815,0.2152425735639709,-0.2267295773045101,1.062272091714874,1.235949266934194,2.6759521595010405,3940.388050645851,2603.180505586943,1.513682221493667,6565.848548087627
balanced_interleaved.csv,271,69376.0,69632.0,1,658.3843427835052,650.390625,78.61055229412788,63.16610233082648,23.51421188630491,91.13217933818582,389,255.99609375,1.5195544365606164,1.0,0.21143791542536958,0.21287799265131285,-0.20913388559299487,1.0596795731782165,1.2475363449548034,2.7305808311175097,5076.786434800115,2983.567006744331,1.7015828447372146,8088.6645093668785
balanced_interleaved.csv,272,69632.0,69888.0,0,647.8822969543147,644.53125,62.21671415792635,43.98193558949123,23.40966921119593,92.60941421313582,395,255.99609375,1.5429922941939422,1.0,0.22443417198099302,0.21207502046934906,-0.20609176550288807,1.05912424374974,1.188798477142396,2.533547389240929,3801.650548800089,2638.0995704448437,1.4410565057478266,6440.828354346528
balanced_interleaved.csv,273,69888.0,70144.0,3,702.7376033057851,703.125,58.070737014805324,39.42019413976699,21.2707182320442,85.38037486218302,365,255.99609375,1.4258030060273137,0.9972527472527473,0.20293396840411668,0.21245193932029943,-0.22477650024211662,1.056957334864102,1.2745338166398494,2.826433380589421,4467.991118643401,1609.007812259672,2.7768610472864057,6092.763518832968
balanced_interleaved.csv,274,70144.0,70400.0,0,691.1000844594595,687.5,65.517844462549,49.378357269612515,29.539295392953928,86.81810543682498,371,255.99609375,1.4492408636606393,1.0,0.23137911009928144,0.20680835092025399,-0.19093450081996405,1.0598474562978741,1.234114481137242,2.7295278691342917,4806.054526407438,2454.625603235356,1.9579582809177687,7263.423399069675
balanced_interleaved.csv,275,70400.0,70656.0,2,665.2047976501306,664.0625,64.90080696883516,46.343225317017676,28.01047120418848,90.19778602312103,384,255.99609375,1.500022888532845,1.0,0.21779032869753445,0.21296415891547202,-0.21512298321498818,1.061308110290589,1.2032233603778444,2.5899663545307394,4661.89299790495,2701.3357555407256,1.725773254340159,7369.087044333707
balanced_interleaved.csv,276,70656.0,70912.0,2,665.1713053385416,664.0625,70.39576020986516,62.49171269305782,27.415143603133156,90.20232760861919,386,255.99609375,1.5078355077439536,0.9974025974025974,0.21463835712018892,0.21246709789471194,-0.219491990444356,1.0559395929064694,1.2039011073938535,2.6137916573767814,5087.454318315807,3062.5662507291004,1.6611736373391577,8181.20061573515
balanced_interleaved.csv,277,70912.0,71168.0,0,685.1960455764075,679.6875,80.58395097203521,74.55759036489165,33.87096774193548,87.56617961728924,374,255.99609375,1.4609597924773021,1.0,0.23128876414860922,0.20876057327461153,-0.19893179094948255,1.0556457455768762,1.1808793785612293,2.541993318650724,5261.459855578795,3988.4537686624376,1.3191728325694674,9257.436541907016
balanced_interleaved.csv,278,71168.0,71424.0,1,701.4247589531681,695.3125,73.78278099320734,72.3045486950808,28.7292817679558,85.54017980424044,364,255.99609375,1.4218966964217594,1.0,0.21694348658169096,0.2098199909960858,-0.20564769674004446,1.0611500449880082,1.2562754475635534,2.7905681416610246,4949.3727713061735,3148.362742260632,1.5720465449773284,8111.130411582804
balanced_interleaved.csv,279,71424.0,71680.0,2,649.0224460659898,648.4375,56.358156192013034,35.290179056416946,16.793893129770993,92.44672563127263,395,255.99609375,1.5429922941939422,1.0,0.20319020619046263,0.212881987361533,-0.21995105824463215,1.051415688677642,1.2652411683932003,2.756517581536489,3596.6135254198557,1593.7568520819602,2.256688980330669,5195.062547095021
balanced_interleaved.csv,280,71680.0,71936.0,1,740.5570652173913,742.1875,82.88064056316811,65.14075855152765,32.26744186046512,81.02008990000918,346,255.99609375,1.3515831235217823,1.0,0.22312542798351875,0.20678079105045732,-0.19714143001064996,1.0552691861740295,1.237615060419552,2.749549349739878,5196.587332728963,3158.842360344875,1.6450923281152945,8368.088279852269
balanced_interleaved.csv,281,71936.0,72192.0,3,687.9527459568733,687.5,65.87752056772732,48.49740193131832,21.08108108108108,87.21529255115628,372,255.99609375,1.4531471732661936,1.0,0.20202748490676034,0.20955281874620704,-0.21767732320110375,1.0497675327190092,1.3016510337509641,2.911460938562147,5160.569311854483,1688.417957905747,3.056452513840511,6854.388132708816
balanced_interleaved.csv,282,72192.0,72448.0,3,654.4571314102565,652.34375,62.78017877681549,36.369882338272795,18.50899742930591,91.6790376639476,391,255.99609375,1.527367055771725,1.0,0.18718574778741276,0.21695412158840377,-0.24250146258637273,1.0536514206090382,1.2748845185996296,2.7938155364888564,4786.47617831437,1445.3477444293096,3.311643302978477,6238.830160301428
balanced_interleaved.csv,283,72448.0,72704.0,3,672.9881266490765,660.15625,77.22573349549221,64.74822091253519,22.22222222222222,89.15461896593972,380,255.99609375,1.484397650110628,1.0,0.18922439511576938,0.21621135373721206,-0.24357160682684545,1.0564419920120116,1.2659217717648985,2.8084672200083123,5881.346677434605,2346.7456121091673,2.5061713749828516,8270.988846437715
balanced_interleaved.csv,284,72704.0,72960.0,3,694.7074558423913,699.21875,72.97624535448317,64.8929361686978,27.79291553133515,86.3672895625468,370,255.99609375,1.445334554055085,0.997289972899729,0.20817194033378686,0.21135419224972515,-0.21927700658934654,1.063508122873536,1.262626141709401,2.8289721274701876,5567.2548860213565,2934.055474244566,1.897460676831532,8540.379790249752
balanced_interleaved.csv,285,72960.0,73216.0,0,671.0731907894736,666.015625,76.03730339702095,74.49840340843335,27.176781002638524,89.40902545877884,381,255.99609375,1.4883039597161822,1.0,0.22648611736645644,0.21010995538155666,-0.20278743347344677,1.0657973369352045,1.206672928103164,2.6452132727027147,4978.290179450814,3855.083929474686,1.2913571456612054,8843.756839467347
balanced_interleaved.csv,286,73216.0,73472.0,2,602.8276447990544,597.65625,59.64227376046035,49.701351988982466,10.189573459715639,99.53093644204108,424,255.99609375,1.6562752727550165,1.0,0.1943155348686784,0.21897500162764627,-0.23417071716690346,1.0611097791330881,1.268944636872233,2.7495996363667228,3266.879802152143,1708.0532150460283,1.9126335019158685,5000.898924513824
balanced_interleaved.csv,287,73472.0,73728.0,2,685.2948588709677,687.5,60.08616126561121,40.85650429370353,23.98921832884097,87.55355336949528,374,255.99609375,1.4609597924773021,0.9973190348525469,0.20106368589424475,0.21334336428768824,-0.2299460851682451,1.05873316697052,1.2663858075844345,2.807688008506486,4669.895956239125,1850.0797985858485,2.5241592064345917,6521.237617353542
balanced_interleaved.csv,288,73728.0,73984.0,1,665.9037272135416,666.015625,55.61707225831343,35.46764291010968,17.232375979112273,90.10311483173187,386,255.99609375,1.5078355077439536,0.9974025974025974,0.19302529239426597,0.21550162506948334,-0.2316440344694114,1.0625114236656887,1.3230835778116306,2.9711294703682736,3754.3175191094106,1421.5086962566786,2.641079529795224,5178.542923311678
balanced_interleaved.csv,289,73984.0,74240.0,1,708.6263020833334,703.125,75.45911126673128,53.278934005040306,37.04735376044568,84.67086223528871,362,255.99609375,1.4140840772106509,0.997229916897507,0.21282186725597202,0.21180386305492785,-0.2258597694398797,1.0629804612243696,1.2015581615281972,2.6814193808485136,5697.52928662214,3047.290131438623,1.869703586094817,8750.809879559523
balanced_interleaved.csv,290,74240.0,74496.0,1,742.6190043604652,734.375,85.05810681588646,66.53407993261082,46.647230320699705,80.79513134958255,345,255.99609375,1.347676813916228,1.0,0.21697748527912206,0.20868870996949362,-0.21787696785142102,1.0579959587736527,1.2003938028745922,2.679678779070228,6350.71368947764,4333.3442511436215,1.4655456205219817,10687.753654784163
balanced_interleaved.csv,291,74496.0,74752.0,0,773.0113636363636,769.53125,108.7038220733531,105.17216510119286,48.02431610942249,77.61852260198457,331,255.99609375,1.292988479438468,1.0,0.21847082119861747,0.2076165613384801,-0.2138323865818889,1.0476958171374624,1.1452629400846834,2.5232317828421458,8295.187439310663,6985.875681437604,1.1874227108495607,15291.55460661903
balanced_interleaved.csv,292,74752.0,75008.0,3,690.2311991869918,687.5,64.28809782213139,43.73771542398518,21.195652173913043,86.92739486518819,370,255.99609375,1.445334554055085,1.0,0.19025905021921644,0.21386112379179661,-0.23625945517771682,1.0504773441575839,1.266111131205707,2.8009815330622994,5230.776061014255,1926.48407343422,2.7151929949203706,7161.753080736954
balanced_interleaved.csv,293,75008.0,75264.0,0,801.0261559561128,796.875,89.38399949611097,81.54547880027029,52.20125786163522,74.90392111900941,320,255.99609375,1.2500190737773709,1.0,0.25556775441460833,0.19875782791181357,-0.1671593708385079,1.0470238324136594,1.1367589957183255,2.488460057690756,7070.504015517709,6076.690285407245,1.163545233249264,13150.299565183925
balanced_interleaved.csv,294,75264.0,75520.0,2,709.8711699164345,703.125,71.42431605805345,50.479874934844084,26.256983240223462,84.52237890864501,360,255.99609375,1.4062714579995423,1.0,0.21802003074130313,0.20907990204762006,-0.20678610723721827,1.0593192053553275,1.2345408611420026,2.73850318961437,5802.94037671828,2472.163341389539,2.347312687460448,8279.889834656937
balanced_interleaved.csv,295,75520.0,75776.0,0,686.7229502688172,687.5,76.23084941479107,46.446176284178556,27.49326145552561,87.37147925012998,374,255.99609375,1.4609597924773021,0.9973190348525469,0.23449676968084796,0.20806757453883898,-0.19244158068150158,1.0706663638104639,1.2313591893397982,2.746991780783735,4956.158496928499,2386.3080819093884,2.0769147682569393,7348.606486455255
balanced_interleaved.csv,296,75776.0,76032.0,1,701.7191792582418,695.3125,92.33952779561893,82.8744744937768,40.77134986225895,85.50428971233694,365,255.99609375,1.4258030060273137,1.0,0.23047337486527147,0.20957340782694067,-0.206899860685219,1.0578348106200703,1.1426383609267166,2.442345950038752,6548.55091501846,5323.799080585332,1.2300522269706824,11926.267248673528
balanced_interleaved.csv,297,76032.0,76288.0,1,676.2267904509284,671.875,69.64271229091308,50.07994733029598,29.521276595744684,88.72762932091199,378,255.99609375,1.4765850308995194,1.0,0.2088233917027285,0.21241638061885137,-0.22213410386374338,1.0580323666172244,1.2291779259687827,2.721251177235491,5000.117542595828,2780.3030677993133,1.7984073752627117,7782.426528940407
balanced_interleaved.csv,298,76288.0,76544.0,2,651.9750478316327,648.4375,65.36511167118792,58.6932366190192,22.762148337595907,92.02806180934476,393,255.99609375,1.5351796749828337,1.0,0.2045995125139581,0.2129081156451004,-0.2212570650691029,1.0544785128799954,1.260572179256044,2.7399370341154254,4412.199313223902,2610.681525438,1.690056512152955,7052.228237630391
balanced_interleaved.csv,299,76544.0,76800.0,1,662.2666396103896,660.15625,72.93000579912344,61.06216850177764,22.135416666666664,90.5979501478406,386,255.99609375,1.5078355077439536,1.0,0.21896891216028533,0.21119187074327472,-0.20602375076842366,1.057708439156162,1.2234704832432135,2.6541322264042275,4843.655979003863,2752.3111394140083,1.7598504433750612,7618.736165177479
balanced_interleaved.csv,300,76800.0,77056.0,3,579.6750992063492,582.03125,41.44189491563136,22.937977027799135,4.318181818181818,103.50625735372768,442,255.99609375,1.7265888456549936,1.0,0.1752404310861339,0.22298702422485775,-0.2563210660252192,1.0542943503462934,1.2932988508545566,2.763609034094574,2484.8846222487527,750.7744039561679,3.309762039242119,3235.7157452273755
balanced_interleaved.csv,301,77056.0,77312.0,3,672.1833881578947,679.6875,72.79320914883934,44.441726543312434,14.775725593667547,89.26135494723965,381,255.99609375,1.4883039597161822,1.0,0.17220589908256573,0.21644474775557418,-0.2534884905054111,1.0445270895364276,1.3208556522192023,2.9478598818274255,4484.939493726553,1323.1681142232273,3.3895462303816624,5816.784257322589
balanced_interleaved.csv,302,77312.0,77568.0,3,617.5942039951574,601.5625,78.63261472827006,33.47695037464627,13.349514563106796,97.15117080417171,415,255.99609375,1.6211184863050279,0.9975845410628019,0.18008941360453118,0.21955758128904523,-0.25400310185878583,1.0536013115816025,1.282007562299087,2.7890496621909193,4334.929619122123,1187.7920832628738,3.649569381885455,5529.436498157094
balanced_interleaved.csv,303,77568.0,77824.0,3,667.6006217277487,652.34375,99.27416476114784,64.07913959930515,25.45931758530184,89.8740924547376,384,255.99609375,1.500022888532845,0.9973890339425587,0.21262220650899039,0.21464793764863893,-0.22845511071837277,1.0588141380441434,1.1658793194746737,2.522811662550593,6045.939636675078,3130.3156107677246,1.9314153550134463,9209.104107333813
balanced_interleaved.csv,304,77824.0,78080.0,0,708.4271121883656,707.03125,73.9397920954494,58.532592504588074,36.666666666666664,84.69466931418971,362,255.99609375,1.4140840772106509,1.0,0.22826512633940432,0.20942474780750045,-0.20648228288115036,1.0511375872226951,1.138271547824153,2.4152827695906014,5041.265333310827,3991.7854547290312,1.262909890945789,9035.33200605469
balanced_interleaved.csv,305,78080.0,78336.0,2,690.403293918919,691.40625,65.67729441629822,44.83745252185076,25.474254742547426,86.90572673751815,372,255.99609375,1.4531471732661936,0.9973045822102425,0.20146785817007484,0.21070905196739476,-0.22130574654671947,1.0497751793413146,1.270279258466429,2.8293140741941096,5074.651329725807,2210.136709877499,2.2960802863670273,7286.992877032518
balanced_interleaved.csv,306,78336.0,78592.0,2,668.5634022309712,664.0625,74.65440077864713,61.985184406739485,20.263157894736842,89.74466714717293,382,255.99609375,1.4922102693217365,1.0,0.20318638772623296,0.2115773615731251,-0.2193574143970505,1.0474528274285007,1.2566200240254997,2.742391126437531,5376.93513082978,2703.086650711065,1.9891834134933637,8126.749207916992
balanced_interleaved.csv,307,78592.0,78848.0,1,736.7840417867435,734.375,68.72403608992167,60.684925884714644,32.080924855491325,81.43498854087089,348,255.99609375,1.3593957427328909,1.0,0.19488441676002294,0.21244149505974932,-0.24116661384341173,1.050909627624602,1.240460982442178,2.760721964747132,4918.287330772927,2956.4610178759544,1.663572528450394,7880.806068058099
balanced_interleaved.csv,308,78848.0,79104.0,1,663.5247564935065,660.15625,61.549817083013586,47.663103455075586,23.958333333333336,90.4261663379054,386,255.99609375,1.5078355077439536,1.0,0.21444832713165252,0.21165894476096808,-0.20989287648824848,1.065940295433572,1.289627503108701,2.8681084002821606,4098.707764826703,2019.2861251863699,2.029780581218233,6119.485642071193
balanced_interleaved.csv,309,79104.0,79360.0,0,661.7491883116883,660.15625,67.08108225594967,49.3059304570853,27.864583333333332,90.66879273864647,386,255.99609375,1.5078355077439536,1.0,0.22648974893365928,0.21006853135746464,-0.2048732684848967,1.06404929711905,1.2150436545037688,2.659619351581969,5153.140409544733,2608.6047779087285,1.975439305020331,7773.616552706927
balanced_interleaved.csv,310,79360.0,79616.0,0,690.2871621621622,687.5,78.6271843762558,65.85881229225447,35.50135501355013,86.9203474856234,371,255.99609375,1.4492408636606393,1.0,0.2154235992001729,0.2122104880471586,-0.21621181105330337,1.0558346006550636,1.187965198692516,2.5491044468535122,5865.982370132338,3388.348879557471,1.7312214823930567,9264.498161391677
balanced_interleaved.csv,311,79616.0,79872.0,3,728.8727678571429,722.65625,93.47784971769738,79.90998983914594,32.37822349570201,82.31889383986402,351,255.99609375,1.3711146715495537,1.0,0.2018827722414523,0.21180602582538996,-0.2294617290811079,1.0520960102352253,1.2274022395416397,2.719210223545513,6284.483803057562,4025.4333182479227,1.5611943624973261,10344.526866403015
balanced_interleaved.csv,312,79872.0,80128.0,0,760.893322172619,765.625,110.81228419925868,89.94964557419098,45.07462686567164,78.85468074378524,337,255.99609375,1.3164263370717937,1.0,0.22607061382783597,0.20807240855694498,-0.20434988401004697,1.0571665475459604,1.1836139813073385,2.5999311502070457,6313.435317368344,5821.5231684910505,1.0844988733429362,12170.520420186967
balanced_interleaved.csv,313,80128.0,80384.0,2,708.9952256944445,710.9375,68.84025153203872,64.52603537882007,25.90529247910863,84.62680399749009,361,255.99609375,1.4101777676050966,1.0,0.19527053345625695,0.21190287220212656,-0.23148279215137493,1.0458774094352108,1.259473729593143,2.7877916593065146,4969.8566496064705,2816.136429241582,1.76477836726998,7808.674266465772
balanced_interleaved.csv,314,80384.0,80640.0,0,774.2660984848485,769.53125,88.8805180386657,77.82075303594958,46.20060790273556,77.4927381134383,331,255.99609375,1.292988479438468,1.0,0.25138381768067797,0.2012169961248434,-0.1760172798100132,1.0536720728110076,1.1339062483060787,2.476216554626806,6549.942639354813,5589.234029587127,1.1718855579641299,12161.679065195713
balanced_interleaved.csv,315,80640.0,80896.0,1,746.7790570175439,748.046875,84.08188105645141,76.13037502572753,36.950146627565985,80.34504909608148,343,255.99609375,1.3398641947051193,1.0,0.22569395056103533,0.20289340993080968,-0.18578916997519482,1.0480516288650181,1.256210579295771,2.8083278932331472,6864.062847721871,3941.9424726357406,1.7412894519316218,10891.717891087488
balanced_interleaved.csv,316,80896.0,81152.0,2,660.3485265544041,644.53125,88.78430809206908,66.11465534340286,25.97402597402597,90.86110983403063,387,255.99609375,1.5117418173495079,1.0,0.20856138414149966,0.21387057848100846,-0.2273859997059369,1.057771937231322,1.2088785212606936,2.599413763422615,5743.131913622669,3269.3268529725824,1.756671073863667,9031.963438591343
balanced_interleaved.csv,317,81152.0,81408.0,2,619.2543992718447,617.1875,63.18549269582601,63.50384482365386,16.30170316301703,96.89071255779771,413,255.99609375,1.6133058670939193,1.0,0.2012332634125091,0.2185112632833909,-0.2335611469847422,1.0692490460020656,1.2566635729897995,2.7416595524365723,3700.111243422238,2512.2045788388846,1.4728542709417367,6225.089058638496
balanced_interleaved.csv,318,81408.0,81664.0,1,628.503148034398,625.0,59.371653288931824,35.73096876933075,16.00985221674877,95.46491562953348,408,255.99609375,1.593774319066148,1.0,0.2027331881300451,0.21920405423928627,-0.2304265089728981,1.0739669024169833,1.2656839074548383,2.768082794820261,3201.7316838917823,1728.4899379302335,1.852328794997598,4939.265210435951
balanced_interleaved.csv,319,81664.0,81920.0,3,613.3563701923077,609.375,52.74277465241299,30.75365904587762,8.674698795180722,97.82241273729332,417,255.99609375,1.6289311055161364,1.0,0.18344620332474917,0.2216901810471599,-0.24744158078885015,1.0714036667572275,1.306598145669675,2.8708515319062657,3080.4313681356793,985.6080603808654,3.1254121105151254,4068.346902602647
balanced_interleaved.csv,320,81920.0,82176.0,3,698.9199112021857,699.21875,59.558572565759675,39.18911415068271,18.904109589041095,85.84674586934612,367,255.99609375,1.4336156252384222,1.0,0.2012375630804473,0.21151396527016528,-0.2234129918932076,1.0583120662261116,1.2835910793697936,2.8773925241027074,4818.790946314464,1487.8819884781767,3.2386916325556037,6307.774899998665
balanced_interleaved.csv,321,82176.0,82432.0,3,614.8155120481928,613.28125,49.28697384540581,26.838329476748473,7.246376811594203,97.59025077314064,417,255.99609375,1.6289311055161364,0.9975961538461539,0.17909880794902977,0.2202183683063222,-0.2517418303638801,1.0564725473877012,1.2906271594860177,2.8134368719708567,3151.5414953088493,872.3419096444159,3.6127365433967067,4024.6141871368927
balanced_interleaved.csv,322,82432.0,82688.0,0,713.097939944134,716.796875,104.56429292937223,68.89646513365663,29.411764705882355,84.13991492487071,359,255.99609375,1.4023651483939878,1.0,0.2189779016033399,0.20836647366248606,-0.2147626204747377,1.0578969225120365,1.2112655169236222,2.7233911182324944,6080.190747123317,3147.694093756713,1.9316333055308832,9234.340112904296
balanced_interleaved.csv,323,82688.0,82944.0,2,648.2491275380711,625.0,95.66494818001887,55.61955642446572,26.717557251908396,92.55700848818536,396,255.99609375,1.5468986037994965,0.9974683544303797,0.21206513144923547,0.21600274582786824,-0.22470554278232424,1.0665873774215076,1.1802215885503267,2.511699254199491,4673.753834653215,4018.3229048650405,1.163110567593917,8693.44934439061
balanced_interleaved.csv,324,82944.0,83200.0,2,616.5647644927536,613.28125,62.80295724227556,49.96122098734334,15.738498789346247,97.31337801854743,416,255.99609375,1.6250247959105821,0.9975903614457832,0.19296415725914803,0.21936458578907725,-0.2435546953838916,1.0631404974670562,1.2616826450654797,2.749603976412775,3930.63965770076,1902.2957797438896,2.0662610407672517,5852.450704078129
balanced_interleaved.csv,325,83200.0,83456.0,2,676.6308852785146,664.0625,73.18195230770192,46.747996026132235,26.063829787234045,88.67463975621334,378,255.99609375,1.4765850308995194,1.0,0.19459397637869907,0.21563921308424452,-0.2405889805611237,1.0595325956822854,1.2532343398932022,2.801261122957211,5032.997453622942,2460.2252006516633,2.0457466464004206,7502.795386095036
balanced_interleaved.csv,326,83456.0,83712.0,1,705.9167243767313,707.03125,82.15815977337934,67.62314352298742,31.11111111111111,84.99586130782673,363,255.99609375,1.4179903868162052,0.9972375690607734,0.20856423137608623,0.2115274633980765,-0.2222853034301202,1.0513334179160654,1.2235296746452142,2.687388570293116,5304.971253873179,3524.6896954362023,1.5050888765448205,8852.11707028223
balanced_interleaved.csv,327,83712.0,83968.0,1,644.7482638888889,640.625,63.39011435583885,56.62058721837945,18.9873417721519,93.05957590037025,397,255.99609375,1.5508049134050508,1.0,0.19632579103178296,0.21567070071026684,-0.23751400418817506,1.0514888985153132,1.2314937479628847,2.666558902898662,3955.9695405770312,2402.9141481919623,1.6463216314047853,6387.089794022645
balanced_interleaved.csv,328,83968.0,84224.0,0,754.7267936390532,753.90625,83.91907089202043,73.94830323211448,43.32344213649852,79.4989663884848,339,255.99609375,1.3242389562829022,1.0,0.2338402559606099,0.20389297915350846,-0.1907103091987325,1.0474889712586397,1.1791319224920382,2.5903681434999557,6441.88916729543,4682.650791329757,1.375692840308105,11134.318292415357
balanced_interleaved.csv,329,84224.0,84480.0,3,614.9151141826923,593.75,86.91877581597012,56.48404497041514,16.3855421686747,97.57444339248084,417,255.99609375,1.6289311055161364,1.0,0.18758656406718835,0.22153517578128143,-0.24946711414153613,1.0616469361156189,1.2204181086433092,2.5850977576811873,4336.101443917163,2325.273186987168,1.8647707581986974,6686.555579204599
balanced_interleaved.csv,330,84480.0,84736.0,0,658.2735985824743,650.390625,86.9842784109791,58.433040263228385,22.997416020671835,91.14751089699472,389,255.99609375,1.5195544365606164,1.0,0.20438673264133506,0.21592295087578064,-0.23640673279619714,1.0552058937503082,1.182600875203042,2.5654150285169983,5493.414465504057,2424.2381521836614,2.2660374602865643,7921.747197614337
balanced_interleaved.csv,331,84736.0,84992.0,0,659.0358527131783,656.25,85.24452584227771,66.7645370147133,28.497409326424872,91.04208785149788,388,255.99609375,1.5156481269550621,1.0,0.21645081435605065,0.21434942335347512,-0.22191041164142908,1.0646818037923682,1.1800358105006084,2.529799987189624,4823.37820448521,3946.6237724665684,1.2221530306829034,8790.52643042382
balanced_interleaved.csv,332,84992.0,85248.0,2,623.1612042682926,617.1875,67.05120516309566,55.151132950401546,19.80440097799511,96.28327243261425,411,255.99609375,1.6054932478828108,1.0,0.19931242974646507,0.2173870773226559,-0.2328688536300639,1.0671458388821808,1.2580205241560511,2.752508882112295,4057.0120667145525,2480.194696423224,1.635763544114223,6562.075952875891
balanced_interleaved.csv,333,85248.0,85504.0,0,674.2455474934037,675.78125,63.85597307678472,49.01275444384808,30.423280423280424,88.98835182977162,380,255.99609375,1.484397650110628,1.0,0.21704449614928978,0.2126887127284319,-0.21383396577721098,1.0578500311018941,1.1993040464447378,2.603719596082345,4015.6663512195446,3083.30318480221,1.3023910107228538,7101.690723694562
balanced_interleaved.csv,334,85504.0,85760.0,1,623.6724480440098,621.09375,62.92096961034601,55.06573833390661,16.666666666666664,96.2043460283916,410,255.99609375,1.6015869382772565,1.0,0.1960203987225057,0.21777687586732128,-0.23892635945381302,1.0578173279586633,1.2349162281863215,2.6668664511870626,4344.972622265819,2060.6299747893004,2.1085651841544686,6425.101943925638
balanced_interleaved.csv,335,85760.0,86016.0,2,647.2477791878173,636.71875,79.44462679606872,55.675722832607796,18.829516539440203,92.70020219349304,395,255.99609375,1.5429922941939422,1.0,0.19718448091114038,0.21476499569326185,-0.23221561496043625,1.0566432547716085,1.2606586949043541,2.763508392038558,5128.982417758339,2282.0837130844448,2.247499681256675,7412.639024624331
balanced_interleaved.csv,336,86016.0,86272.0,1,652.5729432397959,648.4375,69.13985187070342,48.18459805508249,19.948849104859335,91.94374455998901,393,255.99609375,1.5351796749828337,1.0,0.19828457690153128,0.21404073348185332,-0.23324459153661328,1.0551598672842912,1.266949540297813,2.800542740151089,4931.4936233055005,1835.1416962913784,2.687254958716001,6769.354217637068
balanced_interleaved.csv,337,86272.0,86528.0,1,648.2392131979695,636.71875,77.34456945063877,47.63745888340062,23.155216284987276,92.55842407928544,395,255.99609375,1.5429922941939422,1.0,0.1943318430608464,0.2169692700586378,-0.24249327609114682,1.0533909282544567,1.2344331749505966,2.6809202784043125,4693.159873510795,2246.6658661965653,2.088944308152043,6945.31910134411
balanced_interleaved.csv,338,86528.0,86784.0,3,612.9619891826923,615.234375,57.22427632191385,48.61427190341894,10.361445783132531,97.88535187965319,418,255.99609375,1.6328374151216907,0.9976019184652278,0.18275150145836788,0.22010141666530056,-0.2508603647372595,1.0569336080109364,1.275203402025085,2.782982864768793,3701.0573124959715,1642.275126051294,2.253615885539738,5363.444837081457
balanced_interleaved.csv,339,86784.0,87040.0,3,625.6797640931372,621.09375,62.22666200350818,50.50660468648785,14.004914004914005,95.89570167250693,410,255.99609375,1.6015869382772565,0.9975550122249389,0.1783561448327546,0.21894866123654477,-0.25117569213426977,1.0548010894990256,1.2829501648891735,2.807097182117621,4137.393014594416,1624.4787121641943,2.546905037051805,5786.421160121484
balanced_interleaved.csv,340,87040.0,87296.0,3,665.8575391644908,671.875,65.4505166170613,52.92472342197336,12.56544502617801,90.10936494807463,384,255.99609375,1.500022888532845,1.0,0.18572502783580597,0.21578036334384043,-0.23906331710946532,1.0519772432161365,1.2936157238898798,2.846914458885718,3965.695166104347,1711.0365178748514,2.3177150953095005,5696.63894597809
balanced_interleaved.csv,341,87296.0,87552.0,0,647.8738132911392,644.53125,58.26923894921949,45.87116496214301,25.12690355329949,92.61062689847817,396,255.99609375,1.5468986037994965,1.0,0.23061955457318944,0.211911205206759,-0.19753742318210107,1.0693361095803438,1.2044760764661928,2.5983367061705644,3346.2049836170427,2574.193748016801,1.2999040908226165,5920.684995036748
balanced_interleaved.csv,342,87552.0,87808.0,2,673.4107025065963,671.875,67.0524522218515,58.66638740594186,24.33862433862434,89.09867303365628,381,255.99609375,1.4883039597161822,0.9973684210526316,0.2080078401963391,0.21022505719202,-0.2133876950344844,1.055960946658533,1.2770831504294304,2.86103296978687,5089.070254428959,2364.5798014480038,2.152209137248213,7473.414853215669
balanced_interleaved.csv,343,87808.0,88064.0,2,711.8976955307263,710.9375,77.73569425888078,65.6097968459074,28.57142857142857,84.28177303660107,359,255.99609375,1.4023651483939878,1.0,0.20349377919455636,0.2099859783305775,-0.22244902868763533,1.0555115910035957,1.2642741399461785,2.834666623941385,6862.6464500170705,2632.0876034461767,2.607301687463536,9504.112715635287
balanced_interleaved.csv,344,88064.0,88320.0,2,719.3772007042254,722.65625,77.2985082333986,62.054267750170794,37.570621468926554,83.40547899108249,356,255.99609375,1.390646219577325,1.0,0.2161708741077951,0.2095446393810692,-0.2170346982662268,1.048507186597547,1.1840017021863416,2.5916725057234222,5960.171601713951,3324.1078705948853,1.7930138953785857,9287.191066508762
balanced_interleaved.csv,345,88320.0,88576.0,1,691.7344173441735,691.40625,89.66459545304998,69.87148690336028,34.23913043478261,86.7384916748286,371,255.99609375,1.4492408636606393,0.9972972972972973,0.225199293867052,0.20918251782337358,-0.20875314652031998,1.0548692413364846,1.1811367582089176,2.5666215452017074,5602.693422211339,3965.6090770587493,1.4128204049721405,9600.665535876531
balanced_interleaved.csv,346,88576.0,88832.0,1,655.1983173076923,644.53125,89.18858712648908,74.05287537253304,24.67866323907455,91.57532675991746,391,255.99609375,1.527367055771725,1.0,0.21442442698355138,0.2131724697660283,-0.22066286550253922,1.0618300635829263,1.2171255535028167,2.6548593571529953,5755.989879605384,3586.707856822288,1.6048114620366691,9350.639965745208
balanced_interleaved.csv,347,88832.0,89088.0,0,787.205825617284,789.0625,93.7602796637834,91.69807844277717,50.15479876160991,76.2189481422489,325,255.99609375,1.2695506218051422,1.0,0.22027597295677495,0.20568494287234843,-0.20842103180691485,1.0465797677428028,1.1648453101024376,2.5870749670507296,7164.4729968232,6447.604873630078,1.1111836313240946,13655.779426339139
balanced_interleaved.csv,348,89088.0,89344.0,3,736.441022398844,738.28125,67.42715193495467,47.23265202892686,29.275362318840582,81.4729193175024,348,255.99609375,1.3593957427328909,0.9971181556195965,0.1917260718119327,0.2087219000518712,-0.23045219602503886,1.0338997779017625,1.2654095911750305,2.826538389604946,6074.280157418284,2068.3688863306506,2.936748951099454,8159.749165812788
balanced_interleaved.csv,349,89344.0,89600.0,0,670.6754429133858,667.96875,71.02590354086254,61.156930330642865,24.210526315789473,89.46204998853474,382,255.99609375,1.4922102693217365,1.0,0.20866022734266332,0.21201104482271113,-0.21910123015343835,1.0564560165751464,1.2600462036883742,2.7762163739353847,4494.032805584033,2827.5302385651166,1.5893845251552867,7364.046937019701
balanced_interleaved.csv,350,89600.0,89856.0,2,633.9562655086849,628.90625,68.75936557575412,44.39127511000797,24.129353233830848,94.64375267567733,404,255.99609375,1.5781490806439307,1.0,0.20133418185409344,0.21883601747240355,-0.23913855068591186,1.061852361064057,1.1922495414061418,2.534634242714655,4177.934006148716,2570.7600062695437,1.6251746549501365,6754.445115074098
balanced_interleaved.csv,351,89856.0,90112.0,2,683.3005194369973,664.0625,95.32970795570753,53.53605525474943,32.526881720430104,87.80909467101935,374,255.99609375,1.4609597924773021,1.0,0.2062066986798864,0.2139649593686586,-0.2313485159569493,1.0618005126212293,1.2051853573580937,2.6700571546631293,5879.83875414703,3241.1881955981758,1.8140997681444042,9136.77710688007
balanced_interleaved.csv,352,90112.0,90368.0,0,709.0169270833334,710.9375,89.79097978497555,81.95971562620491,40.66852367688023,84.62421376428998,361,255.99609375,1.4101777676050966,1.0,0.21874722958758627,0.21113430539854766,-0.21735714039854412,1.0531048165266468,1.1716839759084035,2.543598845864154,5356.423917734004,5064.916322228688,1.0575542767065984,10437.81342528931
balanced_interleaved.csv,353,90368.0,90624.0,1,672.5020559210526,667.96875,82.76762632341463,80.22987975562931,26.121372031662272,89.2190581006099,381,255.99609375,1.4883039597161822,1.0,0.20599626967402093,0.2126205297630107,-0.2242045096772723,1.0472624358372988,1.2184415374537696,2.6500624771432983,5867.473346603251,3793.1895888465274,1.5468442083295642,9667.116890277495
balanced_interleaved.csv,354,90624.0,90880.0,2,626.3882506127451,626.953125,49.85379229025358,31.76699665764706,12.776412776412776,95.78723729461215,409,255.99609375,1.5976806286717022,1.0,0.19355250641521357,0.21732065546841048,-0.2346350925573615,1.0573474045533882,1.2645267696739984,2.7360778199736373,3130.6672038470674,1366.6176140274993,2.2908143226844664,4499.583897675468
balanced_interleaved.csv,355,90880.0,91136.0,1,652.2038842710997,652.34375,59.57495046876097,45.572773580361456,22.05128205128205,91.99577225311337,392,255.99609375,1.5312733653772794,1.0,0.21460513786217283,0.21353302041303468,-0.2162825311933704,1.0645001893501698,1.2382286484251337,2.6962881225584026,3802.6897573501724,2177.855485498166,1.7460707483445987,5989.530103476123
balanced_interleaved.csv,356,91136.0,91392.0,3,686.1979166666666,687.5,68.10497783637234,47.50816548861716,19.137466307277627,87.43833017077799,373,255.99609375,1.4570534828717479,1.0,0.2046117244263872,0.21055467410270015,-0.21464175626642673,1.0615751745474182,1.3132618811893417,2.960471105900261,5186.192813582649,1600.334719717174,3.240692556179248,6795.419284717595
balanced_interleaved.csv,357,91392.0,91648.0,3,634.2373604218362,628.90625,64.25934081937291,33.385248702436044,13.432835820895523,94.6018064279492,404,255.99609375,1.5781490806439307,1.0,0.1877173252304764,0.2183342131159457,-0.24417401196025793,1.0587656207144012,1.2733119646996334,2.776172639540266,4019.2680143296584,1340.4867631402622,2.9983645678932387,5369.000061785868
balanced_interleaved.csv,358,91648.0,91904.0,3,664.6016438802084,648.4375,75.9702244856997,58.40476212591732,20.10443864229765,90.2796442838994,385,255.99609375,1.5039291981383993,1.0,0.18874382741105877,0.21532732261846013,-0.23991785962409418,1.0505896361654632,1.27001384295547,2.8088211766720494,5686.747219286195,2130.0885468398546,2.6697233914162437,7849.9304842502515
balanced_interleaved.csv,359,91904.0,92160.0,3,673.7405178100264,679.6875,77.11152306069391,44.967905089251225,23.544973544973544,89.05505667824198,381,255.99609375,1.4883039597161822,0.9973684210526316,0.20344797889726557,0.2134264979226099,-0.2235504130442717,1.052718750911764,1.2229206328960396,2.6323514911126846,4410.843916123149,2386.868433445028,1.8479627340652645,6805.782407833602
balanced_interleaved.csv,360,92160.0,92416.0,0,708.7782118055555,703.125,86.31872239451378,87.16593010195453,35.93314763231198,84.65271505335191,361,255.99609375,1.4101777676050966,1.0,0.24426029226715848,0.20668083488344594,-0.18304619068346906,1.0657373023228074,1.1774198387429378,2.582916556093272,5899.98112305346,4903.680171196608,1.2031741298523007,10809.054583770594
balanced_interleaved.csv,361,92416.0,92672.0,2,609.2910948687351,605.46875,57.767678789851374,31.296107395717,10.76555023923445,98.47509754418178,420,255.99609375,1.6406500343327992,1.0,0.19822644672860867,0.21862869029811222,-0.23133180169483256,1.0723380345657403,1.2694122069211222,2.761126769154526,3443.2768968778087,1501.2378089851302,2.293625217982979,4951.50874261984
balanced_interleaved.csv,362,92672.0,92928.0,2,717.334533005618,714.84375,68.99385059220296,49.54914397751034,30.704225352112672,83.64298279158699,357,255.99609375,1.3945525291828793,1.0,0.21958277419554315,0.20611784419555018,-0.20325229168163358,1.0525681748822895,1.2458836190280431,2.7808783000289914,6009.482194999351,2482.111768837982,2.421116675907279,8493.186498356185
balanced_interleaved.csv,363,92928.0,93184.0,1,647.0395780456853,640.625,69.06690110054461,57.150644917758754,16.28498727735369,92.73003079846161,395,255.99609375,1.5429922941939422,1.0,0.19859246101544725,0.21529479144898883,-0.22714490100085827,1.065876940389426,1.3087658798933712,2.9082135746838063,4408.70705673884,2176.891888902911,2.025230136238276,6623.669706347102
balanced_interleaved.csv,364,93184.0,93440.0,1,684.8504524128687,683.59375,79.5483666522359,62.79137076581088,29.56989247311828,87.61036776511965,375,255.99609375,1.4648661020828564,0.9973262032085561,0.21007343438145315,0.21311466319892491,-0.22642511398830464,1.0610646701003659,1.2312817312704398,2.7269115741801855,5306.335271510365,2897.7817487942434,1.831171472357541,8234.978686683504
balanced_interleaved.csv,365,93440.0,93696.0,1,682.4657419786096,683.59375,71.65266511206543,49.988413432145826,35.656836461126005,87.91650087233327,375,255.99609375,1.4648661020828564,1.0,0.21389397434494756,0.2124823628749432,-0.21902339559040887,1.0624763617420019,1.2266763671361345,2.6960779976394633,4326.929755080757,3080.195815824638,1.4047580133869964,7409.969056278494
balanced_interleaved.csv,366,93696.0,93952.0,0,659.7020348837209,660.15625,64.2101801583797,47.841596538733945,26.94300518134715,90.9501514734233,388,255.99609375,1.5156481269550621,1.0,0.20982981412106072,0.2149616027328539,-0.22600639621392796,1.0582318020534796,1.2002872591934186,2.5771798419024163,4148.483137453077,2854.424231767982,1.4533519899680702,7004.296532017301
balanced_interleaved.csv,367,93952.0,94208.0,3,659.5203488372093,656.25,65.88054116278673,57.10337395065135,17.098445595854923,90.97520661157024,388,255.99609375,1.5156481269550621,1.0,0.18844805978664247,0.21731673481239397,-0.24251203150889772,1.05917699818767,1.28365028357752,2.84667744198896,4696.201464048591,2145.2892537408134,2.1890761144958266,6873.626299633426
balanced_interleaved.csv,368,94208.0,94464.0,0,682.5597426470588,681.640625,64.32527919621512,48.4782412386906,32.171581769437,87.90439319979802,375,255.99609375,1.4648661020828564,1.0,0.23784930262178003,0.2072481234342657,-0.18668431064348884,1.061864888742299,1.1984543832092498,2.6136500850802786,4277.519151013137,2959.404058205801,1.4453988258725543,7237.334713137914
balanced_interleaved.csv,369,94464.0,94720.0,2,656.9428823907455,656.25,59.57114131817697,38.59202419421732,20.618556701030926,91.33214105562435,390,255.99609375,1.5234607461661707,1.0,0.19360865217906653,0.2159657830453687,-0.23709486613049796,1.0601599678131859,1.26243608791515,2.7798945719869064,4321.8322129778435,1811.2259148793273,2.386136471145724,6136.9463858128265
balanced_interleaved.csv,370,94720.0,94976.0,0,653.4054487179487,650.390625,68.41614189063252,59.210085885476914,21.079691516709513,91.82659881047275,392,255.99609375,1.5312733653772794,0.9974424552429667,0.21211250749224392,0.21208024451489763,-0.21746059197994705,1.0605533929778932,1.2546897058195563,2.7660763274149467,4780.915728962718,2485.099429210661,1.923832774160378,7307.338194726346
balanced_interleaved.csv,371,94976.0,95232.0,1,715.5549719887955,710.9375,92.50715204713121,59.98358969994131,39.60674157303371,83.85100006116582,359,255.99609375,1.4023651483939878,0.9972067039106145,0.2268222638093238,0.2086337964555822,-0.20841511557793665,1.0555272513301746,1.1777382798499665,2.589910577970585,5874.573294547668,3958.631298718985,1.4839910189283563,9843.176998998142
balanced_interleaved.csv,372,95232.0,95488.0,1,676.7448607427056,671.875,94.16508510424656,53.52038702799457,27.659574468085108,88.65970542303334,378,255.99609375,1.4765850308995194,1.0,0.21402743176210612,0.2128526436650306,-0.22064776634573796,1.0651980219490325,1.2199373061905268,2.679909401824636,4244.959821505049,2843.9717208528887,1.4926167480427734,7093.776129525624
balanced_interleaved.csv,373,95488.0,95744.0,2,626.2285012285013,617.1875,72.6660735349288,60.077491166575186,19.704433497536947,95.81167238842569,408,255.99609375,1.593774319066148,1.0,0.20069498582078255,0.2168678293898534,-0.22895247573103475,1.0686803915052965,1.261108279826795,2.7691498319051213,4610.176323989123,2504.1319673444505,1.841027703055947,7160.570133832533
balanced_interleaved.csv,374,95744.0,96000.0,1,692.9623983739838,691.40625,68.6083511311014,64.07891201821532,28.532608695652172,86.58478460128322,370,255.99609375,1.445334554055085,1.0,0.22208266538575197,0.2092420346570313,-0.20287164301061947,1.055857672881875,1.23166097898173,2.695964583314294,4769.852997457067,3055.9168889679527,1.5608582205479897,7841.724653045588
balanced_interleaved.csv,375,96000.0,96256.0,3,685.5835288203754,687.5,54.157353016114406,35.28435813642445,16.666666666666664,87.51668830672878,374,255.99609375,1.4609597924773021,1.0,0.1927044101844101,0.21411809454713682,-0.23066905925876363,1.0578877656513372,1.2987599121224347,2.9053057808132854,4139.263974309036,1257.3119129269835,3.2921536269174103,5396.610796600883
balanced_interleaved.csv,376,96256.0,96512.0,3,619.3871359223301,621.09375,47.74813428927015,31.27137726849024,7.2992700729927,96.86994856722997,413,255.99609375,1.6133058670939193,1.0,0.18258542234058858,0.2194122809270792,-0.2414435979824218,1.0595040320708398,1.3149904369690621,2.8730820122437466,3149.201813184245,820.5647021200208,3.837847040029786,3970.910304106255
balanced_interleaved.csv,377,96512.0,96768.0,3,697.5004269125683,691.40625,80.13994533516504,40.09915121265251,21.095890410958905,86.02145272596515,367,255.99609375,1.4336156252384222,1.0,0.18821972018038935,0.2110867516033081,-0.23434649006959768,1.0427260681263895,1.2967903624241761,2.9254220735286403,6374.3458842768805,1365.5266819141243,4.668049309253814,7745.618607314417
balanced_interleaved.csv,378,96768.0,97024.0,3,665.8677382506528,660.15625,83.3320766547146,62.02525436063369,28.01047120418848,90.10798474428293,385,255.99609375,1.5039291981383993,0.9973958333333334,0.20041929465865943,0.21412136922972227,-0.23579227677923179,1.0526441276807272,1.2243580788023445,2.6635586084054443,4908.551092834715,2975.5340382321874,1.6496370163357177,7918.127846725565
balanced_interleaved.csv,379,97024.0,97280.0,0,677.9053381962865,664.0625,86.992009635238,53.54199281981562,33.51063829787234,88.50793262617307,378,255.99609375,1.4765850308995194,1.0,0.21346382934394173,0.21255676746656377,-0.22140748362575388,1.0523683186863735,1.1879780685496513,2.552619836222294,5769.909639720557,3370.9817577303147,1.7116407190543335,9147.550551512197
balanced_interleaved.csv,380,97280.0,97536.0,2,715.3155723314607,722.65625,85.40412619431186,50.00979905078956,34.08450704225352,83.87906306085196,358,255.99609375,1.3984588387884336,0.9971988795518207,0.20094243610899193,0.2095499444040568,-0.2254558903643715,1.047140946936707,1.2471453200233427,2.8054450416641936,5495.058039088854,2659.5964709254386,2.0661247295070977,8155.444140357166
balanced_interleaved.csv,381,97536.0,97792.0,2,639.7830513784461,640.625,54.652949640349426,34.927587258215766,16.582914572864322,93.78179035960214,400,255.99609375,1.5625238422217136,1.0,0.20742221962653776,0.21411200275441392,-0.2208911278215459,1.06099543702431,1.2581461034201993,2.7492792180249213,3733.548868665357,1561.5524070121123,2.390921272894812,5296.780776486425
balanced_interleaved.csv,382,97792.0,98048.0,1,636.4175217661691,632.8125,59.73840673530251,52.036594846160405,17.955112219451372,94.27773112451332,403,255.99609375,1.5742427710383764,1.0,0.21174277795264038,0.2144053498290392,-0.21622681729494841,1.0569538640427822,1.2288321985254704,2.6266858671913127,3720.736998243086,2135.2163363120767,1.7425573863253145,5864.939858152275
balanced_interleaved.csv,383,98048.0,98304.0,1,631.2944771039604,628.90625,61.333223645971046,55.833452264469244,16.87344913151365,95.04280835030862,405,255.99609375,1.582055390249485,1.0,0.21226958111504954,0.2132316687427936,-0.21314180305922198,1.0644037418182024,1.2712426616873511,2.794176350121581,3978.0702229973895,2201.4019424872345,1.807062193514194,6202.330956477078
balanced_interleaved.csv,384,98304.0,98560.0,0,700.1926369863014,695.3125,92.74486762067231,71.4101662870014,34.34065934065934,85.6907040014673,366,255.99609375,1.429709315632868,1.0,0.2184517610792505,0.20978349475736277,-0.2131042000292037,1.059290844833848,1.2241801026308265,2.706214357807897,6118.057821806979,3689.003116550459,1.658458295781517,9864.938660557365
balanced_interleaved.csv,385,98560.0,98816.0,0,670.9292763157895,660.15625,92.66662843221587,72.48292347197734,32.98153034300791,89.428203713918,381,255.99609375,1.4883039597161822,1.0,0.2093794783435969,0.21546165773901954,-0.22564963546493133,1.054384468984243,1.1720066800244078,2.485138562045589,4975.398788617123,4477.577154141997,1.111181028787994,9482.780428609103
balanced_interleaved.csv,386,98816.0,99072.0,3,649.6799459287532,640.625,73.61188099976415,60.040078822824846,22.448979591836736,92.35316616434373,394,255.99609375,1.539085984588388,1.0,0.20070873896011562,0.2166740413356783,-0.2346829835547638,1.0589883290448445,1.2293696632235325,2.6719316103138393,4937.653517723433,2678.4710138341775,1.8434597545467857,7644.142116282144
balanced_interleaved.csv,387,99072.0,99328.0,0,679.438164893617,675.78125,89.34997193022356,68.98161741845915,30.666666666666664,88.30825688073395,377,255.99609375,1.4726787212939652,1.0,0.22914346714196163,0.2108039580554827,-0.20297781468090303,1.0681766552499186,1.1915541480307486,2.6050937349503718,5620.633477552333,3992.129949490406,1.4079284864636745,9625.85678405691
balanced_interleaved.csv,388,99328.0,99584.0,2,601.9485294117648,601.5625,48.87006211000683,28.71561248599622,9.433962264150944,99.67629634153789,426,255.99609375,1.664087891966125,1.0,0.1920077002304932,0.21880375110780495,-0.2348874712833941,1.0601164691156872,1.2703159774366513,2.75225141808526,2947.391377860528,1201.041635136005,2.4540293122534154,4149.568342514207
balanced_interleaved.csv,389,99584.0,99840.0,0,727.8534544159544,726.5625,77.07205158826373,62.57041234574111,38.857142857142854,82.43417632488304,352,255.99609375,1.375020981155108,1.0,0.24238583918769346,0.2047351034747783,-0.18725933345400153,1.0568016816162882,1.153556414984569,2.5048504095105253,5058.419157604462,4290.179517749735,1.1790693458575088,9366.54506724911
balanced_interleaved.csv,390,99840.0,100096.0,1,668.214812992126,660.15625,79.39967738210198,69.21225474827155,20.789473684210527,89.79148446490218,382,255.99609375,1.4922102693217365,1.0,0.2006554551705967,0.214664623272162,-0.2247562095990188,1.0634369452507528,1.277832051028771,2.81874976334126,4713.8433621495815,3279.4689221829667,1.4373800984251526,8076.238690980329
balanced_interleaved.csv,391,100096.0,100352.0,2,677.9260610079575,675.78125,69.29080901358111,54.09621398258693,27.393617021276594,88.50522711988752,378,255.99609375,1.4765850308995194,1.0,0.20515929031868618,0.2132115601745225,-0.232018864062699,1.0521639588605662,1.2205080572557507,2.69586124453909,5181.1499629929285,2437.867474884894,2.1252795799482747,7627.140275084762
balanced_interleaved.csv,392,100352.0,100608.0,2,711.4815459610028,707.03125,78.73394298631602,67.99443062982608,36.312849162011176,84.33106992108644,360,255.99609375,1.4062714579995423,1.0,0.21168405838339738,0.20987601732501543,-0.21734605088031736,1.0526447975363336,1.2279286097452502,2.711132771475012,5703.115931309697,3298.7407567650944,1.7288766689572932,9010.65116481907
balanced_interleaved.csv,393,100608.0,100864.0,1,725.8057336182336,726.5625,77.3963864819876,70.26660208309188,32.857142857142854,82.6667484436812,353,255.99609375,1.3789272907606622,0.9971590909090909,0.20680927930048246,0.2107263699270984,-0.22093838624151044,1.0575086582649804,1.263272815897633,2.824528365819127,5388.3979605503555,3560.1624586687426,1.5135258638071387,8980.885347334013
balanced_interleaved.csv,394,100864.0,101120.0,3,689.9493243243244,689.453125,78.61532323961181,71.12062881581673,18.428184281842817,86.96290855673888,371,255.99609375,1.4492408636606393,1.0,0.20056004552531803,0.21187126038500761,-0.22497390111380236,1.0586882985070802,1.280887223516611,2.8757622042266178,5586.933827112664,2527.8702144617196,2.2101347589564986,8138.877788400413
balanced_interleaved.csv,395,101120.0,101376.0,3,716.0582983193277,722.65625,69.40459434685745,41.16895497395211,22.752808988764045,83.7920601448611,358,255.99609375,1.3984588387884336,1.0,0.20178531635789415,0.2096559271962598,-0.21916071683537755,1.0459590430154304,1.2809893555178598,2.8515026495452407,5116.116622909223,1572.568471767919,3.253350626543824,6689.050691735973
balanced_interleaved.csv,396,101376.0,101632.0,3,592.7983613689095,593.75,43.02463165331979,23.486655091505785,4.4186046511627906,101.21485467916278,433,255.99609375,1.691432059205005,0.9976851851851852,0.17695729645323555,0.22285135962452493,-0.2552475760480669,1.0621268259710277,1.290970926077919,2.773479957745458,2618.2690921597264,768.981465579807,3.404853314878751,3388.3251687246834
balanced_interleaved.csv,397,101632.0,101888.0,0,646.5042036802031,644.53125,66.65237987528069,54.1255117360952,16.793893129770993,92.80682114432057,395,255.99609375,1.5429922941939422,1.0,0.21845656808762676,0.21129440930316956,-0.20499248597211153,1.06299414684076,1.2426583737299226,2.7222382713301077,4433.010116145224,2010.4514217474157,2.204982457269325,6461.975936882767
balanced_interleaved.csv,398,101888.0,102144.0,2,654.5316496163683,652.34375,66.63925514937223,48.997103443298904,29.743589743589745,91.66860003663227,392,255.99609375,1.5312733653772794,1.0,0.21442595277978196,0.2140595276776362,-0.2195574289764134,1.0640736573647795,1.2102089800681741,2.6095632112496983,4784.774406849139,2978.089473463521,1.6066590508727874,7769.358109073707
balanced_interleaved.csv,399,102144.0,102400.0,2,640.095006281407,636.71875,75.82986178049858,58.735266760419705,21.662468513853906,93.73608512987212,399,255.99609375,1.5586175326161593,1.0,0.20268520171068516,0.21580886346969783,-0.22849828604432942,1.0619923980647068,1.242810384155408,2.718457434535752,4704.618205412676,2591.3204995937444,1.8155292663143152,7327.690356373171
balanced_interleaved.csv,400,102400.0,102656.0,2,654.6615249360614,628.90625,98.98264742030732,56.70879656342811,24.615384615384617,91.65041432037724,392,255.99609375,1.5312733653772794,1.0,0.2052611933468398,0.2142939764159663,-0.22759801139083144,1.0635452000664372,1.2410854379975345,2.745212623439998,5758.061492864093,2852.8752398287443,2.0183362428459173,8635.245664869057
balanced_interleaved.csv,401,102656.0,102912.0,1,765.1440503003003,761.71875,88.08831722801364,84.04072255158601,41.265060240963855,78.416606619958,334,255.99609375,1.3047074082551309,1.0,0.2156107158604499,0.20576036536640163,-0.2075919519838632,1.0397722746461535,1.2052171009431367,2.6815439472401534,7014.32566234139,4943.8763355314395,1.4187906788706899,12001.439839204986
balanced_interleaved.csv,402,102912.0,103168.0,1,782.6639187116565,777.34375,86.1604647864195,83.04773149297823,43.07692307692308,76.66125723384059,327,255.99609375,1.2773632410162508,1.0,0.22830755514533205,0.2021643426073105,-0.1891155637728106,1.0375460326076904,1.1987075813811132,2.638820079761927,7641.325311228604,4586.330755418449,1.6661086429932856,12285.00589326149
balanced_interleaved.csv,403,103168.0,103424.0,0,699.6147260273973,695.3125,73.77780324576318,63.58485782645321,34.89010989010989,85.76148809888025,366,255.99609375,1.429709315632868,1.0,0.22922484498405057,0.20912853370146697,-0.20153448023826562,1.0666686986286993,1.21652573859574,2.691880975466886,5154.161366781643,3463.5570780748153,1.4881121490414513,8631.847444862191
balanced_interleaved.csv,404,103424.0,103680.0,3,645.9651898734177,640.625,63.07541058582037,39.221796072578655,17.00507614213198,92.88426209430497,397,255.99609375,1.5508049134050508,0.9974747474747475,0.19686600090339174,0.21683565701453542,-0.23093514341213686,1.0615130419140462,1.2503597401970732,2.6939589727336495,4087.6811007673164,1841.9712347809696,2.219188347560371,5931.962535081151
balanced_interleaved.csv,405,103680.0,103936.0,0,694.3783967391304,687.5,91.18638729127018,78.96822277333169,28.610354223433244,86.40821817292407,369,255.99609375,1.4414282444495308,1.0,0.22345970516622915,0.21178852326099026,-0.2192169817234064,1.0604170727539115,1.160357516326336,2.560094747684479,6908.520475401413,3567.592260041177,1.9364658211590793,10488.035180937595
balanced_interleaved.csv,406,103936.0,104192.0,0,657.6896746134021,652.34375,89.32247886926201,66.20793985057311,31.266149870801037,91.228435409555,389,255.99609375,1.5195544365606164,1.0,0.2275181345969613,0.21337741106617003,-0.2126379974236945,1.0595847403818714,1.1371057144145393,2.3933474396805376,4536.048294939469,3854.354417479602,1.1768633092920482,8402.030674576923
balanced_interleaved.csv,407,104192.0,104448.0,2,634.3149038461538,617.1875,83.31390866896021,44.67637702197725,20.8955223880597,94.59024159166272,404,255.99609375,1.5781490806439307,1.0,0.20141171457179874,0.21560180347871724,-0.2306106487285224,1.0578339110751915,1.2380060176515286,2.714585371472598,4909.057962544018,2403.8574274438624,2.0421585350692184,7319.333126733465
balanced_interleaved.csv,408,104448.0,104704.0,0,681.6510695187166,683.59375,68.4844064719715,49.059125998208636,31.099195710455763,88.0215739151753,375,255.99609375,1.4648661020828564,1.0,0.2257084072670443,0.20965304919747954,-0.20433274259479609,1.057512608808894,1.1995417409219873,2.6044449558381597,4135.562689173539,3092.594467904628,1.3372470047699365,7229.44141905948
balanced_interleaved.csv,409,104704.0,104960.0,1,716.8736832865169,714.84375,61.846989684660606,47.385715462885834,30.422535211267604,83.69675355486507,357,255.99609375,1.3945525291828793,1.0,0.21478659236333986,0.2092541402865096,-0.20636226669005148,1.058859944986123,1.2602905540677678,2.801154864369157,4304.868253527765,2433.4669489090365,1.769026801641053,6743.01730037374
balanced_interleaved.csv,410,104960.0,105216.0,2,631.4395111386139,628.90625,54.179756828120595,34.40455072876733,17.3697270471464,95.02097816433405,405,255.99609375,1.582055390249485,1.0,0.19704509635827833,0.21612022454003518,-0.23188693263065235,1.0623476754284764,1.2747418360777436,2.7895682144342953,3798.796956606203,1535.9103249494967,2.4733194997768595,5343.340540576587
balanced_interleaved.csv,411,105216.0,105472.0,1,700.1926369863014,695.3125,76.78722206783488,49.77153520484007,29.120879120879124,85.6907040014673,366,255.99609375,1.429709315632868,1.0,0.22325414645248848,0.2077066008862324,-0.20035006198965702,1.0618365279725834,1.2383175707793677,2.7695716191619155,6226.554504617936,2325.153760720593,2.6779108589740117,8554.943389972956
balanced_interleaved.csv,412,105472.0,105728.0,1,694.1767153532609,687.5,75.19571366729564,52.86007746912336,32.9700272479564,86.43332262947841,369,255.99609375,1.4414282444495308,1.0,0.20778809110247037,0.2126954118902712,-0.2246378527940456,1.0525243212705648,1.191008403853252,2.564852845410673,5730.80339871935,3033.282585144294,1.8893074541707213,8769.490307426397
balanced_interleaved.csv,413,105728.0,105984.0,3,650.1769243002544,648.4375,78.07891702078038,60.85244495416526,17.602040816326532,92.28257380031492,394,255.99609375,1.539085984588388,1.0,0.17974099204504895,0.2178404269083059,-0.25333388692206993,1.0505886151478647,1.2790087300879946,2.8329015464189657,4941.012444668275,2224.2128822854415,2.221465617801496,7203.263601161611
balanced_interleaved.csv,414,105984.0,106240.0,3,600.6341911764706,601.5625,52.13209942847622,46.118430717515274,8.018867924528301,99.89441307441582,427,255.99609375,1.6679942015716793,0.9976525821596244,0.16492844589001085,0.2236255024218199,-0.2701354254382996,1.0532538355142946,1.3037137970666428,2.8474484162004225,3227.7706075354376,1309.0714523434985,2.4656947500895274,4556.09683949491
balanced_interleaved.csv,415,106240.0,106496.0,3,601.8112470518868,601.5625,43.24585281863879,23.99269766071985,5.4373522458628845,99.69903403089265,425,255.99609375,1.6601815823605708,1.0,0.16604814535425386,0.22384067977474703,-0.2683675565678686,1.0544715996865328,1.2983628403016882,2.8259211355730587,2619.7220981335768,740.1555752054123,3.539420881085083,3360.1701038111005
balanced_interleaved.csv,416,106496.0,106752.0,0,693.0470867208672,691.40625,69.81416486570123,63.299620127853075,31.521739130434785,86.57420419136066,370,255.99609375,1.445334554055085,1.0,0.22744548088862357,0.2092049851365988,-0.20383998357644634,1.0585334459944484,1.1932237015832345,2.598918794545912,4571.710130896677,3514.122756654234,1.3009534519645987,8090.189899296953
balanced_interleaved.csv,417,106752.0,107008.0,2,758.0101376488095,750.0,79.13587488856946,66.78959534719304,35.82089552238806,79.15461419303385,337,255.99609375,1.3164263370717937,1.0,0.22035742690063945,0.20424471474229103,-0.20121830404891333,1.0515515207067876,1.2614614658596026,2.873588404131598,6493.470248576489,3551.8248155472024,1.828206791098758,10057.39155978757
balanced_interleaved.csv,418,107008.0,107264.0,2,630.3494458128079,617.1875,83.46311988918556,57.27456605056789,16.049382716049383,95.18529824775628,407,255.99609375,1.5898680094605935,1.0,0.20077686375163306,0.21644176767712314,-0.2257883385308799,1.070536854883395,1.2780633478449033,2.8077901675417207,4757.410069037339,2321.4436100902963,2.049332599921431,7116.92467990437
balanced_interleaved.csv,419,107264.0,107520.0,2,678.700548537234,667.96875,94.0764709093661,63.540812835793446,28.799999999999997,88.40423089286534,377,255.99609375,1.4726787212939652,1.0,0.20367236443921793,0.21453939105534112,-0.23224372819396616,1.063392826499188,1.242998328910142,2.7465856905194412,5410.348772992997,2804.113138045594,1.929433124358132,8242.359078924408
balanced_interleaved.csv,420,107520.0,107776.0,1,715.502106741573,714.84375,80.99904099639767,71.650452498221,36.61971830985916,83.8571954361428,357,255.99609375,1.3945525291828793,1.0,0.20919162782813916,0.2113587518742301,-0.21953808864061405,1.0576118300827724,1.2444688675604612,2.770365958996348,5166.223537445879,3824.181313537704,1.3509358249195218,9036.51724878771
balanced_interleaved.csv,421,107776.0,108032.0,1,692.2954776422764,687.5,77.11346198298341,67.38896573196848,29.891304347826086,86.66819578879765,370,255.99609375,1.445334554055085,1.0,0.20434056154540636,0.21313607096713744,-0.22745855023244632,1.0569041014673413,1.2457952415469857,2.764634863263937,5103.963678298781,3458.641451444646,1.4757134412319315,8586.51305418334
balanced_interleaved.csv,422,108032.0,108288.0,0,766.3170983483484,761.71875,86.29043064352416,85.95113656525432,43.674698795180724,78.29656956541704,334,255.99609375,1.3047074082551309,1.0,0.2392657097855907,0.20337473138793177,-0.17900085992136994,1.0580504945034368,1.1812956715151584,2.593279418536361,6165.198875203589,5679.655758679915,1.0854881241317562,11868.09161645062
balanced_interleaved.csv,423,108288.0,108544.0,3,729.7209821428571,730.46875,65.30657292065614,45.6080268797803,25.787965616045845,82.2232078674885,351,255.99609375,1.3711146715495537,1.0,0.20529472689034106,0.2088063563835036,-0.21783095144600761,1.0449483110505562,1.2637900901761854,2.8064578241195246,5383.92790865978,2011.95575348293,2.6759673513393984,7423.12092696286
balanced_interleaved.csv,424,108544.0,108800.0,0,659.1494845360825,656.25,73.79018570046469,71.90441921933831,22.22222222222222,91.02639296187684,389,255.99609375,1.5195544365606164,1.0,0.2231478108275423,0.21043722446459528,-0.20058645436530487,1.0659854015912709,1.2512937259864196,2.765163233364503,4608.690180284824,3123.603028122574,1.475440425301052,7750.873976552678
balanced_interleaved.csv,425,108800.0,109056.0,2,654.0564903846154,644.53125,83.0404620635965,64.84894005850148,26.221079691516707,91.73519547939541,391,255.99609375,1.527367055771725,1.0,0.2118070305781649,0.21524248660850442,-0.22629309380982032,1.0585765040377957,1.1815008791563055,2.50199456133124,5497.197908754769,3326.095634085725,1.6527480005143733,8854.561172564625
balanced_interleaved.csv,426,109056.0,109312.0,2,637.7734375,632.8125,60.944465634757265,41.31673082474943,23.809523809523807,94.07729527776077,402,255.99609375,1.5703364614328221,0.9975062344139651,0.20570976177394537,0.21545604472097915,-0.22916765375062204,1.0597147848741821,1.2206306711270454,2.64313507002766,4026.196070681834,2311.730509619109,1.7416372946279142,6343.2257262121775
balanced_interleaved.csv,427,109312.0,109568.0,0,648.3185279187817,636.71875,80.84666492389164,63.21773988031919,27.735368956743002,92.54710056275998,395,255.99609375,1.5429922941939422,1.0,0.2165810301315012,0.21440216262784645,-0.21696865404567287,1.056023614767607,1.1742230759623749,2.501219355577139,4572.460683928141,3597.8794207521396,1.270876577340178,8177.977617236325
balanced_interleaved.csv,428,109568.0,109824.0,1,637.5370168329177,628.90625,67.7225932722017,40.65128356483655,21.5,94.11218237657951,402,255.99609375,1.5703364614328221,1.0,0.19875604563478527,0.21623765841902023,-0.23763056266796898,1.056857600697406,1.2343938973188453,2.6932749567120657,4041.885261935824,2307.750078442178,1.751439767977066,6363.062103419644
balanced_interleaved.csv,429,109824.0,110080.0,2,748.6787683823529,750.0,75.77889280796825,69.97046334976567,32.448377581120944,80.14118008133201,341,255.99609375,1.3320515754940108,1.0,0.21549997999748838,0.20640627814143145,-0.20480159886791433,1.0512485357392134,1.2576648411552913,2.832702002617876,5501.535072069433,3267.2544541956345,1.683840407656237,8774.488741740488
balanced_interleaved.csv,430,110080.0,110336.0,1,659.2300257731958,656.25,62.20348448134382,58.4090813001098,21.963824289405682,91.01527183872939,389,255.99609375,1.5195544365606164,1.0,0.20999374174700106,0.2138032592057644,-0.21668110944054558,1.0664655520099964,1.261515990123659,2.7760315651245673,3686.7024276055226,2528.148045958743,1.4582620798250856,6226.803217243539
balanced_interleaved.csv,431,110336.0,110592.0,3,672.0189144736842,671.875,68.32011989253144,69.43959868161907,17.41424802110818,89.28320127267722,381,255.99609375,1.4883039597161822,1.0,0.18887790595001716,0.214855699885528,-0.23540272753065986,1.0568607677432775,1.3126666478334117,2.9364787758548143,5141.888456906727,2326.499470174139,2.2101395348789206,7477.024715823975
balanced_interleaved.csv,432,110592.0,110848.0,3,645.8465189873418,644.53125,65.78993075120515,55.97605515746384,15.48223350253807,92.90132908678875,396,255.99609375,1.5468986037994965,1.0,0.18299839959759429,0.21863921807319886,-0.252574522861818,1.0580976745052786,1.2821871221631083,2.8130575275071505,4750.41868371621,1853.2691791338489,2.5632642776352563,6630.695966924711
balanced_interleaved.csv,433,110848.0,111104.0,3,694.2616338315217,679.6875,79.03147449023116,44.6644150003528,27.79291553133515,86.42275055423897,370,255.99609375,1.445334554055085,0.997289972899729,0.19346977439222332,0.2140604085839489,-0.24163913078097546,1.054992259530604,1.248191222934282,2.8103781697427683,6535.65850779658,1859.4065121958859,3.514916434318725,8400.43731179158
balanced_interleaved.csv,434,111104.0,111360.0,3,691.7459239130435,695.3125,86.40051715666613,44.14993492973764,25.885558583106267,86.73704885833537,370,255.99609375,1.445334554055085,0.997289972899729,0.2076275308148449,0.2104402615644562,-0.21695574411459898,1.0517265491557777,1.2454327768742979,2.7568259016867067,4810.614866916996,2200.992579007943,2.185657013475844,7015.83792731539
balanced_interleaved.csv,435,111360.0,111616.0,0,645.5669981060606,640.625,66.11596523060703,49.686190746822085,24.556962025316455,92.94155397662159,397,255.99609375,1.5508049134050508,1.0,0.21854796405537447,0.2127228585123873,-0.21186437850701473,1.05912424374974,1.2088640574962772,2.602478996781471,3851.7324443101134,2817.6742025164785,1.3669899951066424,6678.441248052639
balanced_interleaved.csv,436,111616.0,111872.0,2,733.9933548850574,730.46875,71.3975397180976,66.28628552096826,27.953890489913547,81.7446092674721,349,255.99609375,1.3633020523384451,1.0,0.1914633795107767,0.21104461846182507,-0.23929932121378655,1.0439253415290297,1.2631918157370097,2.823470588540239,5406.322790849527,2757.7474815244427,1.9604125566496722,8179.98298123097
balanced_interleaved.csv,437,111872.0,112128.0,2,675.532576259947,675.78125,62.651259520165155,44.58727869910753,23.670212765957448,88.81881068147307,378,255.99609375,1.4765850308995194,1.0,0.2056921275210601,0.21100312129560544,-0.21667860477504244,1.0539248320547743,1.256247404566054,2.7858177557783783,4865.102947626835,2068.762359072626,2.351697345173922,6935.200418099872
balanced_interleaved.csv,438,112128.0,112384.0,1,655.2083333333334,652.34375,56.98825591933494,36.38282228733198,18.76606683804627,91.57392686804451,391,255.99609375,1.527367055771725,1.0,0.21097222521390618,0.21175472356798428,-0.21140045413454636,1.0622956749582264,1.2937132027564056,2.8713142307972435,4243.42549049963,1527.4480719369762,2.778114404320461,5773.647567768201
balanced_interleaved.csv,439,112384.0,112640.0,1,691.3533197831978,691.40625,70.6874216210958,48.74866156298278,30.706521739130434,86.78630489373431,371,255.99609375,1.4492408636606393,0.9972972972972973,0.21328628498815266,0.21187802792918692,-0.21662495274598267,1.0631264295918,1.2318376668410818,2.7171313836490576,5169.495138301487,2717.942056630055,1.9019887218313565,7892.275386971222
balanced_interleaved.csv,440,112640.0,112896.0,1,716.5883953651686,710.9375,76.86874707171152,57.98762197078429,39.436619718309856,83.73007487711884,357,255.99609375,1.3945525291828793,1.0,0.21849099576236236,0.21058798385227495,-0.2139874380688865,1.0609154003278793,1.2057817880525166,2.6588584165940015,5569.460662864035,3532.544749815735,1.5766143268686263,9107.042555778777
balanced_interleaved.csv,441,112896.0,113152.0,0,691.5329391891892,695.3125,72.56979448256148,61.26477493023102,33.06233062330624,86.76376293853623,371,255.99609375,1.4492408636606393,1.0,0.2210090555018837,0.210918515371762,-0.20941717158818726,1.0562260434805941,1.189337779338845,2.56148968825733,4900.201902452162,3527.8486217766635,1.3890057164596723,8433.893545953968
balanced_interleaved.csv,442,113152.0,113408.0,3,674.7995205026455,675.78125,64.70597305615335,37.999993626371534,16.445623342175068,88.91529732461447,380,255.99609375,1.484397650110628,0.9973614775725593,0.18529264878554172,0.21614579254459446,-0.24693042959272532,1.054260070930026,1.2740225202688589,2.8195752374242744,4465.01557056206,1661.4993201943091,2.6873411961672575,6131.572324228308
balanced_interleaved.csv,443,113408.0,113664.0,0,784.2548076923077,777.34375,88.28537154265977,89.67348962156836,46.60493827160494,76.50574712643677,326,255.99609375,1.2734569314106965,1.0,0.2557369413092696,0.20097743875422278,-0.16778669945052344,1.0538695005679921,1.1395119334666866,2.4725420899772654,6419.632075351471,5885.171553739428,1.090814773491598,12331.273069297697
balanced_interleaved.csv,444,113664.0,113920.0,2,650.749362244898,640.625,80.79832451924065,64.60680921385205,20.20460358056266,92.20139654538772,393,255.99609375,1.5351796749828337,1.0,0.21277175677066756,0.21292815704071466,-0.21634043692771474,1.0647043924465642,1.241028252555578,2.72149809491627,5648.873546813197,2616.186183276405,2.159201658858537,8286.930671231858
balanced_interleaved.csv,445,113920.0,114176.0,0,744.7385204081633,738.28125,112.4181208862996,75.66219330231624,37.719298245614034,80.56518946692357,345,255.99609375,1.347676813916228,0.997093023255814,0.2389421685962454,0.20308134864656696,-0.1914283578595643,1.0533755150069326,1.1849607582551878,2.666964581328018,7686.144192545057,3976.7473901563194,1.932771543792458,11703.580937315352
balanced_interleaved.csv,446,114176.0,114432.0,1,748.3340992647059,746.09375,99.29809032459409,72.37026713344295,46.312684365781706,80.17809165579182,342,255.99609375,1.335957885099565,0.9970674486803519,0.22331003786924403,0.20955537945485164,-0.21112753080701302,1.0545989947230376,1.163514887674,2.4875119870986095,6135.32092937731,5428.74493418585,1.1301545760129592,11569.271209803579
balanced_interleaved.csv,447,114432.0,114688.0,1,697.724556010929,695.3125,98.19062870188188,73.42622782186875,31.506849315068493,85.99382017315753,367,255.99609375,1.4336156252384222,1.0,0.20264096009614063,0.2141382728059947,-0.22714154040556722,1.0585396675972791,1.2339671147565867,2.7023175018969514,5243.281732274376,3595.5210510270954,1.458281472382586,8850.853640616257
balanced_interleaved.csv,448,114688.0,114944.0,2,638.173828125,632.8125,64.59292657366977,54.78182319536365,19.047619047619047,94.01827112886195,402,255.99609375,1.5703364614328221,0.9975062344139651,0.19306788008503403,0.21665409689460446,-0.23800736384249818,1.0588237187330691,1.2711712767564913,2.7983326006344917,4105.100318391714,2191.7327222845647,1.8729931239575324,6317.762039130172
balanced_interleaved.csv,449,114944.0,115200.0,1,662.7266839378239,664.0625,62.4031755911631,55.521099199959586,20.77922077922078,90.53505985829464,387,255.99609375,1.5117418173495079,1.0,0.19113101316105857,0.21797044159205575,-0.24084775951248605,1.062825008501681,1.2703077907463869,2.797426386376091,3514.0601777023408,2260.8469339739645,1.5543114064451777,5784.1717421749345
balanced_interleaved.csv,450,115200.0,115456.0,3,602.9444280660377,605.46875,44.31926176687747,25.548719883266383,6.619385342789598,99.51165846652202,425,255.99609375,1.6601815823605708,1.0,0.1868108772069622,0.2202475799906277,-0.23954402807466418,1.058991668203257,1.2880853052983057,2.779001446672752,2818.8621052193184,863.9642414565782,3.2627069153544257,3682.860355004416
balanced_interleaved.csv,451,115456.0,115712.0,3,683.7617607526881,683.59375,60.21875957960402,48.002945664770884,17.52021563342318,87.74986178512194,373,255.99609375,1.4570534828717479,1.0,0.19032423126375297,0.21397362153524746,-0.23213577009774647,1.0592430273357702,1.3230981489659908,2.990460030470401,4718.07930040376,1405.0694550617723,3.357897564000731,6127.530711826956
balanced_interleaved.csv,452,115712.0,115968.0,3,708.3730090027701,707.03125,78.12809434036318,67.24286619761598,22.5,84.70113801267853,362,255.99609375,1.4140840772106509,1.0,0.19559795341574393,0.21077183386155793,-0.23011553067656917,1.0535829372705015,1.2990482236258332,2.952971097113182,6815.913421301095,2268.1117927591013,3.00510470562375,9130.901137989054
balanced_interleaved.csv,453,115968.0,116224.0,3,748.3962609970674,746.09375,94.07031150628059,67.13785197527443,39.705882352941174,80.17143207004224,342,255.99609375,1.335957885099565,1.0,0.21284865562065058,0.20975286262992385,-0.2188887999771576,1.058642073757984,1.2194678037057312,2.736225500176536,6495.45909246685,3838.3374905196924,1.6922584604688828,10347.120518656808
balanced_interleaved.csv,454,116224.0,116480.0,0,715.9739290730337,703.125,119.11797533460496,85.77729946456171,39.718309859154935,83.80193406997594,357,255.99609375,1.3945525291828793,1.0,0.22344205274027776,0.2110293631177393,-0.21288583755231158,1.0579991305169236,1.1482797137064216,2.478281696090005,5597.692683110408,5828.222181574732,0.9604460002926594,11453.189777679967
balanced_interleaved.csv,455,116480.0,116736.0,2,618.3603208232446,617.1875,59.14572695477226,50.9872304462161,15.048543689320388,97.03080546972987,415,255.99609375,1.6211184863050279,0.9975845410628019,0.1970580263612924,0.217122127569183,-0.23115917982268738,1.0611884049197262,1.2790162291365017,2.7975942677508474,3806.651259928766,1868.172056944676,2.037634192085283,5690.629691844624
balanced_interleaved.csv,456,116736.0,116992.0,2,604.295951536643,601.5625,46.70997048990999,28.728881348844467,9.95260663507109,99.28909807756962,424,255.99609375,1.6562752727550165,1.0,0.19735988868505125,0.2190026254179165,-0.23256728305765254,1.0712814081735726,1.2740409239809,2.7734438624631634,2875.107570037361,1188.1100920333377,2.419899964924031,4063.9265458521963
balanced_interleaved.csv,457,116992.0,117248.0,1,758.9634486607143,757.8125,74.22391428086311,62.16019449468878,34.92537313432836,79.05519047837875,337,255.99609375,1.3164263370717937,1.0,0.20385719199524632,0.21064992337683383,-0.22274462240736234,1.053668786369071,1.2466500772679587,2.785960478728237,5532.8119283925835,3137.615521044998,1.7633811062197493,8671.382493882737
balanced_interleaved.csv,458,117248.0,117504.0,1,734.8127693965517,738.28125,90.48353143428747,54.9830073110047,35.44668587896253,81.65345309564181,349,255.99609375,1.3633020523384451,1.0,0.23465727950007487,0.20284367922862087,-0.17682586657937494,1.0560558315595885,1.2517633199837443,2.799677083847577,5992.545382461884,2915.5430378704477,2.055378810953489,8916.153832923424
balanced_interleaved.csv,459,117504.0,117760.0,0,765.4725037537537,761.71875,94.9944303527183,90.43698810842862,43.373493975903614,78.38295916021761,334,255.99609375,1.3047074082551309,1.0,0.24644891790424728,0.20233496178292368,-0.17715992936087763,1.0616824463374146,1.1766001228896055,2.6154627929356176,7833.067745367136,5469.560505566837,1.4321201378784927,13392.555603087018
balanced_interleaved.csv,460,117760.0,118016.0,0,677.8742539787798,636.71875,130.35255440995948,82.65100979032786,32.97872340425532,88.51199119575685,378,255.99609375,1.4765850308995194,1.0,0.21496387508271825,0.21859115773813514,-0.23618394263871093,1.057139456542863,1.058975077690063,2.15264648482051,5994.538486515326,5625.783946125905,1.06554722753677,11655.303577568615
balanced_interleaved.csv,461,118016.0,118272.0,3,602.910756501182,593.75,61.317165827784805,51.71539852902897,14.691943127962084,99.51721602744762,424,255.99609375,1.6562752727550165,1.0,0.1831204454766051,0.22223713799282194,-0.2542306300444738,1.0566766735873234,1.2454465180328886,2.660070253312549,3512.6785419445237,1818.728313869775,1.9313926742969478,5344.632531980452
balanced_interleaved.csv,462,118272.0,118528.0,0,659.7424095607236,652.34375,85.39267364400072,71.7549579051525,26.94300518134715,90.94458553899818,388,255.99609375,1.5156481269550621,1.0,0.21437297888985654,0.21368240073920522,-0.21997153937140507,1.0595932972175952,1.2120159236801626,2.6267950036009307,5594.204002131961,3811.2733609446605,1.4678044507270358,9420.393359274343
balanced_interleaved.csv,463,118528.0,118784.0,2,703.7276170798898,703.125,69.74953541186487,63.98431149399165,25.69060773480663,85.2602605663955,364,255.99609375,1.4218966964217594,1.0,0.2022391733701549,0.21199532276242258,-0.22388709497947964,1.0457753019712652,1.256942459483157,2.76176379448167,5298.4097278707695,2792.3269656439256,1.8974890093678294,8108.954219745998
balanced_interleaved.csv,464,118784.0,119040.0,0,678.6486037234042,675.78125,67.89999044031754,59.46470745149316,31.466666666666665,88.41099748943726,377,255.99609375,1.4726787212939652,1.0,0.21386892993415998,0.2128696331762276,-0.22096666461630177,1.0559905020617542,1.1978755242965706,2.596303311014962,4163.39252675005,3283.3099736574372,1.2680473546980537,7447.836968252557
balanced_interleaved.csv,465,119040.0,119296.0,1,711.2530466573816,707.03125,74.26658855175026,54.631355856983326,29.329608938547487,84.35816237551059,361,255.99609375,1.4101777676050966,0.9972222222222222,0.21869110701021602,0.20818269160008027,-0.20430627172482266,1.0552885433917298,1.2489538903257682,2.7685038737377985,5531.012936591249,3077.5613629950885,1.7972063865555086,8614.312845672488
balanced_interleaved.csv,466,119296.0,119552.0,2,733.1514906609195,734.375,75.99389247906498,54.115618971801375,37.17579250720461,81.8384750822935,349,255.99609375,1.3633020523384451,1.0,0.21483275363729767,0.20845881999512847,-0.21782456251802504,1.0585450658128703,1.2337325786511508,2.774631556328689,6158.9705432404,2982.631199755343,2.064945389073112,9149.731983557185
balanced_interleaved.csv,467,119552.0,119808.0,2,700.678228021978,703.125,81.15445706188602,58.51154989428443,35.81267217630854,85.6313177724683,365,255.99609375,1.4258030060273137,1.0,0.21290162904334742,0.21010327084294786,-0.21657853262598956,1.0540751198937022,1.2234736972294593,2.7079844259275836,5114.714099475391,3059.847490988057,1.6715585056246696,8182.388597336207
balanced_interleaved.csv,468,119808.0,120064.0,1,698.0874316939891,695.3125,81.85685058822543,68.84224334017506,29.589041095890412,85.94911937377691,367,255.99609375,1.4336156252384222,1.0,0.2100709893813036,0.2103237416859068,-0.217287505610754,1.053939507190561,1.2386785380070038,2.744630177811514,5786.6366769475335,3426.2248915468426,1.68892494220805,9253.49303977199
balanced_interleaved.csv,469,120064.0,120320.0,3,675.5229001322751,679.6875,77.6800957518763,63.44800243158191,16.445623342175068,88.82008291391944,379,255.99609375,1.4804913405050737,1.0,0.19204156605071232,0.21322570277780792,-0.23101663982425125,1.0490990287616098,1.2825913445799622,2.834913279986578,4907.874240755391,2200.8673171255837,2.2299727941642846,7141.248847188947
balanced_interleaved.csv,470,120320.0,120576.0,3,703.7276170798898,703.125,57.50211855441435,38.968507428124056,19.613259668508288,85.2602605663955,364,255.99609375,1.4218966964217594,1.0,0.20066516831652417,0.21179955386368843,-0.2236695453919452,1.0531977205281895,1.2781367227798701,2.845723518284018,4483.619953098426,1449.9948758526405,3.0921626191692044,5934.678481326262
balanced_interleaved.csv,471,120576.0,120832.0,3,624.4556081907091,621.09375,57.15301858421873,30.013822475311333,8.823529411764707,96.08369147943654,410,255.99609375,1.6015869382772565,1.0,0.17410051422238365,0.2230370042461368,-0.2649085160202865,1.0638938718024038,1.294506395630803,2.839849050106289,3693.8303673125,984.6346844626014,3.751472932652719,4679.335485243432
balanced_interleaved.csv,472,120832.0,121088.0,0,727.3415242165242,730.46875,84.39877514271026,58.76685738395167,32.857142857142854,82.4921965848583,352,255.99609375,1.375020981155108,1.0,0.22873399216006443,0.206283946631983,-0.20131402439043664,1.0545949501796865,1.1913426668177294,2.673566518963794,6052.374617161358,2780.8861510517636,2.1764194175559037,8833.781428035194
balanced_interleaved.csv,473,121088.0,121344.0,2,659.9947512919897,644.53125,95.07088969907612,57.771992859009046,28.756476683937827,90.90981387737624,388,255.99609375,1.5156481269550621,1.0,0.2118285996562073,0.2171272449651041,-0.23398069479166786,1.0580044392518257,1.1298457642692186,2.3489922989245526,4997.252362536619,4199.581883480902,1.1899404514990795,9202.228093510117
balanced_interleaved.csv,474,121344.0,121600.0,2,665.0899251302084,644.53125,85.8197670759828,44.92642001499678,27.415143603133156,90.21336473899144,386,255.99609375,1.5078355077439536,0.9974025974025974,0.2007411483084452,0.21508543570013613,-0.23505465712800383,1.0589617371396982,1.2311198985378429,2.728320109946038,5874.4072203040005,2268.015411636373,2.5901090398965216,8149.012667115252
balanced_interleaved.csv,475,121600.0,121856.0,2,742.961916909621,734.375,74.40142969959618,58.213694939300396,38.88888888888889,80.75784052239493,344,255.99609375,1.3437705043106738,1.0,0.221861428976022,0.20528040050104382,-0.20218978724435827,1.0526203071003026,1.2317531518519955,2.7561437507686337,6145.274005779967,3343.9651518765872,1.837720707804423,9495.524450706545
balanced_interleaved.csv,476,121856.0,122112.0,1,755.3739829881657,757.8125,86.07576745494839,76.4032741443811,36.49851632047478,79.43085326111901,340,255.99609375,1.3281452658884565,0.9970501474926253,0.2214874046379632,0.2067679529856477,-0.20146393321186637,1.054918979774748,1.2425471703760438,2.7754881607789663,5958.027560801395,3947.701206087113,1.5092397447948904,9933.152878326562
balanced_interleaved.csv,477,122112.0,122368.0,1,648.0805837563452,648.4375,60.99552666525146,54.56133495184932,20.10178117048346,92.58107942724268,395,255.99609375,1.5429922941939422,1.0,0.21466700437769526,0.21313275075301436,-0.2107490441737902,1.060431491478715,1.2332981233367908,2.6596374398597025,3973.532886834072,2277.1467672536064,1.7449612576471838,6278.738463771522
balanced_interleaved.csv,478,122368.0,122624.0,0,766.84496996997,773.4375,101.64878810261659,74.50861377508552,45.18072289156627,78.24267270390993,334,255.99609375,1.3047074082551309,1.0,0.2473327648404774,0.20187115051865814,-0.1836568592934835,1.0491913045830918,1.1361871728627961,2.5038277135839184,6416.427882454753,5013.152807042237,1.2799186718268913,11436.94936914312
balanced_interleaved.csv,479,122624.0,122880.0,3,673.7817447229552,652.34375,94.51988546057979,55.250754657020785,20.37037037037037,89.04960763618007,380,255.99609375,1.484397650110628,1.0,0.20049022443763226,0.21616214759342353,-0.23299614651087247,1.0517718024651819,1.189246371431038,2.520612220160089,5443.327442263722,3018.691172422224,1.8032077915065252,8470.704820341318
balanced_interleaved.csv,480,122880.0,123136.0,0,669.9782644356956,664.0625,74.31584785425314,65.0135745804568,25.789473684210527,89.5551440770043,382,255.99609375,1.4922102693217365,1.0,0.20752413533197195,0.21375264725975507,-0.230468369972203,1.0553550924589168,1.2003231222837778,2.63999962836387,5423.743511057696,2704.029333663702,2.005800544962669,8143.858815329685
balanced_interleaved.csv,481,123136.0,123392.0,0,693.2319972826087,691.40625,71.83683691459225,55.222769100784404,37.05722070844686,86.5511116555399,369,255.99609375,1.4414282444495308,1.0,0.21685801809031027,0.21149582950474943,-0.21414400875777573,1.0577208338831479,1.1921468967862439,2.5974758347410267,5180.226612535996,3462.4464171308723,1.4961174812427993,8645.162141463868
balanced_interleaved.csv,482,123392.0,123648.0,2,702.8236914600551,703.125,80.11899839407464,53.94678606912893,29.2817679558011,85.36991670749633,365,255.99609375,1.4258030060273137,0.9972527472527473,0.2038318910934192,0.21155973869119965,-0.22816884887240324,1.045808716968701,1.2121117972810824,2.6497310799284017,5343.090333154062,3148.8654874234744,1.6968302883988826,8494.209172604116
balanced_interleaved.csv,483,123648.0,123904.0,0,759.3425445103858,761.71875,83.97958850041202,68.88252465246326,46.42857142857143,79.01572279041368,338,255.99609375,1.320332646677348,1.0,0.23992521112505757,0.20423007122448913,-0.18795739376961237,1.050605641014556,1.159445085019865,2.527178686246203,5971.655702631274,4954.671995562618,1.2052575242073467,10928.356871152246
balanced_interleaved.csv,484,123904.0,124160.0,1,643.3080808080808,640.625,57.926105195968994,54.51487220506721,16.70886075949367,93.26790971540726,397,255.99609375,1.5508049134050508,1.0,0.20622027246875801,0.21507181250986956,-0.21481716943944196,1.0621273074974962,1.2712692925251718,2.7611470848570425,3459.2925890391025,2041.7560852066795,1.6942731867449932,5513.916289036173
balanced_interleaved.csv,485,124160.0,124416.0,2,687.3214885752689,687.5,67.39762334611578,59.559372580086766,25.336927223719673,87.29539378198761,373,255.99609375,1.4570534828717479,1.0,0.19939208519199036,0.21380082265980027,-0.2327797111770176,1.0588814140299867,1.268798374270564,2.823972360961651,5291.102867914303,2345.550537314849,2.2558042488274324,7638.953951519516
balanced_interleaved.csv,486,124416.0,124672.0,1,668.0607820680628,664.0625,72.25995478739995,66.44513827748109,23.62204724409449,89.81218716994995,383,255.99609375,1.4961165789272908,1.0,0.20959336705423245,0.212122929431008,-0.21919053391545648,1.0604335730048084,1.2640487304822037,2.7997729819668313,5472.805243881642,2648.342877928637,2.066501769650808,8134.754706657289
balanced_interleaved.csv,487,124672.0,124928.0,1,685.9353998655914,683.59375,75.21681380396028,63.52572592667173,29.649595687331537,87.47179400823599,373,255.99609375,1.4570534828717479,1.0,0.19624831173511117,0.2142372740124308,-0.23634530511493854,1.0524859115690641,1.2360098349691309,2.7042882948949076,5775.045948058856,2891.755657017081,1.9970725860067866,8695.836011694028
balanced_interleaved.csv,488,124928.0,125184.0,3,664.0016233766233,660.15625,85.39058314034907,60.53702981952548,21.354166666666664,90.36122486400588,387,255.99609375,1.5117418173495079,0.9974093264248705,0.18103053257204288,0.21586831239974405,-0.25280009373534656,1.0465041007190137,1.2599603506823507,2.7796651458010944,5444.046051673449,2481.1840059746305,2.1941323330169467,7953.892879321904
balanced_interleaved.csv,489,125184.0,125440.0,3,632.2323638613861,613.28125,83.36043383640491,58.66930612423152,16.377171215880892,94.90181684712792,405,255.99609375,1.582055390249485,1.0,0.18504738154622202,0.21732838139229968,-0.242562804406078,1.0519277430324359,1.266644686409152,2.7812697328500935,5269.5078275204005,2068.9170058331338,2.5469885030010753,7384.646712383225
balanced_interleaved.csv,490,125440.0,125696.0,3,716.3031074438202,726.5625,92.70417617011162,62.70494841021433,21.69014084507042,83.76342274168594,357,255.99609375,1.3945525291828793,1.0,0.20578205340112252,0.2101245424032742,-0.21195120717239402,1.0553541075999149,1.2881827433333213,2.8803746432376682,5730.316940691423,2463.593449588383,2.3259994223676976,8217.947581568442
balanced_interleaved.csv,491,125696.0,125952.0,0,675.8535879629629,675.78125,63.21565464577425,48.93111237852627,29.973474801061005,88.77662421063899,379,255.99609375,1.4804913405050737,1.0,0.21478802732038504,0.21339654538309394,-0.22130993477717728,1.0569711529501662,1.1946249791398538,2.5818509954575886,3998.1388304257443,3041.6341755560766,1.3144706429709938,7041.029959561971
balanced_interleaved.csv,492,125952.0,126208.0,2,693.900730298913,691.40625,78.58635597811313,66.99282131112979,24.795640326975477,86.46769974453504,369,255.99609375,1.4414282444495308,1.0,0.2021320995206926,0.2112870798153142,-0.2273405736893668,1.051498171518724,1.2595263257002838,2.789869916835239,5857.076779526742,2975.4376852528,1.9684756997453676,8860.454146018154
balanced_interleaved.csv,493,126208.0,126464.0,2,683.9602882037534,679.6875,70.60408122946889,52.622638368314504,24.193548387096776,87.72439136426274,374,255.99609375,1.4609597924773021,1.0,0.19510876664878313,0.21406062592845435,-0.23789213051224947,1.0565526107071617,1.259902538766771,2.800009218276676,5698.258844469617,2011.8929602735045,2.8322872821698093,7717.204000327471
balanced_interleaved.csv,494,126464.0,126720.0,2,676.1429398148148,671.875,65.59146465416288,57.408505820425425,27.851458885941643,88.7386327163796,379,255.99609375,1.4804913405050737,1.0,0.2000281192496532,0.2157841084627476,-0.2383488459262287,1.0607680189233288,1.2402708088277388,2.7328045869415485,4546.607359468368,2513.64032196639,1.808774039681068,7066.80631408734
balanced_interleaved.csv,495,126720.0,126976.0,1,676.7034151193634,679.6875,59.78061221784798,44.35503626328567,29.78723404255319,88.66513550757924,378,255.99609375,1.4765850308995194,1.0,0.21250457465498368,0.21373547088683245,-0.2154713016083553,1.0687308726438605,1.2603750938153144,2.796451119124532,3615.8528481539597,2507.264663633714,1.4421504441073234,6127.130089496954
balanced_interleaved.csv,496,126976.0,127232.0,1,683.4266377005348,679.6875,71.52766705137311,65.41942909683175,28.9544235924933,87.79289054619922,375,255.99609375,1.4648661020828564,1.0,0.2166458486288407,0.21043169774391998,-0.20468582109939518,1.0596441923132238,1.2438749830344284,2.7420612685499828,5044.241942549831,3266.932109287819,1.5440302319748727,8333.789953575244
balanced_interleaved.csv,497,127232.0,127488.0,0,676.9002818302388,675.78125,63.872207366433535,48.371367646010164,30.319148936170215,88.6393485282187,378,255.99609375,1.4765850308995194,1.0,0.22124369193210397,0.20992744614513867,-0.20527707175468202,1.0532842085058767,1.192672443725934,2.574817580872849,4187.471300835117,3036.1327406518276,1.379212194765934,7225.507919787885
balanced_interleaved.csv,498,127488.0,127744.0,3,725.5942841880342,726.5625,63.21005553996621,43.7111195219943,25.428571428571427,82.69083881654626,353,255.99609375,1.3789272907606622,0.9971590909090909,0.20475534066276094,0.20898002352712006,-0.21802972377520222,1.0452839875613809,1.2678363273696387,2.814280683075321,5377.774269047645,1812.3558660052277,2.9672838375287016,7199.134640725995
balanced_interleaved.csv,499,127744.0,128000.0,0,749.633431085044,757.8125,111.2381919282203,77.6100330166091,37.64705882352941,80.03911980440098,342,255.99609375,1.335957885099565,1.0,0.2388559890529004,0.20311892528340456,-0.1914993203140519,1.0482655358891133,1.162052209428682,2.596776540330043,6092.667093599939,4302.519846534681,1.4160694920459393,10460.12693521342
balanced_interleaved.csv,500,128000.0,128256.0,2,642.524008186398,617.1875,96.5278027097053,53.15104688636709,25.0,93.3817246290256,398,255.99609375,1.554711223010605,1.0,0.21546794527660784,0.2160994049863056,-0.2189893698982382,1.0651521181226165,1.171804760804502,2.46326485567299,4445.189717938064,3594.4788525149875,1.236671545536525,8059.343505224658
balanced_interleaved.csv,501,128256.0,128512.0,2,660.2470930232558,628.90625,103.18597509757252,54.522079919359264,27.72020725388601,90.87506879471657,388,255.99609375,1.5156481269550621,1.0,0.21101713190482566,0.21424802062110854,-0.23291798603283792,1.0590512195504203,1.181580498467847,2.582794797032826,5451.189601612565,3229.1984799362754,1.6880936973933351,8697.413393118844
balanced_interleaved.csv,502,128512.0,128768.0,0,735.1742615273776,734.375,84.76212162831362,71.63599642647353,43.0635838150289,81.61330332123661,348,255.99609375,1.3593957427328909,1.0,0.2321417132622994,0.20658806685462852,-0.19390430076148743,1.0559069976307514,1.1734139847096092,2.555178760937655,5203.263457411193,4958.743891193468,1.0493107874863192,10166.488500854795
balanced_interleaved.csv,503,128768.0,129024.0,1,689.2630912162163,687.5,69.47760455034526,65.53212997345959,27.371273712737125,87.04948917855009,371,255.99609375,1.4492408636606393,1.0,0.21436700367903697,0.2129491759103043,-0.21339073574982587,1.0696268027465314,1.2575610186058985,2.7954741849535516,4738.7577843817,3030.0346138354967,1.5639285976285455,7773.184659867655
balanced_interleaved.csv,504,129024.0,129280.0,2,679.7602227393617,679.6875,55.59839224957638,38.671480427279995,19.733333333333334,88.26641805871834,377,255.99609375,1.4726787212939652,1.0,0.19677298411155975,0.2135478954842672,-0.23726854040515505,1.0508438651534122,1.2602638974503748,2.774554166021251,3857.211713718002,1704.2954246268496,2.263229518768747,5568.255195949702
balanced_interleaved.csv,505,129280.0,129536.0,1,652.8232896419437,648.4375,59.82876704527446,52.383948160097134,19.230769230769234,91.90848572958912,392,255.99609375,1.5312733653772794,1.0,0.19247764448740814,0.21803944307629816,-0.24135244012933607,1.0592374907112805,1.263014878217581,2.7372749164100707,3440.6421148036466,2242.583286110283,1.53423158734558,5687.736888088805
balanced_interleaved.csv,506,129536.0,129792.0,3,606.7708333333334,593.75,75.59516477477892,46.91188820521266,10.739856801909307,98.88412017167381,421,255.99609375,1.6445563439383535,1.0,0.1817768516457793,0.21962742033764115,-0.2471776716406051,1.054131540175262,1.2946777515627141,2.807402878058383,4168.391598148493,1504.0310761885848,2.771479701544301,5680.944844592278
balanced_interleaved.csv,507,129792.0,130048.0,3,648.7845019035533,644.53125,75.4758924818415,53.68759703508398,14.75826972010178,92.48063081648559,395,255.99609375,1.5429922941939422,1.0,0.18552787310313207,0.2172480748236532,-0.24854666329911235,1.0586436043162473,1.2947182518597757,2.8723019608777474,5106.690091787265,1702.3156696784156,2.9998490777870654,6836.928848632278
balanced_interleaved.csv,508,130048.0,130304.0,3,651.5266262755102,656.25,61.27122866095277,40.35389325414914,17.391304347826086,92.09140130311094,393,255.99609375,1.5351796749828337,1.0,0.18867451486172426,0.21636776471829017,-0.24046655293920252,1.054306396373886,1.2698583276842452,2.772837989420288,4087.023547624921,1529.7356588849543,2.6717188187951435,5620.252162104698
balanced_interleaved.csv,509,130304.0,130560.0,3,658.545425257732,652.34375,69.49578286348515,59.65904175159054,23.772609819121445,91.10988809392772,390,255.99609375,1.5234607461661707,0.9974293059125964,0.20025457048385945,0.21447672642514876,-0.22580116521960825,1.0590360456827637,1.2537437506079394,2.740268270658987,4912.895140479104,2594.919604536207,1.893274509118055,7546.030789555783
balanced_interleaved.csv,510,130560.0,130816.0,0,684.1906836461126,675.78125,84.36235195126505,72.4280609569723,29.03225806451613,87.6948509153248,374,255.99609375,1.4609597924773021,1.0,0.2279825457006336,0.20935474676344493,-0.20297449056564196,1.060241738795079,1.1881754736756276,2.586518856185095,5675.799735655688,4054.0406594045708,1.4000352271970824,9748.66680500593
balanced_interleaved.csv,511,130816.0,131072.0,2,627.3802211302211,625.0,55.872138430792816,49.79133850795067,12.31527093596059,95.6357850936238,408,255.99609375,1.593774319066148,1.0,0.18693609480840687,0.21784536306328486,-0.23960026236796692,1.0551365907377552,1.276896263361703,2.7774455314620594,3440.5029205990763,1735.8232432316045,1.9820583311200786,5187.030005333011
balanced_interleaved.csv,512,131072.0,131328.0,2,646.3113132911392,648.4375,60.63810604479123,38.77941124177525,18.274111675126903,92.83451916456278,396,255.99609375,1.5468986037994965,1.0,0.2031519486492599,0.21237880927285224,-0.22047285932880042,1.0505938908599235,1.2627591830728215,2.754782783202308,4119.342761645134,1680.2796696306802,2.4515816242367268,5800.788752271326
balanced_interleaved.csv,513,131328.0,131584.0,1,699.7431506849315,695.3125,68.17129183332588,61.73132761498702,21.153846153846153,85.74574819527713,367,255.99609375,1.4336156252384222,0.9972677595628415,0.2129562005696848,0.20939266476077503,-0.20236524240827772,1.0580291612690556,1.3073767831417213,2.922788118100609,5155.528335934525,2401.481831466882,2.14681130141443,7585.350544189748
balanced_interleaved.csv,514,131584.0,131840.0,1,742.2442768895348,738.28125,88.1229409939733,77.88833047796493,43.14868804664723,80.83592136464469,345,255.99609375,1.347676813916228,1.0,0.2325056520995684,0.20479551197021226,-0.19621960533781838,1.0588863101699817,1.1867958508401806,2.6538423804757674,7622.3500283490075,4252.41815441459,1.792474246784966,11914.069090034713
balanced_interleaved.csv,515,131840.0,132096.0,1,717.7706866197183,714.84375,93.27769874065807,83.48363049234702,42.65536723163842,83.5921571032178,356,255.99609375,1.390646219577325,1.0,0.22492528604624787,0.20924465178201013,-0.21198843625864675,1.0547834864515127,1.1633167342571074,2.5203221245825027,6253.44403929927,5202.3061247046335,1.2020522993837308,11489.41148734343
balanced_interleaved.csv,516,132096.0,132352.0,0,699.6789383561644,695.3125,79.14637926835839,58.59911548236096,33.24175824175824,85.7536174248218,366,255.99609375,1.429709315632868,1.0,0.2165861381413478,0.21198927660149897,-0.2204540836889378,1.0550484119828512,1.1809732667450898,2.572358371436364,5211.7651715886705,3709.092607433367,1.4051321234589311,8925.41090609138
balanced_interleaved.csv,517,132352.0,132608.0,3,707.7129501385042,710.9375,60.764200840186035,43.00128976233106,21.944444444444443,84.78013577151243,362,255.99609375,1.4140840772106509,1.0,0.19208669526273806,0.21197501279456454,-0.22858135608537739,1.0492382837039285,1.2867463452134855,2.8578087120164017,4805.727118883919,1822.220192257353,2.63729221051525,6632.623001906996
balanced_interleaved.csv,518,132608.0,132864.0,0,709.8276462395543,703.125,75.30056687146491,71.7558612076099,37.43016759776536,84.52756146912748,360,255.99609375,1.4062714579995423,1.0,0.24713495146070183,0.20628475437899005,-0.18014871817695835,1.06764894557474,1.1815174521257574,2.5750022858335777,5033.771878493272,4207.531501812895,1.1963717624750703,9262.374768263722
balanced_interleaved.csv,519,132864.0,133120.0,2,735.298090778098,738.28125,77.794250670095,61.96390782755216,35.54913294797688,81.5995590801923,348,255.99609375,1.3593957427328909,1.0,0.22623743291975676,0.20570176929272715,-0.19923190841027547,1.054913071228039,1.228942124864245,2.7508071040889943,6652.726784269516,2909.752028407967,2.2863552355385655,9563.084208675105
balanced_interleaved.csv,520,133120.0,133376.0,0,748.1327895894428,750.0,92.08294098209123,76.82658396240068,39.705882352941174,80.19966620220796,342,255.99609375,1.335957885099565,1.0,0.23424252558733882,0.20387400832776,-0.1870839262681545,1.0535828348152099,1.2204455837284403,2.7074025150424283,7279.953733604582,3923.7736469163387,1.8553449787619216,11264.979525517678
balanced_interleaved.csv,521,133376.0,133632.0,1,781.1902714067278,773.4375,92.03148648030654,91.60406241070201,50.61349693251533,76.80587200856336,329,255.99609375,1.2851758602273595,0.9969512195121951,0.23621709486451997,0.20550192385551078,-0.19902437268042894,1.0582868312780225,1.1605207036437986,2.5481853872141276,7269.870974384082,6241.9868451852335,1.1646725881826727,13541.317917181055
balanced_interleaved.csv,522,133632.0,133888.0,1,729.8883928571429,730.46875,86.99286905689837,57.756146060590005,38.108882521489974,82.20434875684272,351,255.99609375,1.3711146715495537,1.0,0.2192205874504374,0.20856982473843033,-0.2116246715208671,1.0615710687778914,1.2106477304234842,2.6952668582323627,5486.489468244206,3484.5173496201633,1.574533548768891,8974.337178841031
balanced_interleaved.csv,523,133888.0,134144.0,2,681.3586229946524,679.6875,69.99748807017981,46.990927080915604,27.34584450402145,88.05935373106874,376,255.99609375,1.4687724116884109,0.9973333333333333,0.20900627197962424,0.21050236610295145,-0.21239741544881785,1.0519793559207453,1.2487617466883814,2.753821864443884,5149.291627342651,2513.9042498594845,2.0483244847652697,7666.02302284623
balanced_interleaved.csv,524,134144.0,134400.0,1,728.8727678571429,730.46875,81.7235599039171,70.538787908445,36.67621776504298,82.31889383986402,351,255.99609375,1.3711146715495537,1.0,0.22052072277584409,0.20740819960616944,-0.20213396987251392,1.0523624961685336,1.2209016083453956,2.6873256314175107,5483.827047059664,3624.983141439928,1.512786910474116,9123.203132074781
balanced_interleaved.csv,525,134400.0,134656.0,3,597.2911799065421,597.65625,41.06156280858565,23.14599654433667,4.449648711943794,100.45351751115457,429,255.99609375,1.6758068207827879,1.0,0.16322225753740077,0.2246110494639105,-0.2705572989586986,1.0547893782893005,1.3046326215008437,2.835980499772419,2464.250129462236,704.0205360651889,3.5002531932307988,3168.3065477521964
balanced_interleaved.csv,526,134656.0,134912.0,3,627.1070658866995,625.0,55.13378495136531,42.10248421167071,11.604938271604938,95.67744212092852,407,255.99609375,1.5898680094605935,1.0,0.1879376904717433,0.21748474241582336,-0.2385161676888032,1.05742441819236,1.3063040020482215,2.8783650455601517,3932.22698750625,1158.4330285485842,3.3944361828434646,5093.347844417984
balanced_interleaved.csv,527,134912.0,135168.0,3,711.1986420612814,710.9375,82.38339602376308,43.28303673983766,24.581005586592177,84.3646155258407,360,255.99609375,1.4062714579995423,1.0,0.20521007239452244,0.21000472679132381,-0.21865877052065474,1.058999763164774,1.2950438134611495,2.93897132933974,6863.646926642969,1543.9526451689994,4.445503525071963,8417.607087467286
balanced_interleaved.csv,528,135168.0,135424.0,3,702.1699004120879,703.125,81.96210411476115,70.20151412423299,34.710743801652896,85.44940471641883,365,255.99609375,1.4258030060273137,1.0,0.21992597904095643,0.2096289784900486,-0.210751482862011,1.0555470679250034,1.2058385943860874,2.6391148309912484,6024.007359523192,3559.942835969865,1.6921640703486243,9635.527252105834
balanced_interleaved.csv,529,135424.0,135680.0,0,711.8213163407821,705.078125,86.48204129066355,77.08960247805206,40.61624649859944,84.29081656115395,359,255.99609375,1.4023651483939878,1.0,0.23430107884268553,0.2068354228950368,-0.19373082889660362,1.0547826494990953,1.1760776750763944,2.567286645381916,6648.860319729643,4480.092936978842,1.4840898198449681,11150.993116569012
balanced_interleaved.csv,530,135680.0,135936.0,2,726.8843217329545,726.5625,75.38734414552306,53.76112064964014,35.32763532763533,82.54408329643823,353,255.99609375,1.3789272907606622,1.0,0.213181602826287,0.2075670470124931,-0.2122644510114756,1.0510273939953658,1.234284141681374,2.7579131614384265,6514.605746958818,2920.2347592222322,2.2308500117620342,9435.923080781298
balanced_interleaved.csv,531,135936.0,136192.0,2,745.9566885964912,748.046875,79.68441682718979,71.63554689614755,36.950146627565985,80.43362425355996,343,255.99609375,1.3398641947051193,1.0,0.201025749982475,0.20831699293640388,-0.2264785539817241,1.0419579795926057,1.2320341346825459,2.7600152346104867,6442.582330089402,3304.771091058488,1.9494791477451172,9775.1175495419
balanced_interleaved.csv,532,136192.0,136448.0,1,761.2523320895523,757.8125,81.38692945440822,75.07252489247506,41.61676646706587,78.81749253274106,336,255.99609375,1.3125200274662394,1.0,0.24105120331590163,0.2015121396171075,-0.17427923658346475,1.052096927598598,1.1930088815688056,2.621151032613164,6916.879277533778,4018.3104372404173,1.7213401964742074,10948.034276738812
balanced_interleaved.csv,533,136448.0,136704.0,1,646.6772151898734,640.625,73.148579231028,69.2916229950678,19.543147208121827,92.78199168093956,396,255.99609375,1.5468986037994965,1.0,0.20885678975575928,0.21322565585835712,-0.21526130739814103,1.0571410152422827,1.2739599417352419,2.7903720824367895,4475.4016163346,3182.822488599704,1.4061109698591991,7695.021182028375
balanced_interleaved.csv,534,136704.0,136960.0,0,677.7655418882979,675.78125,76.47155952809999,51.52105341811733,31.2,88.52618832293567,377,255.99609375,1.4726787212939652,1.0,0.23348690973355823,0.20914361659654562,-0.19578865496268724,1.0690412463333008,1.2078216099105927,2.6787635247929797,5130.309619777535,2874.5635082609215,1.7847264828326281,8018.467498843292
balanced_interleaved.csv,535,136960.0,137216.0,0,691.3429054054054,683.59375,81.99920904010239,58.54927173625678,34.68834688346883,86.78761224115814,371,255.99609375,1.4492408636606393,1.0,0.2199783273155447,0.2122762735200073,-0.21701877451426602,1.055882273281572,1.1563391202870068,2.443215316263073,5295.693808037751,4002.3630293925335,1.3231417962706686,9307.700913836503
balanced_interleaved.csv,536,137216.0,137472.0,3,672.6273911609499,667.96875,69.21453466144227,44.84430306334466,28.04232804232804,89.20243330626255,380,255.99609375,1.484397650110628,1.0,0.20621113032214738,0.21199529739003917,-0.2204937570800983,1.0532793163503933,1.236966789325852,2.708434271639973,5071.922230041522,2234.115171398041,2.2702152041999106,7311.146350317751
balanced_interleaved.csv,537,137472.0,137728.0,0,686.3659274193549,679.6875,80.3851609924878,70.32478273221004,31.266846361185983,87.41692674866898,373,255.99609375,1.4570534828717479,1.0,0.22910534879159797,0.20817239651049288,-0.19972718755427094,1.057338012815191,1.1981860226574885,2.614571338984476,5797.926254089977,4002.5067608890768,1.4485737565130519,9827.792925687529
balanced_interleaved.csv,538,137728.0,137984.0,2,718.0367801966293,714.84375,62.04345107530219,45.769403721388414,27.887323943661972,83.56117911337276,357,255.99609375,1.3945525291828793,1.0,0.21039591176050979,0.20825063136436817,-0.20826199519258742,1.054238733435766,1.2700642665438566,2.8406147780922435,4711.168702610988,2163.912111656354,2.177153442246252,6876.876028790559
balanced_interleaved.csv,539,137984.0,138240.0,0,795.3782126168225,792.96875,92.13127598260523,82.39462162353409,51.5625,75.43581034561895,322,255.99609375,1.2578316929884794,1.0,0.25236061618873734,0.19992767762304262,-0.17635536567402918,1.048965369169732,1.1318894827154806,2.4810376946057566,7135.773730076469,6141.687056934676,1.1618588938066057,13305.345291646732
balanced_interleaved.csv,540,138240.0,138496.0,1,726.6404024216524,730.46875,72.88835226957872,50.52735291757468,31.428571428571427,82.57179176940866,353,255.99609375,1.3789272907606622,0.9971590909090909,0.20620041624736982,0.20987686272911898,-0.21803915940892826,1.056712835975421,1.2678679911195705,2.8474735005124394,4903.957999685249,2737.1460438277663,1.791631838843097,7660.479852278404
balanced_interleaved.csv,541,138496.0,138752.0,2,700.7533482142857,703.125,79.76836216968668,61.006896651699215,32.78236914600551,85.62213816444357,365,255.99609375,1.4258030060273137,1.0,0.20513611882688246,0.2114205459171362,-0.23139974410448624,1.0495329224665035,1.2194615231685613,2.6969676664811884,6115.880210734167,2929.8064508782345,2.0874690233892004,9060.582527553652
balanced_interleaved.csv,542,138752.0,139008.0,2,709.1254340277778,707.03125,82.12252913181774,70.97971978269578,37.60445682451253,84.61126497635915,361,255.99609375,1.4101777676050966,1.0,0.21910866533557136,0.20893182108123384,-0.20979438366709305,1.0509498607474874,1.1945033119981405,2.618843678713703,6225.4323428038215,3616.7745620164333,1.7212663482495305,9864.63531587209
balanced_interleaved.csv,543,139008.0,139264.0,1,691.40625,695.3125,104.01790888272028,71.26986601279553,29.891304347826086,86.77966101694915,371,255.99609375,1.4492408636606393,0.9972972972972973,0.21570214649157946,0.21180478576199885,-0.22138954976358516,1.0503478140998368,1.151969204403798,2.477036954764026,5821.493558385378,3981.135342665279,1.462269693772335,9835.56933156878
balanced_interleaved.csv,544,139264.0,139520.0,3,588.358654953917,583.984375,52.34401578793954,36.89688330787403,6.466512702078522,101.97861371598158,435,255.99609375,1.6992446784161135,1.0,0.16870640171745666,0.22399914712977473,-0.26118345777779567,1.0557688882133238,1.3070326066163085,2.839130631528529,2760.5792616356075,991.1512414630267,2.7852250455346743,3755.548149449209
balanced_interleaved.csv,545,139520.0,139776.0,3,672.5020559210526,675.78125,54.79532278192842,33.07510508327659,13.456464379947231,89.2190581006099,381,255.99609375,1.4883039597161822,1.0,0.18907568102417113,0.21455284136243621,-0.2347955078670186,1.0520343327980657,1.2951017238246572,2.8540483843034643,3725.256927674633,1149.560482664052,3.2405923688691236,4875.031095503234
balanced_interleaved.csv,546,139776.0,140032.0,3,657.8910277061856,660.15625,53.96701299442477,31.993758388845638,14.21188630490956,91.20051417815661,389,255.99609375,1.5195544365606164,1.0,0.19236450486364015,0.2174335944248564,-0.24146788012225218,1.0668883794865598,1.2995236965527046,2.8826143635220056,3674.4978313780807,1182.790186617764,3.106635371980431,4862.82007189649
balanced_interleaved.csv,547,140032.0,140288.0,0,642.1560929648241,638.671875,55.9763362448308,35.98982473770196,16.3727959697733,93.43522650852846,399,255.99609375,1.5586175326161593,1.0,0.2103359472178545,0.21235935685360732,-0.21291175957182057,1.057637507606272,1.2714842985166848,2.767008801687802,3840.746131048389,1615.5935875251514,2.3772972118141666,5459.331420883051
balanced_interleaved.csv,548,140288.0,140544.0,2,682.8104110962566,677.734375,87.23438961731652,70.49959283318431,34.048257372654156,87.8721223709369,376,255.99609375,1.4687724116884109,0.9973333333333333,0.20986277597185868,0.21456631568495166,-0.23014374513557123,1.0603436680749891,1.191444358760516,2.5800067357192242,6494.893957823375,3941.7869177479383,1.6477029563876333,10465.598090198799
balanced_interleaved.csv,549,140544.0,140800.0,2,660.3080472797927,664.0625,65.07127665852268,42.12996617996121,25.97402597402597,90.866679949118,387,255.99609375,1.5117418173495079,1.0,0.20033199846418784,0.21509607682244833,-0.2346394330465295,1.0586877081907335,1.238478217515968,2.7229736357582386,4422.129197603805,2215.9428740820017,1.9955971109750559,6640.522507771882
balanced_interleaved.csv,550,140800.0,141056.0,2,661.6438633419689,656.25,62.614994825489276,41.07488857796659,22.337662337662337,90.6832260136737,388,255.99609375,1.5156481269550621,0.9974160206718347,0.20465932882771856,0.21249070442855383,-0.2199984235329432,1.0539437952661779,1.2636119487292163,2.771614601108375,4072.3940941779547,2093.43932604257,1.9453126935741643,6171.219579932932
balanced_interleaved.csv,551,141056.0,141312.0,1,701.3113839285714,703.125,65.09228618602174,49.46585519431588,27.548209366391184,85.55400835488362,365,255.99609375,1.4258030060273137,1.0,0.20542886019823986,0.21170308239678967,-0.21887909266346356,1.0563247738053378,1.2677965899392871,2.815378234373222,4077.2705175436563,2451.372025828491,1.6632606045039857,6532.685456032159
balanced_interleaved.csv,552,141312.0,141568.0,1,629.3873152709359,626.953125,53.64619936376864,35.82662041449171,16.543209876543212,95.33080591904123,407,255.99609375,1.5898680094605935,1.0,0.21234590513040644,0.21478329237345536,-0.21962474144128835,1.0625493461425504,1.2314099595284838,2.6570295699911446,3353.115109315418,1768.804161738818,1.895696076392735,5122.356712552486
balanced_interleaved.csv,553,141568.0,141824.0,0,670.7750822368421,667.96875,65.75061911004991,51.203654700816834,29.551451187335093,89.44876097650683,381,255.99609375,1.4883039597161822,1.0,0.22565943303197095,0.20975368073626832,-0.2026473404058647,1.0697456757143495,1.2250470929812178,2.7123883598543985,4755.004703462678,2732.753586908455,1.7400049262553456,7497.590057564646
balanced_interleaved.csv,554,141824.0,142080.0,3,624.8376375305623,617.1875,64.53265544747494,36.88040088111996,13.23529411764706,96.02494535560888,411,255.99609375,1.6054932478828108,0.9975609756097561,0.1954689703030421,0.21976681716441554,-0.23855971479952692,1.0693334285254323,1.2524912358233413,2.7009691692580757,3876.055077441663,1579.5148504276262,2.4539529187663467,5460.1938640058515
balanced_interleaved.csv,555,142080.0,142336.0,0,651.1977838010204,640.625,74.45558198033687,60.64613375642327,22.506393861892583,92.13790570628473,393,255.99609375,1.5351796749828337,1.0,0.21198936406698396,0.2154927959930426,-0.2268112817983528,1.0672710620841386,1.2178367702572277,2.6720761575529988,5013.1519641553205,2503.269640830841,2.0026416181404425,7538.817888768083
balanced_interleaved.csv,556,142336.0,142592.0,0,702.6299931129477,691.40625,89.51712816871911,71.51821926797817,40.607734806629836,85.39345115937145,364,255.99609375,1.4218966964217594,1.0,0.2285065005772998,0.2095397022838647,-0.20587931651196445,1.0614140943974344,1.1763409358659016,2.577738493691382,6679.556670689094,4193.5436543547885,1.5928191575525161,10882.389005459087
balanced_interleaved.csv,557,142592.0,142848.0,2,736.7952989913545,734.375,90.00945494067413,77.86518620562649,38.72832369942196,81.43374432781776,348,255.99609375,1.3593957427328909,1.0,0.2204989981689393,0.2076689365863286,-0.20988797182963506,1.0504424281430857,1.2094791707466541,2.674238860640334,6841.88954601362,4407.188909772331,1.5524384559152158,11286.422531736494
balanced_interleaved.csv,558,142848.0,143104.0,0,767.554593373494,769.53125,101.94780700407574,87.16889331934232,48.94259818731118,78.17033539763321,333,255.99609375,1.3008010986495766,1.0,0.2220074483353521,0.20633653631920346,-0.204358849340907,1.049485385757635,1.174749897639249,2.6066396581834477,6858.844520287619,5807.037264205668,1.1811263141990231,12690.097443411109
balanced_interleaved.csv,559,143104.0,143360.0,1,663.2203733766233,660.15625,64.04341327869541,58.648655915530085,22.65625,90.46766717150857,386,255.99609375,1.5078355077439536,1.0,0.2007711291143916,0.2143502722460958,-0.23013291533148025,1.0529182607560967,1.2375666024888348,2.6938926624901782,4198.76088887473,2670.2096686438363,1.5724461409081874,6885.44167815845
balanced_interleaved.csv,560,143360.0,143616.0,2,665.58837890625,667.96875,60.5888597044422,45.155513824665775,20.365535248041773,90.14580467675378,385,255.99609375,1.5039291981383993,1.0,0.2092132261072459,0.21142890336874487,-0.21379600693205766,1.0584155293547144,1.2803365983749528,2.827115388195102,4428.787355147727,1809.2507461442099,2.447857138976535,6240.8303371538
balanced_interleaved.csv,561,143616.0,143872.0,1,702.7376033057851,707.03125,79.53885895413315,48.31066450532923,25.13812154696133,85.38037486218302,364,255.99609375,1.4218966964217594,1.0,0.19764475204145643,0.2119009611157576,-0.22777532893354271,1.0553338660752172,1.2864642925310208,2.880547355577195,5311.19094246063,2070.9234894923356,2.5646485586788197,7388.77920455021
balanced_interleaved.csv,562,143872.0,144128.0,1,712.9233589385475,710.9375,81.54641418517916,80.96319539019329,33.61344537815126,84.16051914659157,359,255.99609375,1.4023651483939878,1.0,0.2000288035480977,0.21287995682368321,-0.2392146961541039,1.05553066094514,1.2260329996794779,2.7058183589793137,6445.467721051554,3779.957541108309,1.7051693440878437,10230.9083471455
balanced_interleaved.csv,563,144128.0,144384.0,3,690.0865709459459,689.453125,79.22632916886303,65.55011142305841,22.493224932249323,86.94561309569342,371,255.99609375,1.4492408636606393,1.0,0.1970052778053824,0.214116008950004,-0.23625703202893794,1.060479448029201,1.2643161018939268,2.8359336973098452,6051.928999557495,2636.026310896179,2.2958530324759923,8731.689943915146
balanced_interleaved.csv,564,144384.0,144640.0,3,641.7046168341709,644.53125,51.67207744930947,30.462139210492747,11.586901763224182,93.50096356795447,400,255.99609375,1.5625238422217136,0.9974937343358395,0.18073405037428938,0.22043251270477246,-0.25364556036542585,1.0651183951299215,1.3147328376233156,2.9310048893354788,3519.507995064179,1111.2755921366456,3.1670883622101638,4632.370905932495
balanced_interleaved.csv,565,144640.0,144896.0,3,646.9541139240506,644.53125,50.91721397854175,30.60131377737972,11.421319796954315,92.74228064811984,396,255.99609375,1.5468986037994965,1.0,0.18863681088983258,0.21734898883487003,-0.23778831767863456,1.0604937647273798,1.2990967208609914,2.8480888890769993,3605.118151708037,1050.014505024502,3.4333984287425747,4655.425202304969
balanced_interleaved.csv,566,144896.0,145152.0,0,800.7322688087775,792.96875,89.90620208248951,82.11368555571265,51.257861635220124,74.9314125797128,320,255.99609375,1.2500190737773709,1.0,0.2542087288990291,0.19949718467423566,-0.16899392963953708,1.04981562925549,1.1371741351833384,2.493536313830208,7419.104622694107,6090.67912273945,1.2181079438243598,13512.501515422979
balanced_interleaved.csv,567,145152.0,145408.0,2,689.4847972972973,683.59375,76.03881590658862,66.83268151631414,24.119241192411923,87.02149813192871,371,255.99609375,1.4492408636606393,1.0,0.20655577630348518,0.21131041241159434,-0.22140855115563862,1.0535141160669965,1.2406791953062473,2.7288763430703273,6190.205303577851,2960.4156630123175,2.090991944448476,9184.378356534633
balanced_interleaved.csv,568,145408.0,145664.0,2,639.8515820802005,636.71875,58.51365914314397,35.393727002089804,17.839195979899497,93.77174594917147,400,255.99609375,1.5625238422217136,1.0,0.20354008170094645,0.21491966558165576,-0.22523408282463997,1.0645201348478257,1.2744040470219178,2.8021793697851294,4195.211044176224,1515.4700415298319,2.7682573255893965,5712.744586415782
balanced_interleaved.csv,569,145664.0,145920.0,2,661.7450615284974,660.15625,75.70394916673897,70.8009168228102,24.415584415584416,90.6693581685553,387,255.99609375,1.5117418173495079,1.0,0.20178342113993347,0.21481067087083597,-0.23464405602827335,1.0563067781580937,1.2449685649955706,2.7260726611792157,4748.833304119266,3001.7628983970035,1.5820147909267686,7764.725672123684
balanced_interleaved.csv,570,145920.0,146176.0,1,679.4270833333334,679.6875,71.08903641991161,64.16366826239909,32.887700534759354,88.30969720199309,376,255.99609375,1.4687724116884109,1.0,0.2094707443148792,0.2135286988241594,-0.22128029760573575,1.0661814426501592,1.239575263494202,2.756447675249256,4632.451144057749,3221.3783226631135,1.4380338724785673,7887.860153619443
balanced_interleaved.csv,571,146176.0,146432.0,1,673.3449835526316,675.78125,76.7380775199209,73.0800722074525,26.385224274406333,89.10736912813154,381,255.99609375,1.4883039597161822,1.0,0.21955996187993476,0.21157153811759677,-0.20651177049439054,1.063139042196208,1.237739536566295,2.7043514188245004,5380.379451592987,3352.5124721907287,1.6048797718796048,8739.307938321752
balanced_interleaved.csv,572,146432.0,146688.0,0,648.7754452926208,640.625,73.18172422567704,47.05278585703173,22.193877551020407,92.48192180414267,394,255.99609375,1.539085984588388,1.0,0.2195832296985314,0.21390272815505226,-0.21155508887778926,1.0644903540177357,1.194920258000116,2.5480995596599856,4161.159508132485,2823.5830542989074,1.4737159942212843,6986.92956103579
balanced_interleaved.csv,573,146688.0,146944.0,3,712.7815118715084,712.890625,64.04331570745971,44.999234062109,22.408963585434176,84.17726750861078,359,255.99609375,1.4023651483939878,1.0,0.19057468727343344,0.2122444998177933,-0.234413284206998,1.0476012816152054,1.2766262161239337,2.8393558356699105,4901.501073089423,2006.1156977148423,2.4432793575528575,6945.941313251167
balanced_interleaved.csv,574,146944.0,147200.0,0,676.5046296296297,675.78125,70.90207803833566,61.98237658770606,27.851458885941643,88.69118905047048,379,255.99609375,1.4804913405050737,1.0,0.22735168621615937,0.2089760978194445,-0.20027131861321423,1.059291808290941,1.207219634291225,2.6522275845776493,4633.992921692819,2835.467488372463,1.6342959108844153,7475.376289657964
balanced_interleaved.csv,575,147200.0,147456.0,2,640.1440797738693,634.765625,69.87684029305242,58.274080762920505,24.937027707808564,93.72889931465895,399,255.99609375,1.5586175326161593,1.0,0.21148129817421374,0.21602574644377653,-0.2251938695422744,1.0664524520986154,1.2202214766932273,2.6107292005844602,4445.378758397799,2890.7227993147285,1.5378087305540384,7348.582536293622
balanced_interleaved.csv,576,147456.0,147712.0,2,662.8987208549223,648.4375,77.79015558597932,62.92563821773743,28.31168831168831,90.51156400274787,387,255.99609375,1.5117418173495079,1.0,0.2104194647282156,0.21397207406287908,-0.22821895246269802,1.0547791037702448,1.189979403712832,2.5719509763465833,5110.16893905628,3291.3619249698086,1.5526001258895752,8443.658017109607
balanced_interleaved.csv,577,147712.0,147968.0,0,701.6722623966942,699.21875,77.16869641548517,72.92594740209596,38.12154696132597,85.51000690131124,364,255.99609375,1.4218966964217594,1.0,0.22349821310744508,0.2094141434326396,-0.20784400059332098,1.0520974037825561,1.181737629636573,2.5545617870663024,4994.544867500031,4474.088696749546,1.1163267440649085,9492.652721019243
balanced_interleaved.csv,578,147968.0,148224.0,1,704.7068698347107,707.03125,77.39686557788264,73.76986052843209,30.939226519337016,85.14178386550003,364,255.99609375,1.4218966964217594,1.0,0.21390225069013477,0.20998643635077505,-0.21021192019597548,1.0621071637832984,1.268223364763436,2.845215868643991,4984.569115595555,3309.01304599952,1.5063612763998386,8307.298857073354
balanced_interleaved.csv,579,148224.0,148480.0,2,633.6190143034826,632.8125,57.53235970590866,51.36128961766064,15.46134663341646,94.69412793105035,403,255.99609375,1.5742427710383764,1.0,0.2069917658033227,0.21456511757334773,-0.22013575191757148,1.061139746437362,1.2602636504367102,2.739413263779646,3502.478821435826,1930.4115014006863,1.8143690186752741,5435.581882720497
balanced_interleaved.csv,580,148480.0,148736.0,1,665.2018229166666,667.96875,61.5329545619017,44.187412204101776,23.759791122715406,90.19818938096404,385,255.99609375,1.5039291981383993,1.0,0.22163173243640977,0.21218757855058162,-0.20614325017637666,1.0665742975177501,1.2318598467644217,2.6834980690703567,4076.5155307689815,2265.102484735253,1.7997046748396677,6351.469296364218
balanced_interleaved.csv,581,148736.0,148992.0,3,666.19873046875,656.25,87.58125360023075,76.64356063792509,17.75456919060052,90.06321575813101,385,255.99609375,1.5039291981383993,1.0,0.19628482772041642,0.21279835423521062,-0.226840990102076,1.0528226242972063,1.2843115870051498,2.8494599398627196,6416.870578260011,2843.0435473541734,2.2570426626886366,9262.222834056576
balanced_interleaved.csv,582,148992.0,149248.0,3,604.4505331753554,597.65625,61.42586647918217,36.00730337450229,11.401425178147269,99.26370597243492,423,255.99609375,1.652368963149462,1.0,0.18082597972383052,0.2205077170960698,-0.251672630030188,1.054488767460547,1.276575961205064,2.7392733941635266,3692.812785685392,1293.5358638292064,2.854820565046952,4994.790493159022
balanced_interleaved.csv,583,149248.0,149504.0,3,634.5475341191067,617.1875,80.30508582970455,35.705294151612904,15.92039800995025,94.55556404185442,404,255.99609375,1.5781490806439307,1.0,0.177354821555823,0.21851199692491569,-0.25555243874345823,1.052960107659541,1.282994065218423,2.839041323685029,4893.094930539173,1368.5368411490917,3.5754206853727712,6268.47414725039
balanced_interleaved.csv,584,149504.0,149760.0,3,696.9988046448087,699.21875,65.49114907767407,45.71782652697054,29.589041095890412,86.08336140630264,368,255.99609375,1.4375219348439765,0.997275204359673,0.1891796876182592,0.21263513126988254,-0.24183113311082352,1.0412710814454134,1.2438814867718264,2.739096580292875,4889.10440846889,2291.579723079777,2.1335083214552797,7188.711313051013
balanced_interleaved.csv,585,149760.0,150016.0,0,679.25,675.78125,74.84860185589811,74.4303621139649,32.0855614973262,88.33271991166728,376,255.99609375,1.4687724116884109,1.0,0.2198365061187962,0.21009827132089584,-0.2080253583107851,1.0546375154405947,1.2032922883184733,2.617561651668513,4891.193569993953,3920.256364258995,1.247671865183869,8828.655053751303
balanced_interleaved.csv,586,150016.0,150272.0,2,686.7229502688172,687.5,60.40764057745778,39.07513272819097,18.867924528301888,87.37147925012998,373,255.99609375,1.4570534828717479,1.0,0.19653688792374802,0.21188517101241616,-0.22135154800708867,1.0451638752862356,1.271601486567838,2.793171959784244,3937.0131636154224,1728.53718346997,2.277656044235059,5667.109893963544
balanced_interleaved.csv,587,150272.0,150528.0,2,647.2112341772151,652.34375,58.94533944338634,40.1088252775514,15.989847715736042,92.70543654310424,396,255.99609375,1.5468986037994965,1.0,0.2019589888048421,0.2142581681616455,-0.22702887888991805,1.0554606320841664,1.2608210652252243,2.764013498931292,3775.264483293728,1588.3034298588052,2.376916407987192,5364.635970405947
balanced_interleaved.csv,588,150528.0,150784.0,1,737.8396739130435,742.1875,77.09468665198563,48.02574750552825,28.488372093023255,81.3184789614216,347,255.99609375,1.3554894331273366,0.9971098265895953,0.20567573595072924,0.20843349017545418,-0.21348156158208811,1.0544677482245124,1.3050506237628188,2.972591951103589,5621.744607794339,2096.3293453884294,2.681708682922952,7723.34944880136
balanced_interleaved.csv,589,150784.0,151040.0,1,693.9113451086956,691.40625,74.69218915586302,50.08130855391302,32.15258855585831,86.46637704215873,370,255.99609375,1.445334554055085,0.997289972899729,0.1983213428048629,0.2155440099757195,-0.23565979000431903,1.0597646218100822,1.244074163373183,2.7367066368558737,4428.263674649626,2937.4035175951753,1.5075435322808506,7367.555414482671
balanced_interleaved.csv,590,151040.0,151296.0,1,717.4442591292135,703.125,96.55679997001084,78.20638366720978,42.816901408450704,83.63019041064464,357,255.99609375,1.3945525291828793,1.0,0.20503719775978527,0.21361279636457908,-0.24073422903444835,1.0565848176769934,1.17550715593797,2.599791775733739,6555.806892307468,4515.635933446541,1.4518014713608178,11096.358276283388
balanced_interleaved.csv,591,151296.0,151552.0,0,756.6186016320474,761.71875,102.46164330562804,94.36343090564881,45.83333333333333,79.30019149751054,338,255.99609375,1.320332646677348,1.0,0.21607670288634706,0.20720945008446595,-0.21544118182482067,1.0422646106652016,1.1714982469158977,2.572510613784143,6909.5097551068075,6148.845168181198,1.1237085283691752,13082.644569895487
balanced_interleaved.csv,592,151552.0,151808.0,3,680.6875,683.59375,66.14321036387109,38.43761972966223,15.508021390374333,88.14617574143789,377,255.99609375,1.4726787212939652,0.9973404255319149,0.19272501991259103,0.2132174375234584,-0.2316980358247566,1.0519237626478775,1.2748386907653206,2.8220030359284305,4519.34033915106,1672.043189786925,2.702884929501718,6197.20037733672
balanced_interleaved.csv,593,151808.0,152064.0,0,774.1714015151515,769.53125,89.07889990624383,87.71439663053351,48.02431610942249,77.50221705758234,331,255.99609375,1.292988479438468,1.0,0.24408611280399375,0.2028575207446211,-0.18111633005210567,1.0505279525179925,1.1527353628283907,2.502971393445276,6839.338143176906,5661.026461071106,1.2081445282421195,12518.672685657904
balanced_interleaved.csv,594,152064.0,152320.0,2,616.8186289346247,605.46875,80.1077926648783,39.893225962326994,14.805825242718445,97.27332668864524,414,255.99609375,1.6172121766994736,1.0,0.2026354661115462,0.21709663293787998,-0.2294092196703642,1.0598482422311926,1.2253327380708918,2.6496340962791205,4580.23411507377,1931.815232033715,2.370948338704182,6523.929603606649
balanced_interleaved.csv,595,152320.0,152576.0,0,719.0140845070423,722.65625,96.1963568432474,73.05977903673981,34.463276836158194,83.44760039177277,356,255.99609375,1.390646219577325,1.0,0.23392348111908595,0.20478931373396878,-0.1919538440952379,1.0563611185323558,1.2151149413911573,2.7443897789217813,6779.653139126721,3589.4119715004617,1.8887921456094827,10419.505546754452
balanced_interleaved.csv,596,152576.0,152832.0,1,705.3478936464088,705.078125,82.28431336496641,61.93579468342197,40.443213296398895,85.0644065722241,363,255.99609375,1.4179903868162052,1.0,0.22189665333847294,0.2113262936806983,-0.2192790900736696,1.0552885433917298,1.1582616250765445,2.4755579649431088,5415.429350995834,4552.410953211953,1.1895739217424954,9971.492721453958
balanced_interleaved.csv,597,152832.0,153088.0,1,664.5100911458334,660.15625,80.37786698587642,64.18778893042351,28.198433420365536,90.29208254240402,385,255.99609375,1.5039291981383993,1.0,0.20160752101658358,0.2160553044203413,-0.23731097066793022,1.0613762856557079,1.2203186001293724,2.6598371991264953,4600.7314208983435,3220.010211267168,1.4287940469256528,7830.623196368344
balanced_interleaved.csv,598,153088.0,153344.0,2,645.803740530303,628.90625,84.36762332800731,46.68548517270563,22.278481012658226,92.90748293085278,397,255.99609375,1.5508049134050508,1.0,0.1960657622076843,0.2170886210695201,-0.2340302937836795,1.0626317635816593,1.2604375415043372,2.7894937259013863,4862.6752169273395,2223.2563148193326,2.1871860588069407,7098.15048931577
balanced_interleaved.csv,599,153344.0,153600.0,1,750.1378676470588,753.90625,80.4557539794883,53.27456970076976,34.80825958702065,79.98529682043743,341,255.99609375,1.3320515754940108,1.0,0.22208120953405477,0.2067962980391643,-0.1963775206340697,1.056279095693349,1.2447472019354369,2.777984236487778,4573.063940116517,2796.5658646008887,1.6352427089247765,7370.986020989665
balanced_interleaved.csv,600,153600.0,153856.0,3,635.0418734491315,636.71875,46.36726145885849,28.044124320310573,9.950248756218906,94.48195860553147,404,255.99609375,1.5781490806439307,1.0,0.176753530896211,0.21988160241618587,-0.25029601282320807,1.050214342824731,1.2958004787801942,2.8244565339499754,3074.7126424716976,929.564432976909,3.3076917891802293,4004.3032446489174
balanced_interleaved.csv,601,153856.0,154112.0,3,652.2235576923077,644.53125,68.7274567352068,43.70148567930393,15.681233933161954,91.99299732792775,391,255.99609375,1.527367055771725,1.0,0.1820816764924992,0.21727916866280264,-0.24494462938448866,1.0504089929405052,1.2951227675796884,2.861254922912895,4752.424925751884,1254.8335434853539,3.787295096170143,6014.253114356703
balanced_interleaved.csv,602,154112.0,154368.0,3,646.4003164556962,640.625,68.76890424146795,59.136524747807904,14.720812182741117,92.8217367358179,396,255.99609375,1.5468986037994965,1.0,0.1790548519739446,0.21807374733584542,-0.24834275269742037,1.0513126925607144,1.3027532818076144,2.874074527322941,4866.867675078294,1830.3118959270155,2.6590373399793292,6734.925848460596
balanced_interleaved.csv,603,154368.0,154624.0,3,691.4274220867209,667.96875,108.02503075989291,68.2285359873945,27.445652173913043,86.77700375105259,370,255.99609375,1.445334554055085,1.0,0.21485723915732544,0.21409093395323414,-0.23069464824883384,1.055252658860342,1.1224835244434523,2.4425854144488772,6345.8642820535415,3530.206785944326,1.7975899619591351,9907.766779811725
balanced_interleaved.csv,604,154624.0,154880.0,0,714.7890406162466,710.9375,120.26352118026193,71.33857237320505,39.04494382022472,83.94085050362796,358,255.99609375,1.3984588387884336,1.0,0.23617086030109813,0.20847883265061898,-0.2061756913194481,1.0575121400477798,1.0957601282980058,2.364180607723158,6067.6787825589945,5459.813181671553,1.111334505533638,11533.35892358282
balanced_interleaved.csv,605,154880.0,155136.0,2,606.4777103080569,605.46875,60.44550359092973,51.648170637421906,14.251781472684085,98.93191288023321,423,255.99609375,1.652368963149462,1.0,0.19383278042750898,0.21846451431719804,-0.2356432842353869,1.0589830234256432,1.2727627827622798,2.775923492503658,3814.3025303944146,1853.896760923721,2.0574514238289643,5688.4883055405435
balanced_interleaved.csv,606,155136.0,155392.0,2,648.4772582697201,652.34375,53.666515172819025,33.64219557968172,14.540816326530612,92.52444744183195,394,255.99609375,1.539085984588388,1.0,0.1995028424295722,0.21489126663533697,-0.23033647698280973,1.0519238634457553,1.2538085949114899,2.731607298273742,3247.387220711501,1444.166104054995,2.248624456420449,4692.524293230002
balanced_interleaved.csv,607,155392.0,155648.0,1,667.0202349869452,667.96875,59.617748885926545,41.83165686846812,23.56020942408377,89.95229357798165,384,255.99609375,1.500022888532845,1.0,0.221854341005334,0.2120911989166337,-0.20553762777797724,1.064828968067999,1.2243513776780381,2.6553690068053557,4015.4807401286303,2245.729190489847,1.7880520755277525,6267.778248368153
balanced_interleaved.csv,608,155648.0,155904.0,1,642.1266488693467,638.671875,56.57236391239935,39.93005050963477,18.639798488664987,93.43951089033244,399,255.99609375,1.5586175326161593,1.0,0.20856032420586898,0.21343807097501016,-0.21575335922468328,1.0581723500981957,1.279139574609624,2.807358355335917,3656.8265490026724,1718.828589247828,2.1275108942671976,5379.3004173826
balanced_interleaved.csv,609,155904.0,156160.0,0,660.1057816537468,652.34375,76.05669064689731,47.36744114740951,27.461139896373055,90.89452276828037,388,255.99609375,1.5156481269550621,1.0,0.22320924514432539,0.21120103841800295,-0.20676024267426663,1.0672999788582562,1.2203971097954522,2.6805230467898555,4953.491655878085,2687.5675224608567,1.843113378354285,7657.068991783283
balanced_interleaved.csv,610,156160.0,156416.0,0,642.189467884131,636.71875,67.26335466188358,60.97967411995997,25.252525252525253,93.43037063140638,398,255.99609375,1.554711223010605,1.0,0.2096840881019466,0.21740820291196528,-0.2287644202511222,1.065469472159993,1.1885907352130598,2.5309578301003226,4126.245669253128,3051.1147312113562,1.352373159568117,7193.591362434822
balanced_interleaved.csv,611,156416.0,156672.0,3,643.0454974811083,640.625,58.17253334494125,41.727657184797046,19.444444444444446,93.30599504238455,398,255.99609375,1.554711223010605,1.0,0.19736138579489665,0.21883260260876536,-0.23647388634491617,1.064232592857067,1.2323327000715414,2.6570203669809267,3675.993229350126,1849.5373863929965,1.9875203693606427,5526.223189370484
balanced_interleaved.csv,612,156672.0,156928.0,0,676.0189318783068,671.875,70.24903668256529,57.447268926414424,30.50397877984085,88.75491080300229,379,255.99609375,1.4804913405050737,1.0,0.2311363335214911,0.21043470309583892,-0.1971172173930942,1.0679489349860687,1.2005146694462672,2.621287841202598,4568.372798945634,3385.173239925342,1.349524079023615,7957.366187807253
balanced_interleaved.csv,613,156928.0,157184.0,2,651.9949776785714,652.34375,59.23458538325558,53.15864820794332,15.089514066496163,92.02524874291217,393,255.99609375,1.5351796749828337,1.0,0.20011471214661863,0.2148058863997999,-0.2284976083221546,1.0531739790977133,1.2559606733833035,2.739167334077698,3535.164823763864,1937.4414114600029,1.824656375595823,5486.470889570879
balanced_interleaved.csv,614,157184.0,157440.0,0,732.2036174785101,730.46875,84.07807911034378,64.13874258721481,39.08045977011494,81.94441896725671,350,255.99609375,1.3672083619439994,1.0,0.21833743874422284,0.21006486135182156,-0.22233550580871703,1.0509858421486737,1.1732235677446086,2.5557252278393197,5552.757404497195,4610.695253694778,1.2043210620019824,10194.55939070308
balanced_interleaved.csv,615,157440.0,157696.0,1,680.1979166666666,675.78125,61.52317964694996,44.178938831293706,23.52941176470588,88.20962036172071,377,255.99609375,1.4726787212939652,0.9973404255319149,0.20207358552102495,0.21441058558442158,-0.22635478442637558,1.0623552733692498,1.2778874174581973,2.845518186212243,3891.769854021936,2325.4472109924595,1.6735576002866983,6226.331039419176
balanced_interleaved.csv,616,157696.0,157952.0,2,643.4292348866499,644.53125,59.48022178282767,38.37281778200879,21.96969696969697,93.25034789656385,398,255.99609375,1.554711223010605,1.0,0.19471597934229293,0.2170833379763912,-0.23774500752089256,1.0578547398697162,1.2493360828390965,2.716103468524908,4080.7573022509846,1921.279890356122,2.1239785638388113,6005.748792726946
balanced_interleaved.csv,617,157952.0,158208.0,2,673.2045679419525,664.0625,70.04822594306017,55.179839251350614,28.04232804232804,89.12595495812728,380,255.99609375,1.484397650110628,1.0,0.20680979605202646,0.2140159553815035,-0.22351418393919897,1.0592768048361667,1.2397675201098894,2.7139400048388937,4650.078159993187,2414.543047852182,1.9258626033317523,7068.091918357149
balanced_interleaved.csv,618,158208.0,158464.0,1,676.7137765251989,679.6875,67.61879023474268,43.81745770007322,27.127659574468083,88.6637779240863,379,255.99609375,1.4804913405050737,0.9973544973544973,0.20637861913756433,0.21377079072703792,-0.22834848029860025,1.0584506593590126,1.22116826936022,2.677656928675958,3967.442653887987,2441.3335188354404,1.6251129242597415,6414.942639473428
balanced_interleaved.csv,619,158464.0,158720.0,3,640.9194409547739,636.71875,60.40784900605274,46.75677786977225,15.113350125944585,93.61550947903586,399,255.99609375,1.5586175326161593,1.0,0.17672531176072304,0.21854577526906882,-0.2554319828851119,1.0515644396761767,1.2836237450375896,2.823035138007075,4024.9655616812315,1493.1179311462422,2.6956782700957396,5522.514849827559
balanced_interleaved.csv,620,158720.0,158976.0,3,678.1850961538462,679.6875,52.4338667527913,34.150883094528275,15.691489361702127,88.47142224191404,378,255.99609375,1.4765850308995194,1.0,0.18997121447144055,0.21404167461544973,-0.2324436351570677,1.0512794882679717,1.2931743283161645,2.852061854426154,3808.6926895899496,1205.5684501278433,3.1592504674338984,5014.8896962873105
balanced_interleaved.csv,621,158976.0,159232.0,3,609.5987470167064,609.375,49.861641804209825,26.999147549411376,6.937799043062201,98.4253991558084,420,255.99609375,1.6406500343327992,1.0,0.1808291227697806,0.22285060799096304,-0.2524491064507331,1.0727556678474504,1.3075160375356483,2.872940230099026,3054.585388045264,856.5266392525696,3.5662468019801294,3911.936819236015
balanced_interleaved.csv,622,159232.0,159488.0,0,738.3715679190751,746.09375,102.70009300273303,68.83865691292343,32.463768115942024,81.25990030885906,347,255.99609375,1.3554894331273366,1.0,0.23857072641938676,0.2039499484150704,-0.18465831878404643,1.0547535687509924,1.1943797900511697,2.6625368246669217,6514.60922284585,3343.4350570208176,1.9484778713335384,9860.24794066403
balanced_interleaved.csv,623,159488.0,159744.0,2,709.6426706128134,695.3125,91.72442647610518,66.62123995375448,36.87150837988827,84.54959444333706,360,255.99609375,1.4062714579995423,1.0,0.21370690339640946,0.21393648218198968,-0.22680103915698488,1.0527191318606253,1.133022090826572,2.3551202064029377,5929.145608491482,4869.2367812744305,1.2176745298756328,10805.015434017092
balanced_interleaved.csv,624,159744.0,160000.0,2,706.5876038781164,695.3125,79.81153315284658,53.03212942966385,34.166666666666664,84.91516079632464,362,255.99609375,1.4140840772106509,1.0,0.1957745280601182,0.212449717115898,-0.2424934360394422,1.0521755623096427,1.2343620846458763,2.7848464862278384,6484.198852347061,2837.1191299589195,2.285486987090651,9330.91402658567
balanced_interleaved.csv,625,160000.0,160256.0,2,716.1677170868347,722.65625,86.14025136002402,52.3325469102792,35.1123595505618,83.77925808225875,358,255.99609375,1.3984588387884336,1.0,0.1998723149459073,0.21063802718541086,-0.23045976050792394,1.0468499897248156,1.2360116789447966,2.7632752421107485,5209.689306336853,3086.5475139060413,1.6878694667311198,8308.597893875236
balanced_interleaved.csv,626,160256.0,160512.0,1,643.4489137279597,640.625,61.67443272963322,42.81018075424737,17.424242424242426,93.24749598593164,398,255.99609375,1.554711223010605,1.0,0.20061374069051857,0.2173329763276258,-0.22932303937978615,1.0640555646656373,1.2640613458252836,2.759271334993106,3139.69371673939,2134.9685235055535,1.4706042183629517,5290.0449233461
balanced_interleaved.csv,627,160512.0,160768.0,1,743.5541180758017,742.1875,64.88656668996526,51.59922699069336,33.91812865497076,80.69352121304948,344,255.99609375,1.3437705043106738,1.0,0.21078387800770162,0.2091560571236795,-0.2138138570147877,1.055568444207673,1.2596975476018824,2.80864357343843,4711.443613666449,2631.386352360942,1.7904796114182284,7348.139477691289
balanced_interleaved.csv,628,160768.0,161024.0,0,765.1454902694611,765.625,85.74158215319653,73.92335666558698,46.846846846846844,78.41645904345566,335,255.99609375,1.3086137178606851,1.0,0.2414107134076475,0.2031088144716373,-0.18457882970146988,1.0530531325369206,1.174266663207953,2.588007344558493,6873.059513668504,4913.76036784027,1.398737219391388,11798.696038781405
balanced_interleaved.csv,629,161024.0,161280.0,3,723.9768288352273,728.515625,84.5479932190567,51.85580644133221,29.914529914529915,82.87558055764191,353,255.99609375,1.3789272907606622,1.0,0.21556455626413343,0.20724542427810813,-0.20377935043209935,1.055703814485619,1.275894235196256,2.8538087339191973,6457.7025929882575,2390.0336669359335,2.7019295511711974,8856.197002106255
balanced_interleaved.csv,630,161280.0,161536.0,0,679.697888962766,675.78125,85.20974937868009,66.40655637184229,30.666666666666664,88.27451280091708,377,255.99609375,1.4726787212939652,1.0,0.21338562948176265,0.2122622329854101,-0.2199434753764422,1.0640022822318564,1.217978200983667,2.684999577324003,5543.179403326566,3209.7178024017394,1.7269989901226719,8796.32618830322
balanced_interleaved.csv,631,161536.0,161792.0,0,663.5551948051948,660.15625,76.53915840782437,75.26054690304656,30.729166666666668,90.42201834862385,386,255.99609375,1.5078355077439536,1.0,0.21342304081407334,0.2142270256177659,-0.2234815235242281,1.0609141517739402,1.1890734668527958,2.5601127472225826,5286.218887308783,3961.387098496029,1.3344363365336696,9262.049539789276
balanced_interleaved.csv,632,161792.0,162048.0,2,673.9775725593668,671.875,69.80724552181246,53.07373080477477,25.132275132275133,89.02373379006606,380,255.99609375,1.484397650110628,1.0,0.20022361115406462,0.21488911751437986,-0.23601023541408295,1.0563914236260143,1.2077833621954446,2.6281346789079842,4709.612279014159,2836.3003860010567,1.6604772548983477,7550.0384811742015
balanced_interleaved.csv,633,162048.0,162304.0,0,746.2197580645161,738.28125,88.91550257222346,85.09651802477148,40.588235294117645,80.40526849037488,343,255.99609375,1.3398641947051193,0.9970760233918129,0.24673709206082978,0.20287649046789366,-0.17752732374027583,1.0568609544245577,1.1591458270395498,2.544834944339737,6712.615989080793,5454.7799186032635,1.2305933675138276,12191.32108668256
balanced_interleaved.csv,634,162304.0,162560.0,1,657.7160989717223,656.25,67.27853979077842,60.39143874233367,21.391752577319586,91.22477022199152,390,255.99609375,1.5234607461661707,1.0,0.21564104536890433,0.2131915097468216,-0.21296629099140224,1.0621517254201893,1.2394874922396435,2.695976040559402,4814.066533212416,2741.5430287100185,1.7559697158857233,7574.179809695874
balanced_interleaved.csv,635,162560.0,162816.0,2,682.0166276737968,679.6875,73.45446429172036,58.37726708839195,22.78820375335121,87.97439470742277,375,255.99609375,1.4648661020828564,1.0,0.2116699767997308,0.21002405455496248,-0.21145626244608198,1.057449029975051,1.2607734851440735,2.789573288171229,5506.616852246505,2556.7167753067974,2.15378445725015,8065.5137788334105
balanced_interleaved.csv,636,162816.0,163072.0,1,750.1493566176471,746.09375,88.99746885836495,57.389919563143216,36.57817109144543,79.9840717994272,341,255.99609375,1.3320515754940108,1.0,0.2241994083442039,0.20283929985527582,-0.2027327906078829,1.0483332411529778,1.242169704305863,2.8219641729496567,7607.036937143618,2956.3339044356594,2.573131852843172,10568.75203562531
balanced_interleaved.csv,637,163072.0,163328.0,1,675.6779100529101,644.53125,112.619174972924,60.4615003296415,29.177718832891248,88.79970635017742,379,255.99609375,1.4804913405050737,1.0,0.20282411313799958,0.21522737425582258,-0.2369365561379625,1.0510735396564386,1.174669693413806,2.5156020939092825,5412.560527229392,3531.6659699424226,1.5325799702732459,8956.734294859423
balanced_interleaved.csv,638,163328.0,163584.0,3,642.067760678392,625.0,80.61996925573916,58.05502499075026,17.632241813602015,93.44808083278558,399,255.99609375,1.5586175326161593,1.0,0.18598127293295955,0.21709846094110505,-0.24275400961800006,1.052858447434367,1.2672979209474504,2.7806476862503526,5162.867031364888,2122.7400037221705,2.432171166658155,7330.192982781946
balanced_interleaved.csv,639,163584.0,163840.0,3,684.5048592493298,683.59375,65.32662381574302,39.98203653577085,20.967741935483872,87.65460053241944,375,255.99609375,1.4648661020828564,0.9973262032085561,0.19382413376999752,0.21265319786304787,-0.23064407714007737,1.0507539008822617,1.2853092373296744,2.8632106341239947,5176.463131441759,1577.5403942789214,3.281350607702106,6759.896847884682
balanced_interleaved.csv,640,163840.0,164096.0,3,654.2067307692307,656.25,52.29743704967389,32.23610837869479,13.881748071979436,91.714128238104,391,255.99609375,1.527367055771725,1.0,0.19221563561067212,0.21386056754341126,-0.22986778950603495,1.0473133378043464,1.2858036423977994,2.8180801148134575,3818.9193900810646,1189.303932582199,3.2110542019225345,5008.656561797008
balanced_interleaved.csv,641,164096.0,164352.0,0,726.0076349431819,718.75,75.47041912539315,69.5909828773566,36.75213675213676,82.64375898015957,353,255.99609375,1.3789272907606622,1.0,0.24532865451093558,0.20552984824714107,-0.184470573651057,1.0569364854105616,1.1479901882477284,2.460910727191436,5094.518518905838,4275.3398296861915,1.1916055148485762,9373.189409323824
balanced_interleaved.csv,642,164352.0,164608.0,2,629.9961419753087,625.0,70.90024383791783,56.65262654516118,16.33663366336634,95.23867846535411,407,255.99609375,1.5898680094605935,0.9975369458128078,0.2059596768432536,0.21410502886306734,-0.21705622564332647,1.058166734138274,1.2575575422851122,2.7295929313581224,4852.36610259248,2229.2819698757844,2.1766497769965163,7097.185857720085
balanced_interleaved.csv,643,164608.0,164864.0,2,665.252685546875,664.0625,66.09485319269977,43.06136914482015,21.93211488250653,90.19129317858618,385,255.99609375,1.5039291981383993,1.0,0.20309912480635842,0.2122659109953051,-0.2259073001411291,1.0585183005098318,1.276268475638666,2.8556234540468086,5093.353927829211,1669.2162809986012,3.051344505687504,6764.787662708679
balanced_interleaved.csv,644,164864.0,165120.0,2,651.2775031887755,648.4375,69.26282991178527,62.742421677690594,23.785166240409207,92.12662759918601,393,255.99609375,1.5351796749828337,1.0,0.20130089553517713,0.2152251418917172,-0.22880072406858906,1.060635964028923,1.2466564609981916,2.7310247918280552,4347.787012144286,2622.1658425007886,1.6580900192025052,6978.9351005207445
balanced_interleaved.csv,645,165120.0,165376.0,1,651.5045556265985,644.53125,67.24813771375301,58.013621166803716,24.358974358974358,92.09452103108275,392,255.99609375,1.5312733653772794,1.0,0.19966352096413179,0.21647426301652659,-0.23374113153233847,1.0584522574375343,1.248561122719414,2.7314346447789273,3799.12521494328,2633.8373465772265,1.4424297004826019,6461.221637869986
balanced_interleaved.csv,646,165376.0,165632.0,1,700.3852739726027,695.3125,81.76674012127656,80.95125042636165,31.59340659340659,85.6671352606809,366,255.99609375,1.429709315632868,1.0,0.20901584355277925,0.21228284045168747,-0.21863431811170042,1.059515657807507,1.2392442400151897,2.743322252794081,5942.615193836213,3878.710437204406,1.5321110688838564,9826.649923457087
balanced_interleaved.csv,647,165632.0,165888.0,0,666.8366514360313,667.96875,68.18482597007885,62.4641994979013,27.748691099476442,89.97705790584565,384,255.99609375,1.500022888532845,1.0,0.23472288890732243,0.21067538395197696,-0.19074869567117808,1.0704819561369474,1.2017763627017959,2.590496518016824,4037.1864807861484,3460.484194803794,1.1666536396404645,7520.732136426861
balanced_interleaved.csv,648,165888.0,166144.0,3,617.0459692028985,617.1875,45.43186569649938,27.26255889683986,7.990314769975787,97.23748795816323,415,255.99609375,1.6211184863050279,1.0,0.1746955703533204,0.22436179481817292,-0.2645312267424017,1.0692689290673874,1.2935320379768689,2.8190461667094215,2728.892460865459,996.1269525704577,2.7395026846966477,3741.20358744897
balanced_interleaved.csv,649,166144.0,166400.0,0,715.1829481792718,714.84375,87.00329138132507,80.25269364567076,30.89887640449438,83.89461766775801,358,255.99609375,1.3984588387884336,1.0,0.2308486169899753,0.2058027612773946,-0.19684493113981866,1.04833495093691,1.1787816702290657,2.583799296075907,6013.242940205613,3964.4336209793937,1.516797483601219,10010.076344944846
balanced_interleaved.csv,650,166400.0,166656.0,2,677.723986037234,675.78125,82.67628275583817,73.4854121188065,29.333333333333332,88.53161646355484,377,255.99609375,1.4726787212939652,1.0,0.21843447010702335,0.21142013019181222,-0.21015991588286315,1.0573625917805054,1.204388035375702,2.567948898597722,5781.376743088098,3926.093513704796,1.4725519712933668,9764.061298006207
balanced_interleaved.csv,651,166656.0,166912.0,2,712.8469797486033,703.125,81.95421826958442,57.98034722928478,37.53501400560224,84.16953666712587,360,255.99609375,1.4062714579995423,0.9972144846796658,0.21581991560628525,0.21003492730359047,-0.22337398482196508,1.0552806531868346,1.2098691072365109,2.6876073336872848,6084.053163716308,3630.410038361265,1.6758584015106446,9725.809169756374
balanced_interleaved.csv,652,166912.0,167168.0,0,729.375,722.65625,95.40418094604675,82.72466468936219,42.12034383954155,82.26221079691517,351,255.99609375,1.3711146715495537,1.0,0.21770058251043453,0.210678528745366,-0.22412330593123164,1.0580750218329633,1.1689358764463058,2.583335513579571,6002.411442288241,5422.383626961579,1.106969158811008,11437.043608885584
balanced_interleaved.csv,653,167168.0,167424.0,1,663.768262987013,660.15625,67.65553756245245,60.36711228092274,25.260416666666668,90.39299307561791,386,255.99609375,1.5078355077439536,1.0,0.2022557095890854,0.21424225163263433,-0.22700238453979232,1.0542249723268213,1.2459356507060326,2.719506050224947,4473.849348766914,2783.0035978851333,1.6075614678208436,7288.2873714844
balanced_interleaved.csv,654,167424.0,167680.0,2,631.8939511138614,628.90625,52.323485286562466,33.26649618659709,14.640198511166252,94.95264180680306,405,255.99609375,1.582055390249485,1.0,0.19358041547725263,0.21709339504574715,-0.23564658623604406,1.059097993619675,1.2663165323299908,2.7552369606248046,3306.4178819817225,1447.3738470216642,2.2844256090335673,4757.504510082447
balanced_interleaved.csv,655,167680.0,167936.0,1,678.233045212766,675.78125,66.63284634299076,59.0819935864205,26.400000000000002,88.4651675755162,377,255.99609375,1.4726787212939652,1.0,0.2108487822256111,0.21110984618531828,-0.21879797948237825,1.0565985002358527,1.2337878031227625,2.71937776231972,4473.067383275718,2878.2683842991833,1.5540827977252183,7360.7959505166655
balanced_interleaved.csv,656,167936.0,168192.0,3,711.9494254874652,703.125,75.76213256526039,68.26781452996957,23.18435754189944,84.27564915712736,360,255.99609375,1.4062714579995423,1.0,0.20848715148061836,0.20926381365380997,-0.2124512185170791,1.0544961581907901,1.286979757051174,2.885925213597557,6307.464585746494,2385.637690498079,2.6439323166585313,8699.385317976545
balanced_interleaved.csv,657,168192.0,168448.0,3,683.3738270777479,683.59375,64.72709320139967,38.764191938629466,21.774193548387096,87.79967511570173,375,255.99609375,1.4648661020828564,0.9973262032085561,0.18439488440994303,0.21580082511608978,-0.2482068264248895,1.0498234454464426,1.2768057086136986,2.8205684034974743,5160.924161473704,1508.7623273783138,3.4206342959540446,6676.7840212010215
balanced_interleaved.csv,658,168448.0,168704.0,3,644.6693497474747,644.53125,75.50120988999448,57.09244917386269,15.949367088607595,93.07096734706369,397,255.99609375,1.5508049134050508,1.0,0.17989491582162948,0.21905213959321368,-0.2571186097361274,1.0566790896286054,1.2803498858246571,2.8249471730868088,4325.493443057059,2100.2489900059863,2.059514592622054,6458.0986127796405
balanced_interleaved.csv,659,168704.0,168960.0,3,654.2519181585677,628.90625,94.54492755107572,49.44699949657961,21.794871794871796,91.70779379428294,392,255.99609375,1.5312733653772794,1.0,0.20277363161074224,0.2164930845516176,-0.22700301407051068,1.0572599422302822,1.2106240333132114,2.5894238590185683,4904.203912084981,2794.2878336696267,1.7550818684431968,7724.6355729566985
balanced_interleaved.csv,660,168960.0,169216.0,0,777.0221989329268,773.4375,85.09740452151082,81.86611910757739,49.235474006116206,77.21787110123381,329,255.99609375,1.2851758602273595,1.0,0.24878566508890898,0.20255381817067786,-0.17722148156562784,1.0532309256320178,1.13711973974806,2.478349279423716,5963.676701266416,5530.178826352425,1.0783876776006385,11502.531343955969
balanced_interleaved.csv,661,169216.0,169472.0,2,729.8214285714286,728.515625,73.02669500987597,64.46762299497426,26.64756446991404,82.21189136285784,351,255.99609375,1.3711146715495537,1.0,0.1907985535361436,0.21103209410549978,-0.23882705182353428,1.0411300899553666,1.2618145416427333,2.809399701648953,5243.7445477084775,2640.7522004054194,1.9857010994456183,7894.124866383145
balanced_interleaved.csv,662,169472.0,169728.0,2,598.7566021126761,597.65625,48.38269150041422,28.485864052670156,10.117647058823529,100.20766332812643,428,255.99609375,1.6719005111772336,0.9976580796252927,0.19387188229651042,0.21873382240814918,-0.23354993021208115,1.0616802223260011,1.2719195283671705,2.7649600112468953,3060.784639692808,1185.7968858771278,2.581204821961361,4247.817133360659
balanced_interleaved.csv,663,169728.0,169984.0,1,673.822971635884,667.96875,69.24421702005344,40.54867534500508,18.78306878306878,89.04415926090215,380,255.99609375,1.484397650110628,1.0,0.19493495448569625,0.21469909615538585,-0.23093634978620398,1.0626521353210086,1.3172175549669756,2.974053098006098,4561.336337410995,1766.1347871173853,2.5826660403738644,6341.81496170443
balanced_interleaved.csv,664,169984.0,170240.0,1,667.9278468586388,664.0625,61.72105943031574,44.50121946963675,29.396325459317584,89.83006215744511,383,255.99609375,1.4961165789272908,1.0,0.20740990634907905,0.21454395763481857,-0.23046504608766005,1.063327030540213,1.2199997660046475,2.6836759201211002,4269.076319333996,2496.5362159079914,1.709999755714071,6768.951095872986
balanced_interleaved.csv,665,170240.0,170496.0,1,664.2557779947916,660.15625,73.2790642031581,67.49728868847522,30.809399477806785,90.32665125040201,385,255.99609375,1.5039291981383993,1.0,0.21877077196802935,0.21299259368780865,-0.21671406540807853,1.063896881452377,1.2020107542657288,2.608531116567982,4830.760246519451,3391.9108962676114,1.424200220540911,8235.2791094644
balanced_interleaved.csv,666,170496.0,170752.0,0,661.327115633075,656.25,65.16758939071225,47.34072798542594,29.792746113989637,90.72665944229918,388,255.99609375,1.5156481269550621,1.0,0.22398761124725983,0.21260199765414045,-0.20688563727274656,1.0668327904362052,1.2028237291414339,2.617145679748461,4237.5613925907,2842.801993625091,1.490628401870169,7084.174877835673
balanced_interleaved.csv,667,170752.0,171008.0,3,677.5785405585107,679.6875,58.69657699447659,36.906104466266825,18.933333333333334,88.55062019901565,378,255.99609375,1.4765850308995194,0.9973474801061007,0.18742191138418784,0.21473781163362374,-0.23886246551202978,1.049708470554195,1.2756619193927852,2.8156030751656287,4224.368180306571,1521.9848471935911,2.7755652023053594,5748.23677033734
balanced_interleaved.csv,668,171008.0,171264.0,0,695.1102690735695,691.40625,74.25806507325528,68.35586812823674,31.693989071038253,86.317240112086,368,255.99609375,1.4375219348439765,1.0,0.22895258927487236,0.20819648995074777,-0.2014379865425913,1.0566275684929114,1.1900974370503736,2.594731139806033,5038.848431680581,3702.9388164388315,1.3607701021985863,8753.865115184735
balanced_interleaved.csv,669,171264.0,171520.0,2,698.8976883561644,695.3125,69.29868004084297,49.14219050512151,27.747252747252748,85.84947553786081,366,255.99609375,1.429709315632868,1.0,0.2195667957231786,0.2076309065194732,-0.20453627933149696,1.0503567518674524,1.2260964935208645,2.714364767583759,5710.968620275466,2469.072265339062,2.3130018106178087,8183.365382625443
balanced_interleaved.csv,670,171520.0,171776.0,0,720.4824329096045,722.65625,85.13280796796577,54.00066018233818,33.711048158640224,83.27753357940361,356,255.99609375,1.390646219577325,0.9971830985915493,0.2352898410262167,0.20391227701735518,-0.18978473055353776,1.0485822769032964,1.2010326572859102,2.6629193911452784,6049.0112057244805,2886.7288335352673,2.0954552902416146,8942.831863731908
balanced_interleaved.csv,671,171776.0,172032.0,1,674.1321734828496,660.15625,89.90763042760551,59.22690320595916,34.92063492063492,89.00331768770927,380,255.99609375,1.484397650110628,1.0,0.2296830903484355,0.21129238341480555,-0.20565672405594113,1.0600887691587988,1.148391161593047,2.42528722621769,4995.934808303122,4404.165516917835,1.1343658155244412,9402.42675743208
balanced_interleaved.csv,672,172032.0,172288.0,1,648.8052639949109,644.53125,74.11312966500277,65.38609502937433,23.97959183673469,92.47767139027194,394,255.99609375,1.539085984588388,1.0,0.20779104021196476,0.21581083324323527,-0.23052787070815325,1.0654792005188385,1.215131960115542,2.633734264404924,4932.947547751056,2805.828813754291,1.7581070960457528,7746.001092114336
balanced_interleaved.csv,673,172288.0,172544.0,2,650.6341444020356,648.4375,66.59026483882242,57.88191653494733,22.448979591836736,92.21772407155623,395,255.99609375,1.5429922941939422,0.9974619289340102,0.19314760411004897,0.2174365218576138,-0.24077253996141834,1.0618998142814091,1.271069312991202,2.8231104324662537,4385.218218946893,2499.9263782680237,1.754138944677651,6909.220882243795
balanced_interleaved.csv,674,172544.0,172800.0,1,638.843201754386,628.90625,74.93767695703993,58.427318069046436,19.09547738693467,93.91975970821711,400,255.99609375,1.5625238422217136,1.0,0.2025633038570834,0.21596668073712227,-0.2332514314459952,1.055832160169794,1.2095644896924684,2.6141782011689347,4619.834142307334,2603.209456450905,1.7746686233253786,7249.705918740649
balanced_interleaved.csv,675,172800.0,173056.0,3,628.4359643734643,628.90625,45.40684846422237,27.077177465272065,7.635467980295567,95.47512141482636,408,255.99609375,1.593774319066148,1.0,0.18181140186382164,0.21978688479554281,-0.24445233482654946,1.0617188732258498,1.299506512067241,2.849511936598063,2969.5762056607423,879.5283083952534,3.3763281719480904,3849.1411419758942
balanced_interleaved.csv,676,173056.0,173312.0,3,591.9736078886311,589.84375,45.972595471592946,26.86126968928487,5.5813953488372094,101.35586992467388,432,255.99609375,1.6875257495994507,1.0,0.17615090764422453,0.22297615811227336,-0.25472237631855743,1.0641883351598593,1.322574776933868,2.891333960074695,2887.665359178582,709.4040184915488,4.070551172403576,3598.002209480176
balanced_interleaved.csv,677,173312.0,173568.0,3,691.1528716216217,691.40625,87.79746390420532,59.74167706281302,21.138211382113823,86.81147465860141,371,255.99609375,1.4492408636606393,1.0,0.19789705380430453,0.2105562750678433,-0.22599134380965832,1.051637817697938,1.2839378315220809,2.9031920773750164,6958.805218226881,1962.6703321646849,3.5455802761087325,8963.839607004044
balanced_interleaved.csv,678,173568.0,173824.0,3,719.1472457627119,718.75,93.98723299028791,72.77161226292577,34.27762039660057,83.43214877554777,356,255.99609375,1.390646219577325,0.9971830985915493,0.2140619365687302,0.21035946320917115,-0.22646998317686984,1.063185651304737,1.1986201344449652,2.679956315723696,6336.532126548888,3928.046305353981,1.613151076633722,10305.557979147754
balanced_interleaved.csv,679,173824.0,174080.0,0,699.1117294520548,691.40625,104.34022710694883,83.076780798064,36.81318681318682,85.8231917336395,366,255.99609375,1.429709315632868,1.0,0.22626511845317537,0.20955646912181872,-0.20601705366427567,1.0563905020327067,1.1654494748780213,2.5259016938104235,5434.8283072036,5097.710535652606,1.0661312110982457,10538.852275281102
balanced_interleaved.csv,680,174080.0,174336.0,2,619.5577973300971,615.234375,61.238741320519296,50.062614644238145,14.841849148418493,96.84326508125976,414,255.99609375,1.6172121766994736,0.9975786924939467,0.19705209452423814,0.21645221313171267,-0.22986587804300118,1.059770004340616,1.2742735739636535,2.7835454524480587,3986.523146223711,1899.7626363638306,2.0984322303832474,5899.7901824455375
balanced_interleaved.csv,681,174336.0,174592.0,2,678.8771609042553,673.828125,62.63066391973164,41.015749007749044,20.8,88.38123221008172,377,255.99609375,1.4726787212939652,1.0,0.19216529516452516,0.2148389928985457,-0.2399480969921463,1.0538656302277343,1.25287220630238,2.77813642953779,4593.146612044052,1896.7870997546909,2.4215404104330305,6492.408467627571
balanced_interleaved.csv,682,174592.0,174848.0,1,728.0760327635328,726.5625,68.11205414708698,61.10717848857711,31.428571428571427,82.40897557396595,352,255.99609375,1.375020981155108,1.0,0.22350256811088487,0.20795142495368768,-0.1982047441706364,1.0566881370698038,1.2358152806674447,2.724901889010942,4844.068137148382,2840.747469382113,1.7052089949417464,7696.030682182638
balanced_interleaved.csv,683,174848.0,175104.0,1,646.09375,644.53125,53.94698398446374,39.72023192828644,18.781725888324875,92.86577992744861,396,255.99609375,1.5468986037994965,1.0,0.20446626117106365,0.2139860691613986,-0.21189078158681915,1.0601705311866563,1.3082857539437878,2.8708191743715856,3192.052641841161,1674.6145562014708,1.9061417028893477,4868.921235716845
balanced_interleaved.csv,684,175104.0,175360.0,0,728.3705357142857,720.703125,95.3653243111517,76.36756750673999,38.68194842406877,82.37565505194448,352,255.99609375,1.375020981155108,0.9971509971509972,0.23836405207452194,0.204061682909447,-0.193990262421895,1.0499141115743826,1.1691420179720744,2.602804785135988,7521.197797766659,4189.411166571946,1.7952875711459477,11753.887749457444
balanced_interleaved.csv,685,175360.0,175616.0,0,658.4044780927835,638.671875,99.58507183763449,69.97579894812647,30.23255813953488,91.12939233615707,389,255.99609375,1.5195544365606164,1.0,0.20950617140719152,0.21691265548263736,-0.23763649936341624,1.0529961102169985,1.1259527894419714,2.3362224180460958,4753.624492552611,4389.9784030754445,1.0828355076240035,9166.198543837174
balanced_interleaved.csv,686,175616.0,175872.0,3,640.7133322864322,617.1875,92.45013786244245,64.59154819812227,21.158690176322416,93.64562430109832,399,255.99609375,1.5586175326161593,1.0,0.197758802368814,0.2179761737367159,-0.23705774011036115,1.0555645249441108,1.1932444675801934,2.550552289843461,4991.077139560247,3040.318590259266,1.6416296487976374,8041.445632711275
balanced_interleaved.csv,687,175872.0,176128.0,0,730.0558035714286,734.375,86.38381691298085,72.4003411374957,41.833810888252145,82.18549829544587,351,255.99609375,1.3711146715495537,1.0,0.2391664781793115,0.2045424901616378,-0.18523059143532067,1.0545928892335643,1.178059507363928,2.5945955858323577,5585.409652102504,4548.823163539556,1.227880146423708,10139.03525826039
balanced_interleaved.csv,688,176128.0,176384.0,2,677.8431697612732,675.78125,63.89663121747121,41.52645028763622,21.01063829787234,88.5160501375726,378,255.99609375,1.4765850308995194,1.0,0.21007689993705095,0.2114445922156243,-0.2183734913360751,1.0564525336316923,1.249624225063285,2.745710113974762,4662.633414381824,1976.3208875848086,2.3592491703510063,6642.626629835026
balanced_interleaved.csv,689,176384.0,176640.0,0,658.9450096899225,656.25,64.38387151529233,44.65466504822468,27.72020725388601,91.05463903313267,388,255.99609375,1.5156481269550621,1.0,0.20886647059922753,0.21490007559701088,-0.22723023281597973,1.063244383006886,1.2037657380838005,2.6022540299580585,4034.315933208483,2636.017911101285,1.5304584677586701,6685.47903056161
balanced_interleaved.csv,690,176640.0,176896.0,1,686.0862097855228,683.59375,64.35604458266788,46.4826454453699,26.881720430107524,87.45256666615786,374,255.99609375,1.4609597924773021,1.0,0.22122413386194267,0.20938204213483363,-0.20437560698606574,1.0649716933156517,1.2689537158312554,2.822989123494809,4864.581586418804,2469.7434307764497,1.9696708272605685,7338.651655434546
balanced_interleaved.csv,691,176896.0,177152.0,2,682.1001838235294,679.6875,73.69751675361204,63.25761130493998,28.418230563002684,87.96361798888327,375,255.99609375,1.4648661020828564,1.0,0.2009155436427872,0.21267685108296577,-0.22739924531492753,1.051528879470074,1.2388029728283434,2.6983392190542217,5600.508947209858,2843.1727780873944,1.9698095699190419,8464.15795692943
balanced_interleaved.csv,692,177152.0,177408.0,2,695.9830551771117,691.40625,80.55016033941915,81.98829338117869,32.78688524590164,86.20899539677927,368,255.99609375,1.4375219348439765,1.0,0.20713873473213348,0.21211797267543644,-0.222815341668715,1.056096739960209,1.2409374796201298,2.744021899633278,6301.548557960209,3753.7425411926374,1.678737550273782,10058.931379125848
balanced_interleaved.csv,693,177408.0,177664.0,1,707.8450520833334,707.03125,80.00846345171763,69.34438502303317,33.147632311977716,84.76431363531846,362,255.99609375,1.4140840772106509,0.997229916897507,0.21170618584621495,0.21088557290902565,-0.21276390685989507,1.0577669153732565,1.2337940492011088,2.7077336152870926,5812.362660641977,3400.6790718833427,1.7091770607518724,9243.502980760528
balanced_interleaved.csv,694,177664.0,177920.0,3,684.6724195710456,687.5,80.49082836562671,47.375485355753476,17.20430107526882,87.63314876563982,374,255.99609375,1.4609597924773021,1.0,0.18816768507205112,0.21397069820183418,-0.2370197813205127,1.0509335184188915,1.3009512765301068,2.9094883481993463,4539.082077827476,1591.2805638951486,2.852471261709297,6145.8050702044775
balanced_interleaved.csv,695,177920.0,178176.0,3,628.1864250614251,628.90625,50.44158445476182,28.61053346369079,8.866995073891626,95.51304772963393,408,255.99609375,1.593774319066148,1.0,0.18350948646718898,0.21917917183650007,-0.2419321736828938,1.0545304825030937,1.2926500944802128,2.8032480258366226,3011.7332433677498,956.9739988085338,3.1471421868488205,3970.301597672962
balanced_interleaved.csv,696,178176.0,178432.0,3,741.5175327034884,746.09375,68.34672636974535,47.19751326143197,29.737609329446062,80.9151467818257,345,255.99609375,1.347676813916228,1.0,0.2066447781299576,0.2086806506162816,-0.21462661694318452,1.0567803779971403,1.2867931860501642,2.9181431207483373,6189.06029249126,1913.156424247805,3.234999613230586,8110.574649265924
balanced_interleaved.csv,697,178432.0,178688.0,0,643.084855163728,636.71875,71.87950559611708,65.21622694849957,16.666666666666664,93.30028458643164,398,255.99609375,1.554711223010605,1.0,0.2107673984048166,0.21265772807610875,-0.21046435855359527,1.058879722662245,1.2754047538735305,2.7670138787972327,4348.662496135291,2537.3840359570668,1.7138369417127015,6907.884970381105
balanced_interleaved.csv,698,178688.0,178944.0,2,706.4252943213296,699.21875,97.73636319376132,75.85571405944809,35.0,84.93467105767022,363,255.99609375,1.4179903868162052,0.9972375690607734,0.21984122656128338,0.21017392096797677,-0.21060693227089844,1.0588942135192554,1.1862629338892596,2.5961042312034426,7181.432442697513,4415.827201291321,1.6262938098206028,11629.653191631862
balanced_interleaved.csv,699,178944.0,179200.0,2,717.0382724719101,714.84375,75.68756018810033,55.57434528416151,36.901408450704224,83.67754177633593,357,255.99609375,1.3945525291828793,1.0,0.21325269370053598,0.209191442508718,-0.21140320363646606,1.0580845221231372,1.2401112823100198,2.7551104962254778,5860.486140544424,2894.1705986191228,2.0249276747336875,8762.106075314618
balanced_interleaved.csv,700,179200.0,179456.0,2,707.9318576388889,714.84375,84.66034913165495,67.83954447205944,30.64066852367688,84.75391996076208,362,255.99609375,1.4140840772106509,0.997229916897507,0.21474881018507716,0.2094202171947948,-0.2105915368728359,1.0565974776799094,1.2544111852877262,2.7882941085968618,5093.037146986855,3413.06966678647,1.4922159944605338,8548.989937993509
balanced_interleaved.csv,701,179456.0,179712.0,1,657.4279155927835,656.25,63.97325629236062,58.87167613160898,22.997416020671835,91.26475857950108,390,255.99609375,1.5234607461661707,0.9974293059125964,0.21542763014712304,0.2127498604186308,-0.21111256573660037,1.0614118818961418,1.2466244248319047,2.724899456206729,4060.724373184428,2732.4907693952573,1.4860889627389773,6820.797214724744
balanced_interleaved.csv,702,179712.0,179968.0,1,681.0520833333334,679.6875,57.335688275983664,41.467964615128196,22.994652406417114,88.09898900292133,376,255.99609375,1.4687724116884109,1.0,0.21213665227403555,0.21202091560515082,-0.20884099375052168,1.0613055291429496,1.2614474294176887,2.7719297922909396,3454.2340918376435,2064.059557238285,1.6735147393030725,5518.502920352453
balanced_interleaved.csv,703,179968.0,180224.0,0,781.3814029051988,773.4375,85.40443713703165,81.9627507604644,46.012269938650306,76.7870847410986,328,255.99609375,1.2812695506218053,1.0,0.24951922494312812,0.2024261116538342,-0.17485233118631727,1.057844747738037,1.1588040049908985,2.5539378497833667,6558.812722709291,5202.36399821024,1.2607369889853357,11770.124196098617
balanced_interleaved.csv,704,180224.0,180480.0,3,665.1130058746736,660.15625,71.18516712849004,41.850750236055276,20.680628272251308,90.21023415576649,385,255.99609375,1.5039291981383993,0.9973958333333334,0.20655148543617466,0.21137815631838297,-0.21595456131223092,1.0477199156961892,1.2487158574092632,2.6904004643449078,4747.150126125739,1958.120193800293,2.4243405186034748,6707.583222613445
balanced_interleaved.csv,705,180480.0,180736.0,0,712.3559706703911,705.078125,82.84209798304441,58.25172996485864,33.89355742296919,84.22755261464938,359,255.99609375,1.4023651483939878,1.0,0.21007132189198005,0.2101152430135036,-0.2232542521069808,1.050165714693742,1.2262604632450016,2.72195679645018,6411.769828469945,2974.1632402257023,2.1558231040416502,9387.45530024847
balanced_interleaved.csv,706,180736.0,180992.0,0,689.6689690026955,687.5,84.74234613159393,58.40234785617801,37.567567567567565,86.99825959512687,372,255.99609375,1.4531471732661936,1.0,0.21418945743238638,0.21362117313105325,-0.22693551097311776,1.0637367826655517,1.1817758160172673,2.575178199613486,4727.361043936367,4130.184777351167,1.1445882687525157,8858.534856157425
balanced_interleaved.csv,707,180992.0,181248.0,2,681.442179144385,667.96875,85.96713563486571,67.81344686364066,27.61394101876676,88.04855618907486,376,255.99609375,1.4687724116884109,0.9973333333333333,0.2101343177908069,0.2117239707501046,-0.2159823870169868,1.055891708929862,1.2296626778087547,2.701452592213534,5682.951243480592,3458.816417603897,1.643033499713023,9167.392816651676
balanced_interleaved.csv,708,181248.0,181504.0,0,758.7282084569733,761.71875,84.55144090223259,70.75482460144029,44.642857142857146,79.0797011778725,338,255.99609375,1.320332646677348,1.0,0.22469098546470417,0.20642787521105987,-0.2051800323651497,1.0474687656913997,1.1699024224684076,2.563305722852374,5701.281587918338,4881.072542747213,1.1680386919038672,10586.462997398858
balanced_interleaved.csv,709,181504.0,181760.0,1,621.9512195121952,621.09375,46.5380183281087,30.68619609293459,12.71393643031785,96.47058823529412,411,255.99609375,1.6054932478828108,1.0,0.20645229753051184,0.21870730293809743,-0.2244496113789598,1.0773737579678593,1.2821353597816458,2.8093309887078286,2564.8481298367396,1356.540765306276,1.8907269102655058,3921.815551263364
balanced_interleaved.csv,710,181760.0,182016.0,2,610.3352476133651,609.375,56.73180491916381,47.239211932149594,12.679425837320574,98.30662776666107,420,255.99609375,1.6406500343327992,1.0,0.19641063991552665,0.21826694528807955,-0.23268894018443867,1.0708652046636775,1.2958118262420617,2.8416261140103956,3432.975093163588,1623.961345796562,2.1139512353846666,5059.912223317771
balanced_interleaved.csv,711,182016.0,182272.0,1,673.1530343007915,667.96875,73.34154831068996,53.30747673925504,21.428571428571427,89.1327780499755,380,255.99609375,1.484397650110628,1.0,0.20864661434553494,0.21185753317749653,-0.21475077020161956,1.0644170649074653,1.2890900636524556,2.885528558246028,5096.244296007046,2078.1996585557004,2.452239983307867,7178.509024568243
balanced_interleaved.csv,712,182272.0,182528.0,1,675.1405423280423,671.875,67.19417153696925,61.65140346543721,27.851458885941643,88.8703851099002,379,255.99609375,1.4804913405050737,1.0,0.1977545009560041,0.2164696803610212,-0.23195686353980471,1.0613364943860424,1.2536831601056,2.73279634790622,4700.016278204115,2746.480753962685,1.7112868063695057,7468.379427945034
balanced_interleaved.csv,713,182528.0,182784.0,3,665.8528645833334,664.0625,69.8661005998448,60.54860223995517,20.10443864229765,90.10999755560987,385,255.99609375,1.5039291981383993,1.0,0.18308867461080555,0.21683370827988707,-0.2486206237385375,1.0527508046145235,1.2799011958879696,2.829221332167428,5103.364779718992,2204.937256777514,2.314517006791155,7347.058440322114
balanced_interleaved.csv,714,182784.0,183040.0,3,652.34375,648.4375,76.01518132891579,58.06485388003466,15.64102564102564,91.97604790419162,393,255.99609375,1.5351796749828337,0.9974489795918368,0.18954720782180376,0.21735078078620118,-0.23792109985759258,1.061344140252359,1.2958329642470992,2.863032551771604,5191.599205594486,2045.1255721681775,2.53852344141906,7268.006101108548
balanced_interleaved.csv,715,183040.0,183296.0,3,620.2119993932039,613.28125,64.22440307385956,30.13103692565233,8.51581508515815,96.7411144232974,413,255.99609375,1.6133058670939193,1.0,0.18252689108886772,0.2212051563965645,-0.24861494193291983,1.067285320157043,1.2971928786890206,2.8569612052622864,3895.0976970376914,951.9711443394207,4.091613196679955,4848.419027703087
balanced_interleaved.csv,716,183296.0,183552.0,0,793.6137071651091,789.0625,84.47978237790552,82.82839064815445,48.4375,75.603532875368,322,255.99609375,1.2578316929884794,1.0,0.2533324109421699,0.1995771171906705,-0.16890675852934178,1.046350386479608,1.13444976493272,2.470344456900585,5855.2841420481345,5597.406775921817,1.046070863964295,11457.9359256016
balanced_interleaved.csv,717,183552.0,183808.0,2,672.4814967105264,667.96875,76.1658200781055,50.34770596480574,23.218997361477573,89.22178571974503,381,255.99609375,1.4883039597161822,1.0,0.2088970310062433,0.20982195653963787,-0.21125894061244874,1.051156196549851,1.2603070089272768,2.7745502360024545,5043.592785819595,2804.0546435600113,1.7986784948727956,7851.456947464706
balanced_interleaved.csv,718,183808.0,184064.0,2,618.133323244552,613.28125,66.54046475193915,53.30507443339392,15.53398058252427,97.06643816751844,414,255.99609375,1.6172121766994736,1.0,0.19720759711974897,0.21697863946140383,-0.2311861097351864,1.0620343379247,1.273111426289853,2.778052829832106,4300.78818040153,1994.9587046786532,2.1558281734429676,6324.069859836054
balanced_interleaved.csv,719,184064.0,184320.0,2,675.2852182539683,648.4375,108.72918839820983,66.82426651620314,26.790450928381965,88.85134514736939,379,255.99609375,1.4804913405050737,1.0,0.20361103258842886,0.2127273387109816,-0.23236223971297337,1.0513076961089989,1.2203720262820785,2.707715799996608,6330.700633230369,3044.9722238097766,2.0790667920476427,9395.77460610051
balanced_interleaved.csv,720,184320.0,184576.0,1,730.2896669054442,726.5625,92.73077713104085,77.47829723192497,42.81609195402299,82.15917973240148,351,255.99609375,1.3711146715495537,0.9971428571428571,0.21363991998446136,0.20923401996607036,-0.21846194231887878,1.0454318143037793,1.1914851203944286,2.604255768048051,6237.506172429841,4710.56355015979,1.324152854750947,10990.531708337192
balanced_interleaved.csv,721,184576.0,184832.0,1,692.528370596206,691.40625,77.67991371893031,69.02697111396732,31.521739130434785,86.63904981733135,370,255.99609375,1.445334554055085,1.0,0.21429030162876359,0.2102870707786306,-0.21051677168777766,1.05516915916703,1.2290250554455528,2.7035957884919783,5644.0924528346895,3549.8515245680287,1.5899516962252394,9205.726841950061
balanced_interleaved.csv,722,184832.0,185088.0,0,645.3302556818181,640.625,59.563258076731465,42.30874367476569,23.29113924050633,92.97565002063558,397,255.99609375,1.5508049134050508,1.0,0.22340279220509174,0.21206566818659514,-0.206712027687421,1.0561482813255822,1.1908542543511766,2.5320458474495826,3728.7115796606304,2486.674770853294,1.4994769816163518,6216.117411984576
balanced_interleaved.csv,723,185088.0,185344.0,3,668.5516197643979,671.875,55.45707188473883,40.81336931282878,17.060367454068242,89.74624879548479,383,255.99609375,1.4961165789272908,1.0,0.1844301011088297,0.2175166012329554,-0.2499854209538011,1.0549905645907485,1.2823908302463427,2.819692195292186,3730.3770229001275,1505.9398001259706,2.477108993724772,5262.699701299915
balanced_interleaved.csv,724,185344.0,185600.0,0,709.1796875,710.9375,89.11701676374351,74.23220675909856,30.362116991643457,84.60479206830074,361,255.99609375,1.4101777676050966,1.0,0.2302712273555373,0.2065000523036705,-0.1987558911011723,1.0518241515103681,1.176409884704538,2.5901864637646366,5425.468830480013,3539.235925930527,1.5329491856504485,8995.658722543223
balanced_interleaved.csv,725,185600.0,185856.0,2,736.3394147398844,738.28125,92.89705237315253,89.7930307373523,39.42028985507247,81.48416178590045,347,255.99609375,1.3554894331273366,1.0,0.22562132809891958,0.20681595491983934,-0.1986005957104034,1.0648195820542496,1.2252064133978013,2.730657917048714,7358.560182697881,4862.871967265536,1.5132128158487599,12269.96876216817
balanced_interleaved.csv,726,185856.0,186112.0,2,696.909059945504,695.3125,90.03257456070466,70.4076016115452,36.0655737704918,86.09444682020893,368,255.99609375,1.4375219348439765,1.0,0.21888358300047528,0.21032022548721144,-0.20773467709647733,1.0571906535018132,1.2139198590443978,2.6527861164739006,5606.532015895942,3841.5295721666043,1.4594530409234583,9491.032771203392
balanced_interleaved.csv,727,186112.0,186368.0,0,643.9689867424242,640.625,69.08228332579004,63.227263461562345,27.848101265822784,93.17218877808924,397,255.99609375,1.5508049134050508,1.0,0.22126144087789365,0.21344777622854288,-0.21389481053665726,1.062373469114306,1.1848567211368333,2.5452996455578054,4137.6528624616585,3280.3700608063687,1.2613372228633728,7429.943093529278
balanced_interleaved.csv,728,186368.0,186624.0,1,632.8221689356436,628.90625,61.58734994149235,42.595715364714344,19.851116625310176,94.81336613240843,405,255.99609375,1.582055390249485,1.0,0.19522217815445825,0.21718317847470234,-0.24020144246617964,1.055832160169794,1.2480758444292481,2.7116523642189296,3661.520452673409,2093.094097685908,1.749333896035314,5760.3355145878895
balanced_interleaved.csv,729,186624.0,186880.0,2,699.5192307692307,703.125,73.58478003920622,61.73872957027417,24.242424242424242,85.77319587628867,365,255.99609375,1.4258030060273137,1.0,0.19512835081798013,0.21191705564738414,-0.22995209391170024,1.0450371905316709,1.2647307826426573,2.8029399373548447,4635.624470304221,2687.7441639906747,1.7247268294395244,7334.333207592496
balanced_interleaved.csv,730,186880.0,187136.0,1,764.1864708083832,769.53125,94.76546852725627,65.49082813688058,40.24024024024024,78.51486815322691,335,255.99609375,1.3086137178606851,1.0,0.22706715231667984,0.20366492888236587,-0.19568821518648666,1.0420865648438833,1.194028397428344,2.620615407822539,7155.371363420777,3941.9909428572473,1.8151668705343083,11112.180309242473
balanced_interleaved.csv,731,187136.0,187392.0,3,625.5539425427872,609.375,73.90561337275281,34.64618410325539,12.745098039215685,95.91498977068002,410,255.99609375,1.6015869382772565,1.0,0.17777933846785463,0.22097074263003036,-0.2559779953371683,1.0571683920331718,1.2806989078760307,2.812873575509662,3665.808245179594,1185.8298936931126,3.091344099753559,4853.928004784017
balanced_interleaved.csv,732,187392.0,187648.0,3,609.4682279236276,605.46875,57.34685586682731,48.21970673934629,10.526315789473683,98.44647719276777,420,255.99609375,1.6406500343327992,1.0,0.17086619413685397,0.22123231966396348,-0.26389967854509605,1.0485944610389781,1.2734802581017775,2.7449866808973598,4037.9589404981893,1458.542386229676,2.7684892661476166,5514.850620437447
balanced_interleaved.csv,733,187648.0,187904.0,3,612.4381744604317,609.375,66.24437182000834,53.13661198125361,13.221153846153847,97.96907263800303,418,255.99609375,1.6328374151216907,1.0,0.1804324699460219,0.2210889406556235,-0.2516037301679996,1.0609044433805588,1.268818680895987,2.771631895777026,4268.186328276449,1858.9995344772533,2.2959587934897754,6160.985469604155
balanced_interleaved.csv,734,187904.0,188160.0,3,624.1977383863081,609.375,75.21402281224435,40.27538348327711,17.647058823529413,96.12338576412266,411,255.99609375,1.6054932478828108,0.9975609756097561,0.1947150529469546,0.22022084923454943,-0.2446745252255233,1.0636814662843113,1.2295373502912135,2.64402060325994,3824.4149245803005,2115.030052645191,1.8082083135401523,5950.553328512475
balanced_interleaved.csv,735,188160.0,188416.0,0,721.4832684135978,718.75,72.21467041521606,58.93823333522309,36.93181818181818,83.16201168729582,354,255.99609375,1.3828336003662165,1.0,0.2409149054980563,0.20665668819197539,-0.1878080729605114,1.0574130042548135,1.159580995869555,2.5085870095221985,4801.224322397308,4096.655421114034,1.1719863715293086,8899.06925135187
balanced_interleaved.csv,736,188416.0,188672.0,2,688.0790936657681,691.40625,59.08955712453601,39.20581816783651,18.91891891891892,87.1992777463237,372,255.99609375,1.4531471732661936,1.0,0.1965466675209201,0.211725271579437,-0.2208406827649246,1.0441938179228698,1.2703323766096977,2.781897291525511,3950.9422002923106,1729.4486126202496,2.284509739960602,5681.115733880256
balanced_interleaved.csv,737,188672.0,188928.0,2,643.9295296717172,644.53125,54.16425895624367,33.96530160055193,16.20253164556962,93.17789794574058,398,255.99609375,1.554711223010605,0.9974811083123426,0.19159895292946238,0.2179112792014401,-0.24229281893650517,1.0650484710636439,1.2769959604627033,2.829965138937103,3716.1381500420616,1444.6546159911538,2.5723367432654345,5161.381744718665
balanced_interleaved.csv,738,188928.0,189184.0,1,696.5152418256131,695.3125,66.5267457032613,43.94062807075853,25.40983606557377,86.14312565901068,369,255.99609375,1.4414282444495308,0.9972826086956522,0.22127013692621714,0.20796415077759015,-0.20001950835768545,1.062997785997737,1.2647485313811029,2.8350550000389214,5288.086134657411,1977.035717967933,2.674754981206254,7270.730066584542
balanced_interleaved.csv,739,189184.0,189440.0,1,722.4238668555241,722.65625,84.06272945088223,54.55496445030141,39.20454545454545,83.0537344525458,355,255.99609375,1.3867399099717708,0.9971751412429378,0.2120962562598219,0.21127266598410693,-0.21877526981792367,1.0583967814701363,1.227477970309125,2.698965847562862,5464.809943181198,3210.103224159607,1.7023782606280098,8677.31708728887
balanced_interleaved.csv,740,189440.0,189696.0,1,747.0531798245614,742.1875,95.88999519957854,94.32956395189989,46.33431085043988,80.31556737913952,343,255.99609375,1.3398641947051193,1.0,0.22496854978477165,0.20915355207744757,-0.21256752864930178,1.0579722661490436,1.1596302301738373,2.559023251213376,7604.2228363924405,5381.3336140048905,1.4130740410894602,12991.917068558996
balanced_interleaved.csv,741,189696.0,189952.0,0,712.083187849162,710.9375,78.49020794463713,73.50001669194275,38.095238095238095,84.25981826818467,359,255.99609375,1.4023651483939878,1.0,0.23820757670334863,0.20759116705322836,-0.18955813879239863,1.0660951346511562,1.187807415683559,2.5907837311896857,5763.723316010133,4359.816909124833,1.3220104045991035,10155.24666890319
balanced_interleaved.csv,742,189952.0,190208.0,3,717.2138342696629,714.84375,71.37756520403246,65.34499179160342,25.070422535211268,83.65705893152195,357,255.99609375,1.3945525291828793,1.0,0.19903360946732626,0.20874133538431147,-0.22259637157613854,1.0451179338057524,1.273601757815292,2.87086287562751,5946.454100692401,2612.6852916981347,2.2759932547511137,8597.652832276568
balanced_interleaved.csv,743,190208.0,190464.0,0,680.5520833333334,675.78125,75.37746520097515,67.0184261180329,30.481283422459892,88.1637151209955,376,255.99609375,1.4687724116884109,1.0,0.21920245006851774,0.2097861492277531,-0.20745365028672522,1.0518781144488913,1.195838426736822,2.583147454135676,5208.104893811565,3654.6040116786817,1.4250804949506166,8880.108918128108
balanced_interleaved.csv,744,190464.0,190720.0,2,756.0442862426036,753.90625,78.38298424606799,63.25753358654226,38.27893175074184,79.36043045598373,339,255.99609375,1.3242389562829022,1.0,0.20690675581748216,0.2075117705802933,-0.22429612849631853,1.0423134977461237,1.2088310549166175,2.7010634679609984,7218.387031437068,3198.789864166818,2.25659931972969,10418.72727108869
balanced_interleaved.csv,745,190720.0,190976.0,0,701.5754132231405,703.125,86.49018953320679,69.21314102073373,28.45303867403315,85.52181115405854,364,255.99609375,1.4218966964217594,1.0,0.2346527210393236,0.20648153228800906,-0.18812093017859338,1.0575481365796624,1.1985855566329155,2.646203379354075,5913.467048248233,3253.24032309382,1.8177160187860169,9232.929419173992
balanced_interleaved.csv,746,190976.0,191232.0,1,680.3627825797872,669.921875,89.72881309710816,73.53190961596763,36.0,88.18824535418162,378,255.99609375,1.4765850308995194,0.9973474801061007,0.22195738847208926,0.21341768681594933,-0.22185526312601103,1.054049750182,1.1324564698052628,2.367637608358594,5647.399288606814,4672.984455872446,1.208520880378671,10347.588209446338
balanced_interleaved.csv,747,191232.0,191488.0,1,629.4560185185185,628.90625,68.1590665462515,56.6902815576834,20.2970297029703,95.32040084582147,406,255.99609375,1.5859616998550392,1.0,0.19596600219397492,0.21704928812325425,-0.2399717653646868,1.0549102212990897,1.225181336396869,2.653782506915765,4188.879219286552,2564.021044161806,1.6337148358530427,6767.589313658888
balanced_interleaved.csv,748,191488.0,191744.0,2,627.8792997542997,613.28125,75.45189972379714,39.235780229522206,19.704433497536947,95.55976765515133,408,255.99609375,1.593774319066148,1.0,0.1985372758816143,0.21700363907754222,-0.22934468076484094,1.0622080554274922,1.2747179855195312,2.7979842129716825,4193.504114179979,1859.7873503927583,2.254829894016849,6059.059531809529
balanced_interleaved.csv,749,191744.0,192000.0,1,739.5720108695652,738.28125,66.34688508090652,51.906504343434435,33.13953488372093,81.12800257199284,346,255.99609375,1.3515831235217823,1.0,0.2129098882506715,0.20866996543459287,-0.20775079793504272,1.055313407180377,1.252857243319014,2.790618481037571,4707.885206813476,2742.9795620695136,1.7163398779615722,7452.932109702028
balanced_interleaved.csv,750,192000.0,192256.0,3,685.0913203753352,687.5,57.36423414811215,37.218091140918595,20.161290322580644,87.57956525726864,374,255.99609375,1.4609597924773021,1.0,0.18491974981845882,0.2146128347234968,-0.24029250666477134,1.047806577054914,1.2784214392937285,2.82541942312539,4661.160769895359,1388.510575885438,3.3569501384049514,6049.778268344824
balanced_interleaved.csv,751,192256.0,192512.0,3,644.8971518987341,644.53125,55.58988483385623,33.57631468219834,13.451776649746192,93.03809114886832,396,255.99609375,1.5468986037994965,1.0,0.17607720457568388,0.21829981736415063,-0.24805165632234444,1.0494725475275808,1.3148977002213882,2.904557230628977,3921.659587565866,992.1773211242212,3.952579346524765,4914.7707079265465
balanced_interleaved.csv,752,192512.0,192768.0,3,691.9461382113822,683.59375,80.21831227009942,56.64574915914354,18.478260869565215,86.71195153295392,371,255.99609375,1.4492408636606393,0.9972972972972973,0.19528779603345586,0.21217739455352488,-0.23082841397700163,1.0478198557183964,1.2797383457299212,2.8540604632545623,5962.462024362351,1751.8749066601363,3.4034747582117566,7739.243561313783
balanced_interleaved.csv,753,192768.0,193024.0,3,673.9934689153439,671.875,72.51821825190706,43.82677356371868,28.912466843501328,89.02163413624446,380,255.99609375,1.484397650110628,0.9973614775725593,0.2098206792371286,0.21178486790726941,-0.22065391814570892,1.0532959054844073,1.234888237880439,2.6949550071053396,4639.148379167931,2281.6789331213495,2.0332169929016044,6922.478273918078
balanced_interleaved.csv,754,193024.0,193280.0,0,683.7086397058823,667.96875,98.68378577163128,85.5656350127093,32.975871313672926,87.75667954965553,375,255.99609375,1.4648661020828564,1.0,0.2180925175902006,0.21165111639134043,-0.21666937271533968,1.0575983888576697,1.1902073836101523,2.5862008529953293,6855.125775481337,4663.518948758507,1.469947018722046,11523.812652717323
balanced_interleaved.csv,755,193280.0,193536.0,2,694.3119891008174,695.3125,70.16943470977441,45.12443380513242,24.863387978142075,86.41648270787344,369,255.99609375,1.4414282444495308,0.9972826086956522,0.2061826566283237,0.21124202903455744,-0.22209292460158073,1.0534843363826458,1.2495786911353275,2.7712516296424328,4951.552921486236,2238.2345994897,2.212258233616419,7193.432114342428
balanced_interleaved.csv,756,193536.0,193792.0,2,642.5338476070528,636.71875,66.98030589718098,37.202708585543235,16.161616161616163,93.3802946310986,398,255.99609375,1.554711223010605,1.0,0.19643829935030419,0.21605637544280784,-0.23285519814177172,1.05680781581158,1.2555305272370263,2.7345751044986804,4259.93754782694,1707.043649935688,2.495505928033786,5972.434051340506
balanced_interleaved.csv,757,193792.0,194048.0,1,783.203125,777.34375,72.66545769819372,65.02559361143295,36.92307692307693,76.60847880299252,327,255.99609375,1.2773632410162508,1.0,0.22472428376970432,0.20520317412655606,-0.19781991047570513,1.0597689060440592,1.2428814596689945,2.7985567257632384,5486.9911745869895,3396.0121286478625,1.6157160124076646,8886.974120064913
balanced_interleaved.csv,758,194048.0,194304.0,1,703.9213154269972,695.3125,80.57046303681992,74.84453080438514,26.519337016574585,85.23679946188889,364,255.99609375,1.4218966964217594,1.0,0.21180135067913705,0.21166481937179696,-0.21240225273530142,1.0696932650857096,1.3012468640845662,2.92610566581169,5217.140526819344,3487.1589012980344,1.4961006006572726,8747.589439250945
balanced_interleaved.csv,759,194304.0,194560.0,0,732.4667744252873,730.46875,100.5781263411298,74.13278997491028,37.17579250720461,81.91497839212923,350,255.99609375,1.3672083619439994,0.997134670487106,0.24006754746184117,0.20618458563153888,-0.1969702458434926,1.064627324826991,1.1721753305044793,2.6245699258248942,6661.489667150475,4149.8588216822745,1.6052328412584485,10866.020580434935
balanced_interleaved.csv,760,194560.0,194816.0,0,737.1296965317919,738.28125,95.18404515378084,86.34440270908887,44.927536231884055,81.39680205844515,347,255.99609375,1.3554894331273366,1.0,0.22759055210277312,0.2089261982037271,-0.2019603237865397,1.0491894798377703,1.1450272482995314,2.41155121098294,6715.454488068442,5433.967809721194,1.2358289049954823,12180.947713085687
balanced_interleaved.csv,761,194816.0,195072.0,3,693.3223238482385,691.40625,82.3078345022588,72.2024823290979,28.26086956521739,86.53983571014139,370,255.99609375,1.445334554055085,1.0,0.20962648144194845,0.21119649939384302,-0.22152973800464662,1.0547724603310942,1.2416054535092693,2.740631596936823,5419.137392208965,3128.94298737539,1.7319386815528488,8564.112928868723
balanced_interleaved.csv,762,195072.0,195328.0,0,663.1899350649351,660.15625,64.0600652496854,46.197014777989565,29.166666666666668,90.47181935010097,386,255.99609375,1.5078355077439536,1.0,0.22915418130061474,0.20974451752841963,-0.19928208610676948,1.06299414684076,1.2046862242094925,2.6230302745048704,4456.168579094726,2837.104391367167,1.5706748728224804,7298.580706389574
balanced_interleaved.csv,763,195328.0,195584.0,2,672.8644459102902,675.78125,56.65244848476097,36.782413780795665,17.989417989417987,89.17100667851236,380,255.99609375,1.484397650110628,1.0,0.19634908799038364,0.2139678970127119,-0.23347637083740927,1.0508438651534122,1.2634942975821641,2.769928572007313,3555.686353655465,1616.42269010378,2.199725588748805,5177.304099805748
balanced_interleaved.csv,764,195584.0,195840.0,0,685.9038978494624,683.59375,69.04338740526505,51.96611043334479,31.805929919137466,87.4758113900796,373,255.99609375,1.4570534828717479,1.0,0.22957946531680137,0.21030845874403234,-0.20265485220948773,1.0668288427075148,1.195298607194072,2.612985165868322,4288.79297930011,3418.47621686109,1.2545920191418392,7722.400711392894
balanced_interleaved.csv,765,195840.0,196096.0,1,728.6769943019943,730.46875,75.68544633307249,54.3616728587749,36.285714285714285,82.34101044657584,352,255.99609375,1.375020981155108,1.0,0.22644705758025496,0.20439209925919866,-0.19308416318981064,1.052349090333513,1.2545662382388318,2.7969525433093487,5947.289816095877,2963.5828497781745,2.0067904686859133,8919.769759558058
balanced_interleaved.csv,766,196096.0,196352.0,2,684.735254691689,671.875,93.6500037797152,67.7954127214822,30.64516129032258,87.62510705983115,374,255.99609375,1.4609597924773021,1.0,0.20608833933462142,0.21357323702777437,-0.23074626846153637,1.0580781782982311,1.219343693811364,2.6598929326780656,6248.184935748258,3399.356244831999,1.8380494675270647,9664.70784402016
balanced_interleaved.csv,767,196352.0,196608.0,2,674.1484788359788,664.0625,71.73657506667686,50.041396107571714,31.03448275862069,89.00116500091974,379,255.99609375,1.4804913405050737,1.0,0.21004860377337886,0.21367597211206596,-0.22344154213479359,1.0633060366609859,1.2137715433959753,2.662338560041147,5056.8322749688305,2494.271001729296,2.02737884995772,7551.5438619736615
balanced_interleaved.csv,768,196608.0,196864.0,1,701.2684581043956,699.21875,76.29153941515504,68.36959720402457,32.5068870523416,85.55924525992012,366,255.99609375,1.429709315632868,0.9972602739726028,0.2189492567382474,0.21003542756524515,-0.20985774924933495,1.0545993750247011,1.196963788231582,2.611853924875814,5526.6669600643845,3547.832472507782,1.557758716875903,9101.847131368564
balanced_interleaved.csv,769,196864.0,197120.0,3,674.2146273087071,671.875,71.67234761644572,46.57391662420167,19.841269841269842,88.99243292822747,380,255.99609375,1.484397650110628,1.0,0.19073186579375162,0.21352521750660156,-0.23382926679320754,1.049664668856263,1.2847186427584958,2.8618607425301716,5270.748405427081,1578.500582899055,3.33908549830681,6853.303164707793
balanced_interleaved.csv,770,197120.0,197376.0,3,589.033698156682,585.9375,55.67902452575241,26.852833972814413,6.235565819861432,101.86174439215208,435,255.99609375,1.6992446784161135,1.0,0.17741127138902538,0.2221555075342575,-0.2559061524106119,1.0535871775134302,1.2797011129320117,2.742688351205146,2922.0952135687367,928.8372323848876,3.145971233373095,3853.733952442949
balanced_interleaved.csv,771,197376.0,197632.0,3,648.0508407360406,648.4375,60.67463665539997,39.84632251087601,14.75826972010178,92.58532853973838,395,255.99609375,1.5429922941939422,1.0,0.1897062326319765,0.21565486360536923,-0.238990667973906,1.054147816340847,1.2795012636337237,2.811630956145147,4278.502729114379,1352.0287931353866,3.1645056309728656,5632.4606482866475
balanced_interleaved.csv,772,197632.0,197888.0,0,760.5445498511905,761.71875,92.79300102568978,79.00276487994185,37.3134328358209,78.89084211009035,337,255.99609375,1.3164263370717937,1.0,0.2390050929703929,0.2024127006342896,-0.1802526745701406,1.052285721447519,1.1969758055634525,2.6629439979206264,7347.368478625063,3791.3433798687806,1.937932743744081,11158.567281545143
balanced_interleaved.csv,773,197888.0,198144.0,2,687.4789420485175,667.96875,94.3332411015992,62.366900611726784,32.432432432432435,87.27540049621712,372,255.99609375,1.4531471732661936,1.0,0.22077376510801525,0.21301384613091515,-0.21069957556609972,1.0527084320616822,1.1360456806277173,2.3374874177678473,5412.548413749213,4583.582074660562,1.1808555678911978,9999.653047810765
balanced_interleaved.csv,774,198144.0,198400.0,2,674.9131944444445,664.0625,85.29820967807221,60.272763534795324,28.116710875331563,88.90032154340835,380,255.99609375,1.484397650110628,0.9973614775725593,0.20526845420442155,0.21371928767538825,-0.22348295615894223,1.0599383288202562,1.2388000885494863,2.715282705429238,5679.44458929439,2647.3313005304467,2.145347123027782,8356.505405834983
balanced_interleaved.csv,775,198400.0,198656.0,2,751.9127949852507,750.0,80.77197894337719,77.08429900959031,36.09467455621302,79.79648757164313,340,255.99609375,1.3281452658884565,1.0,0.21481845073739775,0.2072948240843175,-0.20864100220035883,1.0510174711052072,1.249567017583755,2.7981078394259846,6459.457730354174,4021.1332741795813,1.6063774289281858,10532.36793451739
balanced_interleaved.csv,776,198656.0,198912.0,1,768.3782003012049,773.4375,85.68529757664234,78.217291125246,35.34743202416919,78.08654641227452,334,255.99609375,1.3047074082551309,0.996996996996997,0.22459304478821251,0.20505269442618088,-0.19653227021163291,1.0552740087579981,1.2373977464390533,2.77063884383164,6159.985656646304,4172.9889205201725,1.4761567245854197,10362.218745238539
balanced_interleaved.csv,777,198912.0,199168.0,1,682.0208333333334,683.59375,61.79764075057224,43.98225896010371,27.27272727272727,87.97385221614687,376,255.99609375,1.4687724116884109,1.0,0.2154292549003385,0.2121341296396271,-0.21271622201510823,1.0632917573522156,1.234560846674227,2.6998038642527966,4457.220757460177,2267.0409341542145,1.9660962845044847,6727.286933369448
balanced_interleaved.csv,778,199168.0,199424.0,0,678.949883643617,675.78125,67.89105745364351,54.701635078015116,32.266666666666666,88.37176564197512,377,255.99609375,1.4726787212939652,1.0,0.23748934863517487,0.20840334260608534,-0.19280057814380802,1.06650424157914,1.1992509781330456,2.629450491138531,4415.247448241588,2994.5599704403962,1.4744227839231612,7415.2334648464985
balanced_interleaved.csv,779,199424.0,199680.0,3,639.3718671679198,636.71875,57.15254676026758,35.98349297040641,16.582914572864322,93.84210203956636,401,255.99609375,1.5664301518272679,0.9975,0.1984660502402908,0.21709012167293437,-0.228665356025474,1.0667802677671232,1.258725301779832,2.7342251199345453,3817.7884466079113,1606.7473714595599,2.3760975212549154,5426.058909538375
balanced_interleaved.csv,780,199680.0,199936.0,0,634.1923196517413,632.8125,63.75493562422932,53.95336869204809,18.952618453865338,94.60852511261606,403,255.99609375,1.5742427710383764,1.0,0.2043495127195808,0.2178833971186278,-0.23835371971170055,1.0633354193897264,1.201600178223385,2.5925224507810265,4204.010045515375,2142.727114916501,1.961990407574228,6370.314541065913
balanced_interleaved.csv,781,199936.0,200192.0,0,682.9984124331551,675.78125,84.53664386156771,58.92271094611662,32.975871313672926,87.84793479424404,375,255.99609375,1.4648661020828564,1.0,0.22263481920126307,0.2111191343320851,-0.2124670636508413,1.0542334294936757,1.1575486932215164,2.477824578170287,5830.908990468897,3555.507532433921,1.6399653037656066,9391.78530019577
balanced_interleaved.csv,782,200192.0,200448.0,2,713.6435055865921,707.03125,86.73065737416782,75.41615266874344,30.252100840336134,84.07559170692925,359,255.99609375,1.4023651483939878,1.0,0.2093808393267889,0.21001034607464844,-0.21553031173352802,1.0452411870361438,1.2087214906277686,2.6442913302294997,6580.677014873552,4116.362418200847,1.5986631754717535,10735.95538468722
balanced_interleaved.csv,783,200448.0,200704.0,0,787.8689236111111,792.96875,91.64235789174744,78.35745699305423,51.39318885448917,76.15479961437819,325,255.99609375,1.2695506218051422,1.0,0.2528853032983822,0.1993273553685791,-0.16853835385435634,1.0444013513585189,1.1421927847058766,2.4854781302778752,6708.481189973533,5797.283234958042,1.1571767184878774,12508.27430935016
balanced_interleaved.csv,784,200704.0,200960.0,1,710.4043349582173,707.03125,67.04321169226911,64.60982596417367,26.536312849162012,84.45894407940081,360,255.99609375,1.4062714579995423,1.0,0.20613683014386983,0.21156861783160197,-0.21660749166370388,1.0575602964125959,1.2726913515758067,2.8294505896397277,4399.696626099227,3015.5105962334474,1.4590221077633454,7434.097614729937
balanced_interleaved.csv,785,200960.0,201216.0,2,614.2108623798077,613.28125,52.96107768424513,38.6470756479329,13.493975903614459,97.68632187246793,417,255.99609375,1.6289311055161364,1.0,0.1879830292783002,0.21891431913936832,-0.24282208200771244,1.0621715040864554,1.289857576085835,2.832902092746086,3340.676304144782,1398.2337976730612,2.389211525071366,4741.050754216759
balanced_interleaved.csv,786,201216.0,201472.0,1,725.0421697443181,728.515625,107.37004807493113,64.2542682310739,31.62393162393162,82.75380730083417,353,255.99609375,1.3789272907606622,1.0,0.21772743610918255,0.20621319238798588,-0.21098162056325892,1.0498120191754932,1.2305087087852602,2.7786082265209773,7406.6266746089805,2882.267507113765,2.569722156714663,10299.65647064493
balanced_interleaved.csv,787,201472.0,201728.0,1,656.1997911311054,628.90625,106.31568145937355,51.57503728202936,25.257731958762886,91.4355670497498,390,255.99609375,1.5234607461661707,1.0,0.20271505720759306,0.2161039064195521,-0.23469753587688177,1.0539303357071086,1.1932139733283869,2.5397557153522614,4640.298230805349,3279.7654122612807,1.414826259664111,7929.134027403649
balanced_interleaved.csv,788,201728.0,201984.0,3,620.2309617718447,605.46875,72.8510154260923,32.639974108807145,13.381995133819952,96.73815674824586,414,255.99609375,1.6172121766994736,0.9975786924939467,0.18984684898603615,0.2188134231568516,-0.23823477275052912,1.0627365370544168,1.2731320039632872,2.7798713116799085,4214.024673136087,1251.6822876992314,3.3666887472555502,5468.335637950951
balanced_interleaved.csv,789,201984.0,202240.0,3,704.527796961326,703.125,65.26871497814032,43.32582291755952,22.71468144044321,85.16342472047786,364,255.99609375,1.4218966964217594,0.9972451790633609,0.20187476716924047,0.21068917898375097,-0.2253783890578098,1.0570639909638702,1.280004570228957,2.8824220205914095,5905.426143153465,1811.9711322009196,3.259117122898316,7720.057831246821
balanced_interleaved.csv,790,202240.0,202496.0,3,729.609375,730.46875,73.71426554585976,66.84199380722823,25.214899713467048,82.23578541599743,351,255.99609375,1.3711146715495537,1.0,0.19782395815273515,0.20868298248749012,-0.2208006133279631,1.047976728973672,1.2876474368957143,2.9203337389551454,6602.1885060703935,2526.262634921192,2.6134212709346243,9151.88455889355
balanced_interleaved.csv,791,202496.0,202752.0,0,745.0460094752186,742.1875,77.74525179912,71.65600128064118,40.643274853801174,80.53193928555052,344,255.99609375,1.3437705043106738,1.0,0.22091255026902232,0.20901484150231156,-0.21138234872671535,1.0500993310215796,1.1745624493524929,2.5419473791960217,5314.592633055729,4504.026449351484,1.1799647921297074,9820.793201962917
balanced_interleaved.csv,792,202752.0,203008.0,2,621.217606707317,617.1875,60.72172070094778,36.42636984440337,17.6039119804401,96.58451298253148,412,255.99609375,1.609399557488365,0.9975669099756691,0.1941543534186699,0.21818630699963076,-0.23845140507335602,1.0603277428122095,1.2503978980677757,2.7232633815397014,3864.981269087306,1782.4395178978443,2.1683660120179273,5649.03089483966
balanced_interleaved.csv,793,203008.0,203264.0,2,666.7040633159269,664.0625,70.76717205756914,42.9408524382477,21.20418848167539,89.99495173553214,384,255.99609375,1.500022888532845,1.0,0.2059950310669026,0.2120784896643251,-0.22442346284488626,1.0547118842140903,1.253264760892631,2.7881604271517286,5157.447351586013,1693.6199149720092,3.0452212482818206,6853.219334233656
balanced_interleaved.csv,794,203264.0,203520.0,2,703.38326446281,703.125,70.25084978743925,53.95342714003798,34.530386740331494,85.30200110152377,364,255.99609375,1.4218966964217594,1.0,0.2172218295831625,0.2082678629442633,-0.20958227270263566,1.0502834675768704,1.2101139575268118,2.671447771989577,5525.987271916585,2883.5626571414195,1.9163749600623199,8410.446087217018
balanced_interleaved.csv,795,203520.0,203776.0,1,725.4638671875,720.703125,77.62794723273517,61.74528465086155,41.31054131054131,82.70570418980313,353,255.99609375,1.3789272907606622,1.0,0.22596263824725343,0.206424959252942,-0.19953634383974986,1.0554441944200643,1.2061146592634822,2.678442953923713,5761.628083398606,3945.3033681454963,1.4603764389623806,9715.45581095091
balanced_interleaved.csv,796,203776.0,204032.0,1,728.59375,722.65625,84.92453350623595,79.97042527365998,36.10315186246418,82.35041818571734,351,255.99609375,1.3711146715495537,1.0,0.23173322843843513,0.2048143453240199,-0.18963344726541279,1.054515265992004,1.2035895619641568,2.6672398690728745,6855.04536241198,4469.078494162053,1.5338834104987662,11339.070504845191
balanced_interleaved.csv,797,204032.0,204288.0,0,777.2250189969604,777.34375,84.70956581638755,74.43093365699136,46.95121951219512,77.19772078031194,330,255.99609375,1.2890821698329138,1.0,0.2542568576754498,0.19970983482062885,-0.16912949870966124,1.050340711888782,1.145271247757599,2.499313970120217,6320.534351300335,5501.417913518142,1.148891876723172,11825.38822241566
balanced_interleaved.csv,798,204288.0,204544.0,3,703.3408149171271,707.03125,63.60838164248076,43.40623423256047,21.052631578947366,85.3071494323412,363,255.99609375,1.4179903868162052,1.0,0.20434630060442743,0.21142270434240398,-0.22335290431650595,1.060286815257941,1.271874604991992,2.8443819564344945,5060.596555346458,1961.1541952195425,2.580417474404631,7049.294045754781
balanced_interleaved.csv,799,204544.0,204800.0,0,686.9959677419355,683.59375,68.59213731239548,48.70045218822166,28.30188679245283,87.33675715333823,373,255.99609375,1.4570534828717479,1.0,0.21257635757631793,0.2078485610053106,-0.20799107955335414,1.0449558016311151,1.2546165576661763,2.7776867554880065,5368.609075378579,2261.3405555414206,2.374082515887662,7630.971131329276
balanced_interleaved.csv,800,204800.0,205056.0,2,684.5362768096514,675.78125,87.71199837065053,72.54887185069549,30.107526881720432,87.65057752619904,374,255.99609375,1.4609597924773021,1.0,0.2081528827999117,0.21472028329394685,-0.22895247573103475,1.060915276619859,1.189762321603124,2.5584876729674617,6398.781072933326,3754.3308582844156,1.7043732463838634,10187.000263696858
balanced_interleaved.csv,801,205056.0,205312.0,2,707.4640754847645,691.40625,95.91184366045151,77.39048155075092,35.833333333333336,84.80996008014561,362,255.99609375,1.4140840772106509,1.0,0.21311703009830243,0.21281826209952112,-0.2306780611667477,1.0562957518770788,1.1494569916375417,2.512928640382265,6670.343909830327,4375.3962034315755,1.5245119755323755,11104.350343189419
balanced_interleaved.csv,802,205312.0,205568.0,0,739.4927536231884,734.375,96.65498111831023,92.24444214442492,48.25581395348838,81.13669769720725,346,255.99609375,1.3515831235217823,1.0,0.23331036223475396,0.20704906836405082,-0.20281917180849302,1.0534643435264968,1.1496258581737253,2.5070829669308,6418.620375720437,5765.936720200595,1.1131964652392397,12189.076995953079
balanced_interleaved.csv,803,205568.0,205824.0,1,696.9988046448087,691.40625,88.31164436868707,79.46043983868877,31.232876712328768,86.08336140630264,367,255.99609375,1.4336156252384222,1.0,0.21613819947323393,0.21031180664714078,-0.2107361840655004,1.058147246512349,1.228950184929623,2.711368228667008,6525.600402756007,3732.06811884163,1.7485212474582166,10266.404352502057
balanced_interleaved.csv,804,205824.0,206080.0,2,646.964003164557,644.53125,57.32512359502414,37.109114095395945,17.766497461928935,92.74086302563397,396,255.99609375,1.5468986037994965,1.0,0.19676522228828466,0.2164405443845813,-0.23620475214410908,1.0571321679046215,1.2488391545709419,2.7125798070661116,3718.6125169636784,1708.196297556028,2.176923414647379,5433.641359655217
balanced_interleaved.csv,805,206080.0,206336.0,1,751.0340073529412,748.046875,68.21153368589528,54.24910872324796,34.21828908554572,79.889857732905,341,255.99609375,1.3320515754940108,1.0,0.22523348206364177,0.2057548545082337,-0.19470673390918686,1.056760592939107,1.2448852252067533,2.782583408623104,4944.0216145675095,2986.1755757315905,1.6556366125110582,7950.430366833522
balanced_interleaved.csv,806,206336.0,206592.0,3,619.5103913834952,613.28125,62.6410113082579,32.916339429831105,12.652068126520682,96.85067568601643,413,255.99609375,1.6133058670939193,1.0,0.19104440750707108,0.21726676964315916,-0.2354224987649524,1.0607979823150495,1.305967463553832,2.881769238730601,3621.441443139162,1120.6320374279287,3.231606202738129,4744.267825554413
balanced_interleaved.csv,807,206592.0,206848.0,3,640.4777795226131,632.8125,68.76221843300516,32.95549256228508,14.609571788413097,93.68006497387253,400,255.99609375,1.5625238422217136,0.9974937343358395,0.19296277846853482,0.21591168970289312,-0.23668082563127588,1.0577894467306574,1.2769897799181955,2.8115428254812214,4784.946189768966,1186.5318952269286,4.032716026444302,5974.440369608038
balanced_interleaved.csv,808,206848.0,207104.0,3,654.1020620204604,652.34375,73.06285537248239,39.344932493787624,18.461538461538463,91.72880423991569,392,255.99609375,1.5312733653772794,1.0,0.18809677775403108,0.21575318438936134,-0.2439623010750685,1.0471329785538461,1.249208564307096,2.7318454917143953,4917.059875905488,1700.3083516427064,2.8918636264739894,6624.235633033549
balanced_interleaved.csv,809,207104.0,207360.0,3,643.3800377833753,628.90625,75.69678688967946,47.779539406012425,21.71717171717172,93.25747843641035,398,255.99609375,1.554711223010605,1.0,0.19172944885381915,0.21804403620856203,-0.24367786871688857,1.0541156407543613,1.211953465416623,2.591318746253269,4234.836576958032,2401.5214657789825,1.7633973451011302,6655.7294653945555
balanced_interleaved.csv,810,207360.0,207616.0,0,722.9114879261364,718.75,75.27333621901337,67.1619892310819,38.46153846153847,82.9977127243142,353,255.99609375,1.3789272907606622,1.0,0.2416291244404607,0.20626272045948568,-0.18787721676946137,1.0606247910230013,1.1742916526692262,2.5543213544988044,4962.3351674010855,4216.2002124337505,1.176968577717669,9189.971186142326
balanced_interleaved.csv,811,207616.0,207872.0,2,716.9614641853933,714.84375,72.96280502233836,67.14872058882841,29.014084507042252,83.68650617529575,357,255.99609375,1.3945525291828793,1.0,0.21791037570190896,0.2072878172544146,-0.20292185329449802,1.0526051295554806,1.238362181772549,2.730135554807819,5705.425589078022,3069.764684931105,1.858587277743105,8796.876878191102
balanced_interleaved.csv,812,207872.0,208128.0,2,720.1694542253521,722.65625,67.05352820714977,46.53398570114034,28.24858757062147,83.31372519060643,357,255.99609375,1.3945525291828793,0.9971910112359551,0.21397140473619164,0.20962050425225953,-0.21128596608455352,1.0600437121343047,1.256318855513614,2.7954419801767516,5436.809803475173,2156.1306579115494,2.5215586001366557,7593.997399237243
balanced_interleaved.csv,813,208128.0,208384.0,1,663.2181803385416,656.25,75.64632843794112,59.96079879891214,21.409921671018274,90.4679663174686,385,255.99609375,1.5039291981383993,1.0,0.19995858095568672,0.21193873931763196,-0.22565031633264998,1.053393967458906,1.2902553954414766,2.8715679554424236,5273.766358815855,2344.8789768402526,2.2490569495924717,7664.762723606946
balanced_interleaved.csv,814,208384.0,208640.0,1,655.1282051282051,652.34375,64.85251959502061,44.335958512517244,27.76349614395887,91.58512720156557,392,255.99609375,1.5312733653772794,0.9974424552429667,0.21176522838804282,0.21353361656291828,-0.22559181602430273,1.0593613879067574,1.203967677797644,2.6313715655945895,4738.581269538679,2496.468714353458,1.8981136203687174,7238.746770923088
balanced_interleaved.csv,815,208640.0,208896.0,1,649.0239344783715,648.4375,62.656795239734116,47.37144767396664,28.57142857142857,92.44651362237163,394,255.99609375,1.539085984588388,1.0,0.2175888449638474,0.21397288134767126,-0.22051937323152299,1.0653747131898443,1.208716463142218,2.6314473746998983,4091.117395219837,2727.4672411484416,1.4999693977982334,6819.373028869189
balanced_interleaved.csv,816,208896.0,209152.0,0,633.171138337469,628.90625,71.60157977588415,62.32880637293767,22.63681592039801,94.761110175589,404,255.99609375,1.5781490806439307,1.0,0.21285274973838134,0.21539381738648813,-0.21986743719557147,1.0611359800278073,1.2059138594638785,2.5922517310189033,4064.604749997887,3055.4770558516034,1.3302684574946109,7130.574741711379
balanced_interleaved.csv,817,209152.0,209408.0,3,594.8764534883721,589.84375,57.36102555695019,32.573565172901795,9.090909090909092,100.86127909107567,431,255.99609375,1.6836194399938964,1.0,0.1793341522328072,0.2213577383439307,-0.2523293882772508,1.05262305926447,1.2810424094374342,2.7516449634786264,3203.8188647626907,1176.6975280810877,2.722720825280693,4385.284808870887
balanced_interleaved.csv,818,209408.0,209664.0,0,647.2576935279188,644.53125,58.15011041197942,41.616006197272064,24.173027989821882,92.69878226238798,395,255.99609375,1.5429922941939422,1.0,0.22941062830121398,0.21116176867912517,-0.199135000907536,1.0640439081752089,1.19473748002162,2.5497526873775085,3601.3072251848403,2422.219704875546,1.4867797574001966,6023.644694185024
balanced_interleaved.csv,819,209664.0,209920.0,2,646.6772151898734,648.4375,59.11352950951172,45.44877111129244,20.050761421319795,92.78199168093956,396,255.99609375,1.5468986037994965,1.0,0.2063316593700093,0.2139294946727479,-0.2193503399947201,1.0615006827181002,1.265610326011381,2.7798085433910567,4149.220087008081,1806.7255793409538,2.2965413975716267,5956.1523858818
balanced_interleaved.csv,820,209920.0,210176.0,0,650.6198182397959,650.390625,68.6473202620383,58.457388749007784,20.20460358056266,92.21975463693312,393,255.99609375,1.5351796749828337,1.0,0.22075593369655702,0.21055954713216687,-0.20588759066191012,1.059448704764236,1.229562944994095,2.684433228621282,4768.134821488313,2314.7470791088363,2.0598945191558538,7123.436517923376
balanced_interleaved.csv,821,210176.0,210432.0,1,664.6016438802084,664.0625,64.64382383446657,46.7575634013549,31.59268929503917,90.2796442838994,386,255.99609375,1.5078355077439536,0.9974025974025974,0.22056148880487175,0.21226939110984072,-0.2105190870795505,1.0630937568298102,1.2163643025759063,2.6350657479258626,4108.80314225313,2958.4619238520654,1.3888308344030547,7069.908289971571
balanced_interleaved.csv,822,210432.0,210688.0,1,678.3508786472148,679.6875,63.530676931026974,47.98431467564295,31.117021276595747,88.44980066901893,378,255.99609375,1.4765850308995194,1.0,0.21098500765516778,0.2123342185569785,-0.2179028602703922,1.057969799889458,1.2288072294807084,2.6985614491973333,4611.244882903457,2511.6126459505035,1.835969766412114,7122.990098224686
balanced_interleaved.csv,823,210688.0,210944.0,2,681.8599598930481,679.6875,75.2628797733732,46.06955035102808,25.46916890080429,87.99460817351878,376,255.99609375,1.4687724116884109,0.9973333333333333,0.20745632767760183,0.2106054580866143,-0.21199916041724404,1.051541913982152,1.2555520555726674,2.7815286938704764,4998.220726008249,2377.6249547616935,2.102190556167516,7381.008866025593
balanced_interleaved.csv,824,210944.0,211200.0,1,743.8160532069971,753.90625,86.9181708888476,52.354181992670945,31.28654970760234,80.6651049561343,344,255.99609375,1.3437705043106738,1.0,0.21958242928387625,0.2080590623430431,-0.20386316244448982,1.057985073862705,1.2403213664046873,2.7664885307075924,4503.767044000357,2730.458275018581,1.6494546300912467,7236.818008218193
balanced_interleaved.csv,825,211200.0,211456.0,3,693.4599424119241,695.3125,55.46519370795871,36.544161719410894,17.66304347826087,86.52266170027632,370,255.99609375,1.445334554055085,1.0,0.17405069157110753,0.21584763909103707,-0.2544762455353727,1.0446045735251444,1.2985178210131396,2.896880966867182,4333.921229580472,1316.546259313486,3.29188678249741,5650.539323566541
balanced_interleaved.csv,826,211456.0,211712.0,3,624.3505501222494,613.28125,72.1228277426618,39.848292765347004,10.53921568627451,96.09985926696444,410,255.99609375,1.6015869382772565,1.0,0.1854608463534276,0.22060367985655135,-0.24453478146024107,1.0706674274110946,1.3016866025692013,2.878122059693064,4358.18607979648,1087.0836528703403,4.009062290918557,5455.572947514226
balanced_interleaved.csv,827,211712.0,211968.0,3,621.579649390244,617.1875,59.143097698046645,49.39208620737453,9.04645476772616,96.52825677104887,411,255.99609375,1.6054932478828108,1.0,0.17816126186102316,0.22226877274507398,-0.2554638010907746,1.069898999732185,1.309872194277295,2.8805410450960283,4040.461403175818,1376.8217593123418,2.9346292472845867,5437.309714390649
balanced_interleaved.csv,828,211968.0,212224.0,3,629.3584513546798,625.0,56.102706267380874,35.65532250662862,18.02469135802469,95.3351780227172,408,255.99609375,1.593774319066148,0.9975429975429976,0.20261689622970028,0.21936374255457128,-0.24365311687103683,1.0704581122149965,1.2036922158397578,2.6095755383427255,3530.762675714819,1734.3071883277873,2.0358346545972443,5267.49448999956
balanced_interleaved.csv,829,212224.0,212480.0,0,642.415774559194,636.71875,69.8154925996154,61.15949692627931,26.01010101010101,93.39745749731965,398,255.99609375,1.554711223010605,1.0,0.2194727083466867,0.2136042470504421,-0.21399105034022411,1.05965890923215,1.1965974104917434,2.5775746312314345,4270.306761730244,3217.545517231453,1.327193893252097,7494.9096826388595
balanced_interleaved.csv,830,212480.0,212736.0,2,622.6657774390244,621.09375,63.11851248485458,52.378292301050024,15.158924205378973,96.35988065182465,412,255.99609375,1.609399557488365,0.9975669099756691,0.1972699182672333,0.21637983233586638,-0.2299048927203274,1.061344892284498,1.273733350558245,2.7837111692573675,4056.263553253784,1975.5712363295752,2.0532104733362786,6048.510018061835
balanced_interleaved.csv,831,212736.0,212992.0,2,615.2767319277109,609.375,60.66187786334165,33.02922499865727,12.560386473429952,97.51709578227545,416,255.99609375,1.6250247959105821,1.0,0.19833873154287748,0.21802702964408052,-0.23036993846385362,1.0691196297733803,1.2715958147457675,2.784035123804804,3786.788119561868,1451.5407460941012,2.608805939310763,5242.384725173276
balanced_interleaved.csv,832,212992.0,213248.0,1,734.4760237068965,730.46875,65.55443273779572,52.0183293167114,31.988472622478387,81.69088991793133,349,255.99609375,1.3633020523384451,1.0,0.19515224775218545,0.21259311986689008,-0.24116661384341173,1.0514804729398373,1.240173648200292,2.758828946796392,4708.071034016103,2807.7569605511662,1.6768086056465168,7523.688998669047
balanced_interleaved.csv,833,213248.0,213504.0,1,658.6421996124031,652.34375,68.20519497144141,42.8715818728703,21.761658031088082,91.09650131028458,388,255.99609375,1.5156481269550621,1.0,0.19512527440417404,0.21345366562256524,-0.23392457433881894,1.0514666069110672,1.2802992497390595,2.842115087565068,4285.214048099288,2033.2950022780792,2.1075220483491997,6325.817563158038
balanced_interleaved.csv,834,213504.0,213760.0,0,680.7708333333334,675.78125,74.03027774662563,50.555387131034315,31.818181818181817,88.13538574532545,376,255.99609375,1.4687724116884109,1.0,0.23182702069415798,0.2082332630806349,-0.20391105025323997,1.0598612221595092,1.179686487328937,2.61726398390754,5606.840426083682,3008.901475049192,1.8634177531492675,8625.918179063172
balanced_interleaved.csv,835,213760.0,214016.0,0,632.9768719059406,625.0,77.60671676152495,60.8868147318014,25.06203473945409,94.79019323302528,405,255.99609375,1.582055390249485,1.0,0.20946274070114326,0.21870057779574623,-0.23333664894452258,1.0648726539428996,1.1640844114426578,2.4400204147498954,3895.9175181627816,3260.33842376789,1.1949426752025236,7176.614839847296
balanced_interleaved.csv,836,214016.0,214272.0,3,624.9138327205883,609.375,77.65058694631112,56.800663377327055,19.164619164619165,96.0132371190881,409,255.99609375,1.5976806286717022,1.0,0.19603628479273988,0.22030318534284715,-0.24532909948834367,1.0612608393841763,1.1925080136129809,2.5182612339249424,4143.652476037333,2435.269578488229,1.7015169542788924,6605.497030985955
balanced_interleaved.csv,837,214272.0,214528.0,0,723.5304532577903,718.75,87.48161819225686,78.08975812015544,39.20454545454545,82.9267098984461,354,255.99609375,1.3828336003662165,1.0,0.24154831728057988,0.20658317824140054,-0.185801300228934,1.0667637961312837,1.1860185199120472,2.6172194317016952,6085.800205191696,4776.01942512778,1.2742410914773181,10874.76555124389
balanced_interleaved.csv,838,214528.0,214784.0,2,691.1317567567568,695.3125,62.87671135273524,40.137024932750506,19.78319783197832,86.81412684834413,371,255.99609375,1.4492408636606393,1.0,0.21040545896272206,0.21137906198919237,-0.2138163509554667,1.0591773548903891,1.2552327359756186,2.767954190760361,3885.0126530348603,1821.6890598774814,2.1326431269758785,5709.66793847387
balanced_interleaved.csv,839,214784.0,215040.0,0,710.0260416666666,707.03125,79.1353969376876,68.86988234175668,35.65459610027855,84.50394278378874,361,255.99609375,1.4101777676050966,1.0,0.22311810454594627,0.2094447697746003,-0.21196317382594312,1.0590098860947272,1.1756261645712032,2.570227718222868,5163.448260671568,4226.597062228354,1.221656141962415,9395.540368983715
balanced_interleaved.csv,840,215040.0,215296.0,1,690.2735433604336,687.5,64.46662462706743,46.996470640848784,28.532608695652172,86.92206238689691,370,255.99609375,1.445334554055085,1.0,0.22296196023902826,0.20624671079277104,-0.1926882820957301,1.053574018209324,1.2652275891976605,2.8156335774518864,4741.085101533722,2529.7970303460884,1.8740970301815554,7281.836006204777
balanced_interleaved.csv,841,215296.0,215552.0,2,660.1966246770025,660.15625,65.4365848218671,48.35689876902073,25.38860103626943,90.88201568639442,388,255.99609375,1.5156481269550621,1.0,0.1998726494063326,0.2162697734298654,-0.23770562168284382,1.060088280889747,1.2327939722840358,2.677103115830449,4702.585851802275,2361.170526861426,1.991633301493545,7068.751014810567
balanced_interleaved.csv,842,215552.0,215808.0,2,663.961038961039,660.15625,71.77118191306555,64.03003893666214,27.34375,90.36674816625917,386,255.99609375,1.5078355077439536,1.0,0.20242282557039878,0.21549517423914583,-0.2329249003407819,1.063161943666991,1.2424963375953175,2.7569634313762563,4808.936251235018,2827.590914043665,1.7007185259192539,7655.04632431585
balanced_interleaved.csv,843,215808.0,216064.0,1,649.4612754452926,648.4375,62.48318351404427,56.50163276880145,22.193877551020407,92.38426103059335,394,255.99609375,1.539085984588388,1.0,0.2010570168882193,0.21561612832089305,-0.22822322560357297,1.061409649288952,1.2472025920174998,2.7332281655656594,3748.9329099084157,2477.4589039916136,1.513216991760484,6249.821535945176
balanced_interleaved.csv,844,216064.0,216320.0,3,621.5594586374696,621.09375,52.20404992863714,38.95134719204789,9.268292682926829,96.53139239732103,412,255.99609375,1.609399557488365,1.0,0.17422079768568316,0.22062604981589953,-0.2556897174316784,1.0562532994257576,1.296620855064844,2.8345617326340236,3290.3974978743863,1161.4500431460253,2.8330082015078935,4455.418667852851
balanced_interleaved.csv,845,216320.0,216576.0,3,593.9316860465116,593.75,48.35299124424169,44.10918378777605,5.128205128205128,101.02171918017743,431,255.99609375,1.6836194399938964,1.0,0.1775326976244847,0.22269714625360001,-0.2543686089917426,1.0614363682009846,1.2860848584742839,2.7607220521058036,2682.0494815064335,1175.0196102381685,2.282557208524205,3867.8662618089306
balanced_interleaved.csv,846,216576.0,216832.0,3,587.5269396551724,585.9375,44.58819328281922,24.646164143493955,5.0691244239631335,102.12297675271677,436,255.99609375,1.7031509880216678,1.0,0.18420572060445367,0.22189771458537935,-0.2447002170983214,1.0668676198904705,1.292753124894583,2.7924915488763737,2765.2658038908476,834.8434161083691,3.3123167177638675,3601.173675539969
balanced_interleaved.csv,847,216832.0,217088.0,0,696.4651639344262,701.171875,102.55013468587549,72.18104373147592,25.753424657534246,86.14931960279515,367,255.99609375,1.4336156252384222,1.0,0.21240845972111527,0.20953274201212066,-0.2101547417851338,1.053111784639006,1.2586614469238706,2.7880971430632053,5847.631423729754,3119.7588422192407,1.8743857200097045,8980.554033213903
balanced_interleaved.csv,848,217088.0,217344.0,2,671.3712993421053,648.4375,107.73435743202472,78.05075627909562,30.606860158311346,89.36932522852199,381,255.99609375,1.4883039597161822,1.0,0.2135083785657151,0.21483893325957124,-0.22397358361151723,1.060402255470241,1.152298469420959,2.4480277517629254,6212.917191438037,5098.437506900387,1.2185923987553593,11361.580395573345
balanced_interleaved.csv,849,217344.0,217600.0,2,607.0646526128266,609.375,58.265988422977635,50.59453712640299,14.761904761904763,98.83626025952587,422,255.99609375,1.6484626535439078,1.0,0.19396461085868238,0.21931193245916603,-0.2419347242159752,1.0597863171662338,1.248148035616426,2.695571344816676,3578.797960076522,1950.285186888361,1.835012635145129,5552.437718933125
balanced_interleaved.csv,850,217600.0,217856.0,2,623.0278201219512,613.28125,72.39051301841411,38.150747755021364,17.359413202933986,96.30388573700549,411,255.99609375,1.6054932478828108,1.0,0.2019578026347068,0.21645473527323758,-0.22728663237139837,1.0593535052233047,1.253725643611388,2.742509287527745,3947.9089731468466,1871.838010275131,2.1091082409244195,5824.438801853476
balanced_interleaved.csv,851,217856.0,218112.0,1,732.1412535919541,726.5625,75.64368396054151,72.26326703353794,32.85302593659942,81.9513990034496,350,255.99609375,1.3672083619439994,0.997134670487106,0.22263611771570416,0.20728312130660378,-0.1965959672636713,1.0562517309896637,1.235688308668671,2.733492970386952,5638.38626712444,3668.7442611162214,1.5368708925513799,9333.46675906386
balanced_interleaved.csv,852,218112.0,218368.0,1,719.7733274647887,714.84375,62.501598831578036,48.15008572264423,30.7909604519774,83.35957684252365,356,255.99609375,1.390646219577325,1.0,0.21435803354184163,0.2094203140939959,-0.20774402674843287,1.0598077359344718,1.2595612460557362,2.802182333345022,4368.26525849223,2442.197024638867,1.788662099913161,6811.089484797902
balanced_interleaved.csv,853,218368.0,218624.0,0,738.5643115942029,734.375,78.05376601371223,67.64971129414613,39.24418604651162,81.23869385252185,346,255.99609375,1.3515831235217823,1.0,0.24015693531234292,0.20328702093878215,-0.18520505967418857,1.0466056212070816,1.1667533283510998,2.5354273998428356,5960.694272132522,4168.148452687571,1.43005805570316,10141.201036035178
balanced_interleaved.csv,854,218624.0,218880.0,3,662.2915317357513,660.15625,62.3792908454192,40.063770537980666,20.259740259740262,90.59454503781802,388,255.99609375,1.5156481269550621,0.9974160206718347,0.19934972875852558,0.2142114366333032,-0.22982433390183488,1.0548904874112193,1.252758009646616,2.7166353237356606,4258.363070955768,1770.120206163654,2.4056914644146303,6030.411860871784
balanced_interleaved.csv,855,218880.0,219136.0,0,646.3212025316456,644.53125,59.44419724142524,42.496576498795996,20.304568527918782,92.83309872085195,396,255.99609375,1.5468986037994965,1.0,0.19971383017685962,0.21630944981398817,-0.23991316094952855,1.0592782094563342,1.2373658555829903,2.6912360469604026,4161.552446157005,1809.1396771186937,2.300293614025897,5971.238178997796
balanced_interleaved.csv,856,219136.0,219392.0,0,670.2858431758531,664.0625,82.85436965639212,67.0881566465552,33.1578947368421,89.51404928338712,382,255.99609375,1.4922102693217365,1.0,0.21711303515578337,0.21188437632709808,-0.21842918257133248,1.0624992596467318,1.2014999775291093,2.6345696180806515,5905.671033747528,3557.5690666858914,1.6600299032982788,9486.84230207803
balanced_interleaved.csv,857,219392.0,219648.0,2,701.6333276098901,703.125,77.21249558951675,51.235321573700524,31.40495867768595,85.51475199216898,366,255.99609375,1.429709315632868,0.9972602739726028,0.21879238177208124,0.20745993500003182,-0.2041882204658122,1.0513344521019694,1.2366387821398754,2.732884727883129,5410.322121109927,2893.798077761851,1.8696266898118996,8307.15652517867
balanced_interleaved.csv,858,219648.0,219904.0,0,655.0180288461538,644.53125,77.30028624445855,48.99643629593851,25.96401028277635,91.60053213450159,392,255.99609375,1.5312733653772794,0.9974424552429667,0.21979203079663504,0.21303416378773604,-0.20843290148404556,1.0585306785581745,1.1999331535176947,2.5610173534596523,4108.45217921199,3265.6524965269145,1.2580800264515009,7380.364852032944
balanced_interleaved.csv,859,219904.0,220160.0,1,772.1590909090909,769.53125,84.60456810661755,81.44938327720291,41.03343465045592,77.70419426048565,331,255.99609375,1.292988479438468,1.0,0.21659920426888513,0.20497372675644118,-0.20750034634626777,1.0383550291778607,1.1952615481348718,2.6436914895399504,6905.262859615417,4840.201321223321,1.4266478605625785,11768.299651911753
balanced_interleaved.csv,860,220160.0,220416.0,2,637.3227088528678,632.8125,59.395688587345,50.26556064458112,18.0,94.14382881161636,402,255.99609375,1.5703364614328221,1.0,0.20928808034631446,0.21379728865103442,-0.2167684165917018,1.0675930778479605,1.2743206088944063,2.8004812622909547,4128.512631218217,1863.622418293833,2.215316037568338,5994.430428356731
balanced_interleaved.csv,861,220416.0,220672.0,1,692.7543308423913,687.5,80.13247297894792,75.06154209337012,23.978201634877383,86.61079018739562,369,255.99609375,1.4414282444495308,1.0,0.20431635087652372,0.21137546577947078,-0.22099660813559274,1.0563067781580937,1.2840920468122436,2.874015778572784,6117.0571224336245,2949.632984507948,2.0738366958064307,9070.050766957556
balanced_interleaved.csv,862,220672.0,220928.0,1,692.0837567750677,687.5,71.68345312170766,63.57707865131982,31.521739130434785,86.6947091484773,370,255.99609375,1.445334554055085,1.0,0.20355703101581524,0.2134020399590625,-0.22838482711230365,1.0603032410416044,1.2465467429628447,2.746074605101934,5451.833464009949,2842.6365638038037,1.917879173662184,8305.96795127185
balanced_interleaved.csv,863,220928.0,221184.0,3,642.4112751256281,636.71875,84.25475811178336,55.123615279377574,13.350125944584383,93.39811165093043,399,255.99609375,1.5586175326161593,1.0,0.18880965130484523,0.21804828822536007,-0.24963109948350373,1.0608416362577437,1.2698931690929227,2.807685245620087,4571.206928832907,2067.1009412765115,2.2114096305379345,6665.785228123925
balanced_interleaved.csv,864,221184.0,221440.0,3,598.8482981220657,593.75,63.58725956864109,32.104024216038255,10.352941176470589,100.19231947081522,427,255.99609375,1.6679942015716793,1.0,0.17967824003903352,0.22105121045109577,-0.25043349056423353,1.0558649259943265,1.294229753590756,2.800216066312748,3600.367999540799,1109.8876127124433,3.2439032189411456,4722.270824574481
balanced_interleaved.csv,865,221440.0,221696.0,3,594.0952034883721,593.75,41.26090937751548,22.877655809230365,4.195804195804196,100.99391418697819,431,255.99609375,1.6836194399938964,1.0,0.17711965340221852,0.22253156749112635,-0.2545395940460551,1.0620921763266207,1.2909005837415501,2.7795411420825955,2463.2360302323773,699.6116484372694,3.5208619463877366,3163.0143199394934
balanced_interleaved.csv,866,221696.0,221952.0,0,668.8072643979058,667.96875,62.42190242985806,46.951405222925075,27.559055118110237,89.71194422359488,383,255.99609375,1.4961165789272908,1.0,0.22683085587948854,0.21044602505349572,-0.20154107898901377,1.0678935190484717,1.2063033551511482,2.6333346856824615,4176.438160310445,2746.9844983697835,1.5203719434124874,6923.671052940276
balanced_interleaved.csv,867,221952.0,222208.0,2,696.2065735694823,691.40625,83.57614644203277,69.45852890741648,24.863387978142075,86.18131784130867,368,255.99609375,1.4375219348439765,1.0,0.2013869108701233,0.21132160316600795,-0.22988720108205682,1.0508438651534122,1.2554305144929852,2.787012136519418,6422.34746442466,3217.639555577999,1.995981014495884,9675.646340146282
balanced_interleaved.csv,868,222208.0,222464.0,2,664.3575032552084,660.15625,71.85790615464423,47.227666628856745,23.759791122715406,90.31282059134269,385,255.99609375,1.5039291981383993,1.0,0.19866299357604714,0.21447580509566777,-0.23543456630016055,1.060490929220443,1.2635237854239876,2.7916993888896053,5209.344101054905,1826.8508549546352,2.851543182590165,7042.604088284573
balanced_interleaved.csv,869,222464.0,222720.0,2,663.4131493506494,660.15625,67.66450716717151,53.79373353296241,27.604166666666668,90.44137888844706,386,255.99609375,1.5078355077439536,1.0,0.20595819131998408,0.21489404900117676,-0.2283334177291331,1.0615960814638974,1.2318178014968495,2.7021018847783784,4720.069065150563,2425.7293339972703,1.945835010937735,7148.32453969734
balanced_interleaved.csv,870,222720.0,222976.0,1,669.68093832021,667.96875,78.94964663211601,64.97465187681391,30.0,89.59490492666646,382,255.99609375,1.4922102693217365,1.0,0.2097812667315457,0.21383733821923984,-0.2211122937240702,1.0611010038920003,1.2184539302721353,2.6545347745346035,4970.575854593983,3344.7419454975525,1.4860865010184148,8352.092155609016
balanced_interleaved.csv,871,222976.0,223232.0,1,636.2426150497513,628.90625,72.08816265190647,67.34141702669571,23.44139650872818,94.30364860943537,403,255.99609375,1.5742427710383764,1.0,0.2035230844524433,0.21631845127997193,-0.22813396764298272,1.0625665991178448,1.2338274768532176,2.680170113301058,4575.7674096847495,2880.2440099162905,1.5886735269411207,7460.475896790521
balanced_interleaved.csv,872,223232.0,223488.0,0,663.4521484375,656.25,82.49608586296067,67.51499382444285,25.587467362924283,90.4360625574977,385,255.99609375,1.5039291981383993,1.0,0.2286894518776315,0.21068576623154214,-0.201914198957294,1.063705781780154,1.1853086250335463,2.5448773651184595,5149.2208329074265,3672.877841394437,1.4019580980543813,8832.213591527006
balanced_interleaved.csv,873,223488.0,223744.0,3,609.9157219570405,605.46875,59.99555804356678,31.41485653723781,9.090909090909092,98.37424719513314,420,255.99609375,1.6406500343327992,1.0,0.18817529271795763,0.22002022573179306,-0.24061487716982727,1.0611500177572826,1.2804214536929035,2.7659460512298866,3499.3490536869813,1482.6664587090343,2.360172804296041,5033.042913032724
balanced_interleaved.csv,874,223744.0,224000.0,0,657.3646368894601,652.34375,66.16695678521533,60.320416412814716,22.938144329896907,91.27354383392145,390,255.99609375,1.5234607461661707,1.0,0.22254284249237882,0.2107539895107549,-0.2013244121587515,1.0654719037772133,1.2509908450777056,2.7642380695108386,4356.654268267946,2635.7464289589443,1.6529110009981947,7025.530825796407
balanced_interleaved.csv,875,224000.0,224256.0,2,725.750089031339,722.65625,89.79419675368432,78.12695310058655,36.857142857142854,82.6730866545014,352,255.99609375,1.375020981155108,1.0,0.2261804278398863,0.20770651229023906,-0.2037767619803587,1.0632046196608165,1.2177771147172998,2.7037938500834207,6948.066199569637,3663.9287618670446,1.8963431472475136,10625.565836095248
balanced_interleaved.csv,876,224256.0,224512.0,2,709.8198784722222,710.9375,92.38896658331856,71.75958141239445,37.32590529247911,84.52848647904979,361,255.99609375,1.4101777676050966,1.0,0.21515237675810198,0.21034030731101988,-0.22016000017284465,1.0530277695790442,1.1939277145991491,2.6354636465879224,5696.438500937242,4118.802497115674,1.383032690915954,9858.725566520969
balanced_interleaved.csv,877,224512.0,224768.0,0,707.0853531855955,703.125,79.51000270333031,75.47142780503464,38.333333333333336,84.85538518042421,362,255.99609375,1.4140840772106509,1.0,0.22641955375731562,0.2098726066523013,-0.2046211488029368,1.0598707839393031,1.1749879034293458,2.558355287759513,5121.995313097711,4586.13144706751,1.116844419357593,9725.333857280104
balanced_interleaved.csv,878,224768.0,225024.0,1,688.5844845013477,683.59375,70.90311382668983,65.8104983686011,27.027027027027028,87.135277297818,372,255.99609375,1.4531471732661936,1.0,0.21243963039181712,0.21103020849121187,-0.20820603027364684,1.057478262818666,1.2596792165480217,2.7809265066219275,4759.3058624243495,3107.5849046247267,1.531512736897879,7908.314677601355
balanced_interleaved.csv,879,225024.0,225280.0,2,703.0604338842975,703.125,64.34951623263701,44.54236118891782,27.900552486187845,85.34116998806135,364,255.99609375,1.4218966964217594,1.0,0.2071353335894562,0.20964146075269047,-0.21804899073642278,1.0458422830456005,1.241517328092689,2.7361944946224437,4662.517686299107,2189.7582045133877,2.1292385966126433,6863.119920158642
balanced_interleaved.csv,880,225280.0,225536.0,1,712.6396648044692,710.9375,71.33662426643706,57.5782982584933,32.49299719887955,84.19402253797159,359,255.99609375,1.4023651483939878,1.0,0.22462880414496306,0.20691800755720938,-0.1965371176700548,1.0562149766975562,1.2211102146799535,2.6978501844310996,5200.9061296720465,3104.105821568462,1.6754925342861218,8314.005722855492
balanced_interleaved.csv,881,225536.0,225792.0,3,675.0785383597884,667.96875,73.65951773879003,62.35314882650332,17.771883289124666,88.87854759207666,379,255.99609375,1.4804913405050737,1.0,0.19483660716195034,0.21285511733018425,-0.23016933433858328,1.0512949667400635,1.2811980267261323,2.8413067156429586,5303.91981259024,2061.0215458234456,2.573442195855915,7372.382601938067
balanced_interleaved.csv,882,225792.0,226048.0,3,694.3332765667575,687.5,74.45960336547182,60.97246396057962,23.224043715846996,86.41383327712542,369,255.99609375,1.4414282444495308,0.9972826086956522,0.18338367223846405,0.2135744670808848,-0.246066282678956,1.0469366154775148,1.2772182025353158,2.859431848349499,6605.582576020307,2161.9681149657545,3.055356149933293,8791.068445830777
balanced_interleaved.csv,883,226048.0,226304.0,3,653.212915601023,652.34375,71.56220092471312,36.72919075511522,18.205128205128204,91.85366450507769,393,255.99609375,1.5351796749828337,0.9974489795918368,0.17914385697587853,0.21731082549315264,-0.2558659877019052,1.0458412663043775,1.2636277815090509,2.7579578968359364,4116.613146300681,1588.6972897711087,2.591187869964694,5706.346177576843
balanced_interleaved.csv,884,226304.0,226560.0,3,669.1038121727748,644.53125,92.20899891383965,66.53699303264769,24.93438320209974,89.67218376048783,383,255.99609375,1.4961165789272908,1.0,0.20234003946715892,0.21544657101561243,-0.23264935057814146,1.052034627066319,1.2017517309576373,2.590243617190363,5673.759638223964,3276.7965225266057,1.731495867753533,9005.24835595595
balanced_interleaved.csv,885,226560.0,226816.0,0,755.1928783382789,750.0,88.52604896647857,90.89004019741137,44.94047619047619,79.4499017681729,338,255.99609375,1.320332646677348,1.0,0.24330419106661733,0.2022527520512475,-0.17736843608298192,1.0467245237474345,1.1629516562578872,2.5311146932448185,6557.485097044682,5638.2193626461285,1.1630418533356113,12206.224534255967
balanced_interleaved.csv,886,226816.0,227072.0,2,720.8686440677966,714.84375,72.01504653040912,67.37397125686884,28.328611898016998,83.23291697281411,355,255.99609375,1.3867399099717708,1.0,0.2112854087400638,0.2079765831006912,-0.20761893106222712,1.0527366504804185,1.2625040834860601,2.8106599784703334,5394.642652319975,2939.173811058469,1.8354282526684707,8363.718034703792
balanced_interleaved.csv,887,227072.0,227328.0,2,675.801917989418,671.875,61.87453498371911,40.01248678297429,21.485411140583555,88.78341182946969,380,255.99609375,1.484397650110628,0.9973614775725593,0.1916684318225017,0.21491644285035397,-0.2407832700805429,1.0556097408334575,1.257386261804447,2.797879097155559,4613.999697326145,1788.9764708523899,2.5791282180070945,6405.43601162702
balanced_interleaved.csv,888,227328.0,227584.0,1,716.4676966292135,718.75,75.02786809116022,43.32637666275258,25.352112676056336,83.74418034795393,357,255.99609375,1.3945525291828793,1.0,0.20509820335647766,0.20916121100438925,-0.21450238447345546,1.0548877334209306,1.3125265467057152,2.9701214980497204,4875.639344092956,1810.2001042466868,2.6934256233080647,6689.455504995049
balanced_interleaved.csv,889,227584.0,227840.0,1,752.3852323008849,753.90625,89.41527220281353,76.44859107279567,41.71597633136095,79.74638180565128,340,255.99609375,1.3281452658884565,1.0,0.2187765382312089,0.207635344117424,-0.21130526013054315,1.0610686838625176,1.2324465597656227,2.7924111011262065,6644.335188539669,4090.058697922765,1.6245085166905195,10774.313718917576
balanced_interleaved.csv,890,227840.0,228096.0,1,754.0214786135693,753.90625,89.69179958032711,83.93988238508295,43.49112426035503,79.57333007320017,340,255.99609375,1.3281452658884565,1.0,0.23143729549308556,0.20627045318649936,-0.19854908990878148,1.059752212636836,1.1775347929920994,2.5928930364566023,6655.518726378277,5215.506801313404,1.2761020126945746,11913.77703241468
balanced_interleaved.csv,891,228096.0,228352.0,0,727.6976495726495,726.5625,88.70944447144802,90.81698222580775,40.0,82.45182602312352,352,255.99609375,1.375020981155108,1.0,0.23530800220311354,0.20609550010778538,-0.1925588411666476,1.0539270910267469,1.1656858648214026,2.536397414930608,6436.9657533264535,5489.678977127332,1.1725577725302296,11945.635943412744
balanced_interleaved.csv,892,228352.0,228608.0,3,695.2273501362398,695.3125,61.76385169884235,41.24950597511132,19.12568306010929,86.30270369576533,369,255.99609375,1.4414282444495308,0.9972826086956522,0.19639031763829498,0.21060569228009912,-0.22514547873543433,1.0437691431448175,1.265756940725292,2.792553558384327,5004.338262162647,1826.884512629205,2.7392745559819396,6832.041340868794
balanced_interleaved.csv,893,228608.0,228864.0,0,769.519484186747,765.625,87.3044365525609,84.44235014084633,47.73413897280967,77.97073528737214,333,255.99609375,1.3008010986495766,1.0,0.24349423743291018,0.20323514502475443,-0.18111633005210567,1.0514620740272178,1.1580926161733422,2.5123035408740817,6868.745941847225,5388.8158455081175,1.2746299258997156,12271.113677338757
balanced_interleaved.csv,894,228864.0,229120.0,2,647.4163229695431,644.53125,55.70677268928812,37.632356112822094,19.083969465648856,92.67606927918409,395,255.99609375,1.5429922941939422,1.0,0.19576002821745067,0.21689890287940902,-0.23716142856710593,1.0640576785705615,1.2620286802268361,2.78389103412872,3945.1175979849686,1575.1501394596512,2.504597815252281,5521.395902529623
balanced_interleaved.csv,895,229120.0,229376.0,0,641.9139641057934,640.625,64.67060097514113,55.349333283765816,19.444444444444446,93.47047011756771,399,255.99609375,1.5586175326161593,0.9974874371859297,0.21658803993729694,0.21295782597096588,-0.21263547362991314,1.0618138706955846,1.2254696427107934,2.6597993968129625,4489.8601185146745,2240.942713442594,2.003558632526235,6768.451930028079
balanced_interleaved.csv,896,229376.0,229632.0,1,653.1329923273657,640.625,93.7422870014221,70.27715680453818,30.0,91.86490455212922,392,255.99609375,1.5312733653772794,1.0,0.21059107489065917,0.21551552855505796,-0.23346847687736444,1.0583951699180116,1.1707277197302848,2.494323510421789,5922.056373661318,4180.6307875233215,1.4165461325441864,10146.297631573558
balanced_interleaved.csv,897,229632.0,229888.0,1,639.00390625,628.90625,80.59731345317876,59.8788046513586,21.553884711779446,93.89613962160345,401,255.99609375,1.5664301518272679,1.0,0.2014836300658262,0.21660018762475974,-0.23517248000568114,1.0611284170017057,1.2226460035448987,2.661709691398971,4791.390345694922,2716.089741654411,1.7640765959288276,7535.205358194299
balanced_interleaved.csv,898,229888.0,230144.0,2,649.2724236641221,632.8125,83.0592731863639,43.596037943535684,21.93877551020408,92.41113254340038,394,255.99609375,1.539085984588388,1.0,0.20238373710001786,0.21518268203386995,-0.22601669846768577,1.063346327508721,1.2609391142168842,2.787954432382093,4985.6175833921225,2191.6907586753887,2.274781496275197,7186.503676487346
balanced_interleaved.csv,899,230144.0,230400.0,1,752.1547750737464,761.71875,98.84763436410002,73.16475350748361,31.952662721893493,79.77081577939487,340,255.99609375,1.3281452658884565,1.0,0.21978420089907896,0.20739049119728323,-0.20317246732269947,1.0566649046954428,1.2319608924018868,2.7353774946865848,5396.00110490626,3720.5515116471797,1.4503229126149948,9138.540076678208
balanced_interleaved.csv,900,230400.0,230656.0,3,685.5835288203754,687.5,54.157353016114406,35.28435813642445,16.666666666666664,87.51668830672878,374,255.99609375,1.4609597924773021,1.0,0.1927044101844101,0.21411809454713682,-0.23066905925876363,1.0578877656513372,1.2987599121224347,2.9053057808132854,4139.263974309036,1257.3119129269835,3.2921536269174103,5396.610796600883
balanced_interleaved.csv,901,230656.0,230912.0,3,697.2442793715848,710.9375,85.33203613586835,43.83991951920467,19.726027397260275,86.05305453933168,367,255.99609375,1.4336156252384222,1.0,0.1980238179038806,0.21035271273921882,-0.22252066444436855,1.0460916139407763,1.293975338099166,2.889429910396106,5447.3601891662065,1472.908766641125,3.6983690453472997,6927.878975685357
balanced_interleaved.csv,902,230912.0,231168.0,3,697.1055327868852,703.125,83.45297577170034,40.46549379981894,20.54794520547945,86.0701818849899,368,255.99609375,1.4375219348439765,0.997275204359673,0.19849056047771357,0.211229928329883,-0.22652629242373884,1.0490152942046718,1.284440058496871,2.86259372289559,5792.019525816556,1427.2641296808179,4.058127297791641,7223.827267670458
balanced_interleaved.csv,903,231168.0,231424.0,3,680.25,679.6875,73.88272687853154,51.135529518691,31.283422459893046,88.20286659316427,376,255.99609375,1.4687724116884109,1.0,0.20526099867930842,0.2125934437301692,-0.22863987720848977,1.0555811045422292,1.2398887936185228,2.72684499233951,5006.657773773738,2570.2175103181867,1.9479510016854278,7583.104338119357
balanced_interleaved.csv,904,231424.0,231680.0,0,658.985384366925,652.34375,79.17726374241195,76.96783072218139,30.310880829015545,91.04906030296996,388,255.99609375,1.5156481269550621,1.0,0.21313790450205733,0.21530682025369027,-0.2233858889313762,1.0671665165324418,1.1876908255991159,2.569988972324418,5232.260894079121,3849.0701831102538,1.359357103187756,9083.829019370807
balanced_interleaved.csv,905,231680.0,231936.0,2,635.9413868159204,632.8125,65.86514671121944,52.85789038398659,17.206982543640898,94.34831769703267,404,255.99609375,1.5781490806439307,0.9975186104218362,0.20211782441234488,0.215066357219684,-0.22649685415356574,1.0623197305464427,1.2699095357396246,2.80271147376662,4493.81120836546,2100.767786533605,2.139128006994301,6613.756669443905
balanced_interleaved.csv,906,231936.0,232192.0,2,681.4212901069519,687.5,71.49477547472281,59.241904940154804,22.25201072386059,88.05125532632353,375,255.99609375,1.4648661020828564,1.0,0.2107082293007522,0.2101897320201843,-0.21338031943492786,1.047511037224013,1.2300355277097141,2.6964169643873745,4632.658489146758,2491.460792012037,1.8594145667472244,7147.869800707056
balanced_interleaved.csv,907,232192.0,232448.0,1,746.9389619883041,746.09375,78.99929715121299,60.29906318269914,37.82991202346041,80.32784879809162,343,255.99609375,1.3398641947051193,1.0,0.22093665912952748,0.2055107570141859,-0.20248429271996796,1.0402822514204466,1.1930328551374871,2.600687871491923,6403.980127452505,3638.6828665738194,1.759972045456791,10051.18868637189
balanced_interleaved.csv,908,232448.0,232704.0,1,692.9347826086956,683.59375,80.83464437997534,75.00280501467243,28.882833787465938,86.58823529411765,369,255.99609375,1.4414282444495308,1.0,0.21386734479075756,0.20812105674261183,-0.21101654821561824,1.0536864044548362,1.2642795159602243,2.834948050667161,5859.622181179306,3345.9313387635993,1.7512679095634325,9228.212261380857
balanced_interleaved.csv,909,232704.0,232960.0,0,736.2549531700288,734.375,97.44165100602027,75.03984454990001,39.017341040462426,81.49350947204258,348,255.99609375,1.3593957427328909,1.0,0.23975292377367613,0.2054261602679755,-0.18684377143132325,1.0601914385373077,1.1703660426226103,2.5952496778952767,6733.128708105843,4226.9934277742705,1.592888378738545,11015.839908647515
balanced_interleaved.csv,910,232960.0,233216.0,0,656.9629659383033,621.09375,115.70183576388918,71.83278005206857,29.381443298969074,91.32934900570136,390,255.99609375,1.5234607461661707,1.0,0.20711023440704782,0.2203012196827791,-0.24038552793836035,1.058227993320463,1.103179902839735,2.235502467276552,4876.861615437405,4856.686442928805,1.0041541023382257,9779.132373718556
balanced_interleaved.csv,911,233216.0,233472.0,3,646.3805379746835,605.46875,111.85494251769228,70.34829267354542,22.84263959390863,92.82457697132891,396,255.99609375,1.5468986037994965,1.0,0.18473274740962173,0.21976620982269177,-0.2562837277532637,1.0540480724122336,1.212162687731282,2.625734369555727,5866.839939404627,3324.687067657491,1.764629217732148,9209.879686285938
balanced_interleaved.csv,912,233472.0,233728.0,0,759.4401041666666,765.625,100.81384577392097,78.06930150707876,47.16417910447761,79.00557222460351,337,255.99609375,1.3164263370717937,1.0,0.22096546795416422,0.20653897526819331,-0.20825990368875869,1.0484930445715108,1.1643450308859815,2.5827559360778976,6532.12890223897,5365.12294285313,1.217517095473163,11901.71714862288
balanced_interleaved.csv,913,233728.0,233984.0,2,625.1814639364303,625.0,49.20432488146256,30.829498909736255,12.009803921568627,95.97213522968576,410,255.99609375,1.6015869382772565,1.0,0.1876464474259319,0.21811111189704857,-0.23986062142918724,1.057501318797853,1.2786628345049849,2.779925302316337,3004.60989725911,1286.6361811756492,2.3352443691686657,4292.107171233185
balanced_interleaved.csv,914,233984.0,234240.0,0,638.921522556391,632.8125,63.58616458847776,56.77668283239223,22.613065326633166,93.9082467592167,400,255.99609375,1.5625238422217136,1.0,0.21910618513102592,0.21284073335229384,-0.2113350335935565,1.0560684736104542,1.198998243570176,2.5506636951688675,3812.9102591763035,2767.035862328607,1.3779764516559383,6581.922648510425
balanced_interleaved.csv,915,234240.0,234496.0,1,671.484375,671.875,63.78044254529684,57.2512062795627,22.691292875989447,89.3542757417103,382,255.99609375,1.4922102693217365,0.9973753280839895,0.21633309718810956,0.21003512008676686,-0.19926267679717946,1.0614628334707368,1.2939265303897634,2.864135609702071,4187.418135224489,2314.0747170715204,1.8095431855906965,6541.54309140979
balanced_interleaved.csv,916,234496.0,234752.0,2,638.69140625,632.8125,67.41417679640205,56.36897346958592,21.804511278195488,93.94208128191798,401,255.99609375,1.5664301518272679,1.0,0.20244841517953882,0.2160517524978914,-0.2295820575793849,1.0621256451266823,1.2431749633145357,2.6849512329702385,4453.203469945804,2410.187448177509,1.8476585600481592,6873.737304367257
balanced_interleaved.csv,917,234752.0,235008.0,2,651.2675382653061,640.625,67.78565734577194,50.01387537752831,25.831202046035806,92.12803721157965,393,255.99609375,1.5351796749828337,1.0,0.20794140270583858,0.2147980202164446,-0.22925760666568645,1.060396160907855,1.2196866182580328,2.664984637102723,4638.499172419928,2217.4967965844285,2.0917726598588677,6858.419726752472
balanced_interleaved.csv,918,235008.0,235264.0,1,674.8925264550264,671.875,69.96118631284794,47.561169936342964,27.320954907161806,88.90304403748392,380,255.99609375,1.484397650110628,0.9973614775725593,0.21334866507818492,0.2133523411922348,-0.22068139791511823,1.0614364852542075,1.2166904909192382,2.6420259426295054,4805.665989082505,2669.2431024719326,1.8003852794944282,7485.520351517906
balanced_interleaved.csv,919,235264.0,235520.0,3,664.265422077922,660.15625,69.10889352912372,58.09623580793569,18.229166666666664,90.32533985031313,386,255.99609375,1.5078355077439536,1.0,0.18400496059559232,0.21684954618540866,-0.24613750752225821,1.0555642434850139,1.2942351395136937,2.8985656232438046,4953.60181252401,2117.463410170846,2.33940373596554,7103.804716078818
balanced_interleaved.csv,920,235520.0,235776.0,3,704.3732782369146,707.03125,70.85144982159424,60.74721661210431,21.823204419889503,85.18210706428745,364,255.99609375,1.4218966964217594,1.0,0.17761336977410255,0.21275280247550837,-0.24878488065096277,1.0371846620706122,1.281696027905468,2.8631098311729684,5621.261476728173,2246.9113043364355,2.5017727517233976,7885.420783249879
balanced_interleaved.csv,921,235776.0,236032.0,3,589.9160879629629,589.84375,43.76100875501119,23.311028892534264,3.944315545243619,101.70938074800736,434,255.99609375,1.6953383688105592,0.9976905311778291,0.1735358095354071,0.22431249447009702,-0.2608552532695565,1.065899791725794,1.3126098358604839,2.8662183505358687,2610.7961229007037,684.0478280369185,3.816686517948855,3295.7059913534276
balanced_interleaved.csv,922,236032.0,236288.0,0,647.8327252538071,644.53125,69.7813654281844,68.27775081868398,18.3206106870229,92.61650061980626,395,255.99609375,1.5429922941939422,1.0,0.20546595709073306,0.21412897499573066,-0.22069104092900643,1.065180963830288,1.2815589389970128,2.8287331286494446,4629.719836403131,2470.1244416376107,1.8742860717307748,7102.127750093588
balanced_interleaved.csv,923,236288.0,236544.0,2,657.7964331619537,656.25,63.61481382687118,45.33840812499701,29.896907216494846,91.21362928586694,390,255.99609375,1.5234607461661707,1.0,0.20621866945791884,0.21574937906829209,-0.22721751047014185,1.0606188459959232,1.2191917012982147,2.618174119186567,4445.879090138828,2798.3838642976098,1.588730962488857,7249.214085339062
balanced_interleaved.csv,924,236544.0,236800.0,2,641.1451790201005,640.625,59.94164326961879,40.073215921711245,19.899244332493705,93.5825487944891,399,255.99609375,1.5586175326161593,1.0,0.19742704422208535,0.21664156761888673,-0.2405793029365624,1.0603405108955213,1.2454846205992587,2.7205959600748626,3862.9951381308297,1968.221209826752,1.9626834213776512,5834.870507677586
balanced_interleaved.csv,925,236800.0,237056.0,2,639.3033364661654,636.71875,65.41370320704573,56.67868647308325,21.105527638190953,93.85216152891992,400,255.99609375,1.5625238422217136,1.0,0.19455876832824343,0.2159745324903166,-0.23524898740233646,1.05525972631136,1.2655096196062434,2.768109274766953,4264.7502015603195,2468.5284058191232,1.7276488257161304,6769.416456267639
balanced_interleaved.csv,926,237056.0,237312.0,1,658.545425257732,652.34375,72.34286048136012,60.256473987118625,21.705426356589147,91.10988809392772,390,255.99609375,1.5234607461661707,0.9974293059125964,0.19986242789073488,0.21419517211365657,-0.2313258362471627,1.051348193207652,1.2300418890541838,2.6776504931381506,4258.763299501937,2916.084988137876,1.4604386761105528,7213.123359718055
balanced_interleaved.csv,927,237312.0,237568.0,1,739.0964673913044,738.28125,74.39394613212788,56.99778070257715,38.95348837209303,81.18020129601544,346,255.99609375,1.3515831235217823,1.0,0.2219634350944402,0.20665376058404217,-0.20338810328349594,1.0498276839448084,1.213600274239082,2.670414729242303,6041.319865805509,3254.967548383438,1.8560307517676782,9306.55828003814
balanced_interleaved.csv,928,237568.0,237824.0,0,637.8974438902743,632.8125,60.48588434480732,50.20291163294995,23.0,94.0590067802822,402,255.99609375,1.5703364614328221,1.0,0.21585536101750494,0.2139370584662637,-0.21332674429488405,1.0610794713674478,1.2292301370278012,2.6428340335213862,3644.8207552510717,2427.448584601297,1.5015027623539656,6078.489932918464
balanced_interleaved.csv,929,237824.0,238080.0,3,604.7374851895735,593.75,77.05251528178063,58.54702957218704,14.251781472684085,99.21660467465675,423,255.99609375,1.652368963149462,1.0,0.19321498299278958,0.22002161879838505,-0.2415315548060068,1.0582413949145826,1.2326165582809436,2.603859669682188,4350.227523563568,2277.1658554810138,1.910369204374292,6666.086016783124
balanced_interleaved.csv,930,238080.0,238336.0,0,616.0175120772947,609.375,69.72703074806384,56.882678838819615,16.46489104116223,97.39982845239554,415,255.99609375,1.6211184863050279,1.0,0.2026362858113793,0.2190435253295107,-0.23855614618021193,1.063953615104243,1.1969421209434616,2.5546651491093817,4166.348103654754,2133.5573419787074,1.9527706247589258,6315.510414428764
balanced_interleaved.csv,931,238336.0,238592.0,0,647.6958069620254,640.625,80.53199391583965,54.96862793906332,26.903553299492383,92.63607909000686,396,255.99609375,1.5468986037994965,1.0,0.21680534137769053,0.2152555668593557,-0.2301743377207622,1.0555413278227352,1.1435633981745537,2.4210365500344055,4793.652845258258,3218.81934894592,1.4892581178338122,8017.132448165647
balanced_interleaved.csv,932,238592.0,238848.0,2,642.4452928211587,625.0,93.75016254079375,63.7912115814676,21.464646464646464,93.39316618933117,399,255.99609375,1.5586175326161593,0.9974874371859297,0.201422933478577,0.21774335858846544,-0.2340302937836795,1.063897048959028,1.2032448009656767,2.608987639090577,5494.384798409493,3281.337384865892,1.6744345838226105,8800.168483924355
balanced_interleaved.csv,933,238848.0,239104.0,0,766.188063063063,773.4375,106.89993362345612,72.07872026148308,47.89156626506024,78.30975564945803,334,255.99609375,1.3047074082551309,1.0,0.2476264381441517,0.202013401192812,-0.1788684894293276,1.049983127619168,1.1431142955951628,2.48932462111643,6218.839766706172,5197.3708070548,1.1965357096062592,11419.24395195137
balanced_interleaved.csv,934,239104.0,239360.0,1,686.8384576612904,683.59375,70.4668522623142,64.26692389845871,28.03234501347709,87.35678576342704,373,255.99609375,1.4570534828717479,1.0,0.2159537642530509,0.2117356110702293,-0.2112358721611281,1.0626000845126813,1.2323070494363981,2.693729725373129,5271.023544495389,2839.1002421819107,1.8565824010653782,8126.394210889608
balanced_interleaved.csv,935,239360.0,239616.0,2,652.8432704603581,644.53125,75.20109585290487,47.63218904473223,18.205128205128204,91.90567279293616,392,255.99609375,1.5312733653772794,1.0,0.20414929677601557,0.21361854912707473,-0.22339594823484019,1.0638959081134571,1.272960680024034,2.8294638449840104,4933.615845552363,1951.4432292776326,2.528188251409519,6888.28260231359
balanced_interleaved.csv,936,239616.0,239872.0,1,722.3242740793202,718.75,91.03185762400267,85.24262261154688,28.693181818181817,83.06518575258521,354,255.99609375,1.3828336003662165,1.0,0.20080339764131455,0.21086543514427622,-0.2261505442857478,1.0572693589591726,1.276375037307388,2.8728261054312734,7465.206876991199,3559.3090624590113,2.097375289976569,11027.815592492138
balanced_interleaved.csv,937,239872.0,240128.0,1,717.3455056179776,712.890625,77.2163202609837,71.15321669417833,36.056338028169016,83.6417033773862,357,255.99609375,1.3945525291828793,1.0,0.194349125661005,0.213109304461789,-0.24233636753121568,1.0475403160809365,1.225023416521514,2.6972016587959864,6114.404157444699,3423.6391000641197,1.7859371209220578,9554.41236257818
balanced_interleaved.csv,938,240128.0,240384.0,3,670.8292322834645,671.875,76.83366699414789,59.492828031377464,19.473684210526315,89.44154057771665,382,255.99609375,1.4922102693217365,1.0,0.1815436154242738,0.21636114807857426,-0.2497187200157675,1.0496150153920716,1.2726548670555495,2.802366645545325,5032.343110960495,2347.220042916478,2.143958818921675,7414.455679802064
balanced_interleaved.csv,939,240384.0,240640.0,3,634.4643967661691,632.8125,65.61742382566345,33.728859328842475,14.214463840399002,94.56795417649401,404,255.99609375,1.5781490806439307,0.9975186104218362,0.17745473053275498,0.21892708050130838,-0.25580488016874775,1.0513461786640372,1.2757254370980964,2.7915159781257035,4341.741480275834,1302.3876525799017,3.3336783189515593,5647.495806953325
balanced_interleaved.csv,940,240640.0,240896.0,3,703.4908746556474,714.84375,85.01256618078527,59.72732321098021,20.718232044198896,85.28895279468901,364,255.99609375,1.4218966964217594,1.0,0.19621347782591758,0.2110154398174014,-0.22394231879560036,1.0539223919616891,1.2928154685896325,2.9137136401925074,5557.125066226505,2263.27237853474,2.4553496604877187,7842.411388384137
balanced_interleaved.csv,941,240896.0,241152.0,0,740.9533514492754,738.28125,77.76150970821536,64.77234966456223,40.116279069767444,80.9767576901331,346,255.99609375,1.3515831235217823,1.0,0.22002435742687906,0.20972914009530616,-0.21903948829689918,1.053115529211688,1.1787938886732146,2.58025105112476,5830.052792312845,4483.62784780483,1.3002981046179425,10317.548022069905
balanced_interleaved.csv,942,241152.0,241408.0,2,646.6727474619289,644.53125,56.506567961324684,39.33982346176938,19.59287531806616,92.7826326924846,395,255.99609375,1.5429922941939422,1.0,0.19592743390420114,0.2159290797901725,-0.23372999220464483,1.0654132643964236,1.285250073255428,2.859999059721501,3854.3369507225293,1869.0120733602278,2.0622322379078906,5727.034812890297
balanced_interleaved.csv,943,241408.0,241664.0,2,704.6853477961432,703.125,92.40934865144393,75.8778823721291,26.795580110497237,85.14438421012446,364,255.99609375,1.4218966964217594,1.0,0.20828322725676726,0.21094573873258238,-0.22065735448813903,1.058601692535915,1.2572490801619862,2.82523259004211,6456.048717245951,3009.005217671349,2.145575780105243,9480.146625460253
balanced_interleaved.csv,944,241664.0,241920.0,2,745.9452668128655,746.09375,97.6510963284432,90.27626630475505,37.82991202346041,80.43485583916458,343,255.99609375,1.3398641947051193,1.0,0.21884546147712725,0.20811156430616823,-0.20673402053246256,1.0607314070003102,1.2373774171962704,2.765895759849954,6881.304782122302,4646.802263011833,1.4808688626363395,11565.636940792061
balanced_interleaved.csv,945,241920.0,242176.0,1,723.7296388101983,726.5625,96.11134744724768,59.45814234331551,35.79545454545455,82.90388673129263,354,255.99609375,1.3828336003662165,1.0,0.21577361653352978,0.20950958402545206,-0.2144285999173652,1.0517396516452746,1.2116447496814067,2.6679433629360325,5248.56970373866,3566.9855230734365,1.471430054814552,8827.140016296225
balanced_interleaved.csv,946,242176.0,242432.0,1,657.0050740979382,648.4375,72.33863152671671,46.71744219324442,25.839793281653744,91.32349560980094,389,255.99609375,1.5195544365606164,1.0,0.20262922879337822,0.21386639485642353,-0.2329101882745167,1.051010334745383,1.2127131074160746,2.638481465335211,4826.850241460259,2684.6703042229883,1.797930358103049,7520.791042355627
balanced_interleaved.csv,947,242432.0,242688.0,0,669.3185536649214,662.109375,79.29689960492038,67.26344571633382,26.77165354330709,89.64341369511413,383,255.99609375,1.4961165789272908,1.0,0.21899628892972442,0.21360425317905463,-0.21572655405343732,1.0602241876410121,1.1814783957979818,2.5247393020667186,4628.232239532819,3710.9724173745394,1.2471750579076597,8347.497271311946
balanced_interleaved.csv,948,242688.0,242944.0,3,609.7020783492823,605.46875,58.40392831660507,30.039212513716876,8.633093525179856,98.40871817666263,420,255.99609375,1.6406500343327992,0.9976133651551312,0.18988459270394378,0.22012079601297285,-0.2394512504874895,1.0596586876962684,1.2687616031161024,2.725220933402918,3302.6023542704393,1390.1858128326544,2.375655343181088,4734.237104439727
balanced_interleaved.csv,949,242944.0,243200.0,0,711.9304294692737,710.9375,91.31103149506261,68.9482470612905,29.971988795518207,84.2778978343832,359,255.99609375,1.4023651483939878,1.0,0.2106911394323143,0.2105225980190982,-0.22324702030658639,1.0574393009686882,1.242333898396264,2.7893249113016187,5739.255812973691,3380.0885794541086,1.697960180055575,9166.906319816415
balanced_interleaved.csv,950,243200.0,243456.0,2,646.964003164557,628.90625,97.0653113020744,78.83240760346503,24.111675126903553,92.74086302563397,396,255.99609375,1.5468986037994965,1.0,0.20851086183611633,0.21661361718605182,-0.22715019351451593,1.0706354883928129,1.211045932189688,2.6038609205737435,5654.188263991562,4294.132558653011,1.3167242013984717,9986.602750379625
balanced_interleaved.csv,951,243456.0,243712.0,2,642.5977543969849,632.8125,77.62985853271695,47.86488904319249,24.43324937027708,93.37100789638477,399,255.99609375,1.5586175326161593,1.0,0.21187458844803322,0.21529668843528244,-0.22515569014644124,1.061293512547991,1.196843730373695,2.576107161134157,4580.972585708925,2597.54704972171,1.7635763657099919,7192.5405774434275
balanced_interleaved.csv,952,243712.0,243968.0,0,711.8431389664804,707.03125,82.21048975091409,76.32119748089463,39.21568627450981,84.28823249896534,359,255.99609375,1.4023651483939878,1.0,0.22797139623310497,0.20845119124061293,-0.20438170200425707,1.0543334889725318,1.170588456450302,2.5214666440126736,5819.963514453996,4868.618178014924,1.195403562500554,10716.89922031835
balanced_interleaved.csv,953,243968.0,244224.0,1,732.0469197707737,734.375,78.4185493885473,61.12706352530924,37.64367816091954,81.96195951317962,350,255.99609375,1.3672083619439994,1.0,0.21639816893559408,0.20811842369459282,-0.21014692192777415,1.0499454543427766,1.2177934186084698,2.698469139640153,5732.290381965812,3348.7226050238223,1.7117841810384988,9083.943915223548
balanced_interleaved.csv,954,244224.0,244480.0,2,656.0491645244216,656.25,67.15677835372065,58.42032970362639,18.556701030927837,91.45656033796608,390,255.99609375,1.5234607461661707,1.0,0.20571132634803932,0.21382316135258578,-0.21650172991622338,1.0590617414443788,1.25490848013691,2.7399553902193423,4372.8347269694805,2325.3068965945613,1.8805409012348209,6703.860829056474
balanced_interleaved.csv,955,244480.0,244736.0,1,744.8030884502924,744.140625,67.62967850382572,56.54603997714406,35.483870967741936,80.55820515573004,343,255.99609375,1.3398641947051193,1.0,0.21120519864098636,0.20916410221504106,-0.21303823508444916,1.0569447536549608,1.2647292063708993,2.826271214482868,4853.70492853391,2907.85793837031,1.669168519028181,7774.286849860401
balanced_interleaved.csv,956,244736.0,244992.0,3,714.909217877095,718.75,74.20000230876084,55.99467234705795,23.52941176470588,83.92673992673993,359,255.99609375,1.4023651483939878,1.0,0.19823239587074215,0.2087779855239909,-0.22001369431293624,1.050041023897198,1.3206761830973963,3.0136305702245236,5823.944566732035,1896.7056709533074,3.070557891992198,7736.5749024269435
balanced_interleaved.csv,957,244992.0,245248.0,3,654.4123553984576,644.53125,83.8292155520572,60.370922524715326,19.84536082474227,91.68531050039128,391,255.99609375,1.527367055771725,0.9974358974358974,0.19374961059728324,0.21637636060742418,-0.23795706620059878,1.0627925353297687,1.2704029533737555,2.792282390494208,5548.152410933808,2406.721122854394,2.3052743245771854,7977.999032032518
balanced_interleaved.csv,958,245248.0,245504.0,3,628.2344133906633,625.0,64.17041433004813,49.76604579817223,14.039408866995073,95.50575186763831,409,255.99609375,1.5976806286717022,0.9975490196078431,0.1871687011669688,0.22054827640592226,-0.24655269638427796,1.064694520321475,1.2768361273473563,2.7677370981454477,3956.0355630210483,1602.902504657322,2.4680450317636713,5578.047919446581
balanced_interleaved.csv,959,245504.0,245760.0,3,675.863921957672,675.78125,70.44874444559488,63.23042032175506,25.46419098143236,88.7752668114125,379,255.99609375,1.4804913405050737,1.0,0.19879335288928035,0.21481119359470674,-0.2283346818597944,1.0582489541789573,1.270881567423276,2.797032704310448,4893.978493344248,2856.0565337442954,1.7135439846942502,7798.856416867867
balanced_interleaved.csv,960,245760.0,246016.0,0,677.983710106383,675.78125,67.71548482417744,53.08132395791386,30.666666666666664,88.49770150168557,377,255.99609375,1.4726787212939652,1.0,0.21690183602793184,0.2122968062205436,-0.21690863248165584,1.0564285244528426,1.1987631411120279,2.604848460867034,4041.625456716504,3372.648389577108,1.198353634848748,7419.723737125406
balanced_interleaved.csv,961,246016.0,246272.0,2,728.75,726.5625,74.00024151221673,64.1484213754857,26.64756446991404,82.3327615780446,351,255.99609375,1.3711146715495537,1.0,0.19153938877040735,0.21091994975612705,-0.23732575523746482,1.041347375997468,1.261923738589194,2.8060191647860266,5205.311678260305,2622.695912855074,1.9847179586266974,7840.211554469837
balanced_interleaved.csv,962,246272.0,246528.0,2,602.4929982311321,601.5625,48.91639887055773,30.267814277471217,11.347517730496454,99.58621955135555,425,255.99609375,1.6601815823605708,1.0,0.1977857082455455,0.21861694544496604,-0.232529734121433,1.0723380345657403,1.2775886328794475,2.7968574206808308,3109.619518803233,1267.875256061382,2.4526226093118786,4378.0891973518765
balanced_interleaved.csv,963,246528.0,246784.0,1,651.1778539540817,650.390625,60.019381086982676,38.715288728897434,16.879795396419436,92.14072566452936,393,255.99609375,1.5351796749828337,1.0,0.19910309534170825,0.21354072776518215,-0.22583939684776896,1.0615871542975641,1.300142401131495,2.8920986418179986,4289.438335860994,1578.7866296892948,2.7169208651742607,5877.395790467351
balanced_interleaved.csv,964,246784.0,247040.0,1,668.5004908376964,667.96875,70.45331022743034,46.51950927043026,32.020997375328086,89.75311285832288,383,255.99609375,1.4961165789272908,1.0,0.21284747535527526,0.21225785396671054,-0.22175346109120825,1.0538614819714103,1.1959315645892112,2.619615946804875,4962.552647794881,2646.107725934322,1.875415954973125,7612.9650482574925
balanced_interleaved.csv,965,247040.0,247296.0,1,738.4957550578034,722.65625,96.9957182722804,82.82350128594348,43.47826086956522,81.24623545778363,347,255.99609375,1.3554894331273366,1.0,0.22255216277320977,0.2089232434212241,-0.2127413282803541,1.0564996025825069,1.1824013532236215,2.6144363114906763,6602.153366690403,4986.405340008049,1.3240306225646201,11595.868030384276
balanced_interleaved.csv,966,247296.0,247552.0,0,743.2352405247814,750.0,106.69837589413096,74.54086666507054,42.39766081871345,80.72814195090558,344,255.99609375,1.3437705043106738,1.0,0.22486174859519986,0.20845524156090153,-0.20538650929917304,1.0557946992241913,1.1837305233257558,2.597174401657389,5404.434799448257,5003.462934361641,1.0801388698880756,10420.627773579525
balanced_interleaved.csv,967,247552.0,247808.0,3,657.4480509020618,660.15625,60.60992844011061,54.661899346517096,15.762273901808785,91.26196346262806,389,255.99609375,1.5195544365606164,1.0,0.1952881138146091,0.21279525583923894,-0.2233279318351845,1.0462909635107078,1.2814995089366235,2.8119093453952306,4269.0294213655,1954.7662746580993,2.183907854718938,6248.99247510555
balanced_interleaved.csv,968,247808.0,248064.0,0,662.979679404145,660.15625,63.00002250230249,45.14837818414166,27.01298701298701,90.50051134889259,387,255.99609375,1.5117418173495079,1.0,0.2328499744362431,0.20928165503575374,-0.1960049025188535,1.062844698631113,1.1959205036555054,2.583495664221985,4147.198349692609,2789.84529399483,1.486533449944158,6937.883809443103
balanced_interleaved.csv,969,248064.0,248320.0,2,748.0869684750733,750.0,76.80795120407741,59.417841427809016,38.23529411764706,80.20457851619325,342,255.99609375,1.335957885099565,1.0,0.20502212662791813,0.20765709911330857,-0.22351626394979535,1.042771542001738,1.223043620632095,2.7412530757757985,6898.278903950219,2986.516952013133,2.30980738257664,9886.661486622112
balanced_interleaved.csv,970,248320.0,248576.0,0,665.5005711488251,656.25,85.6099041094578,63.751316806894714,24.345549738219894,90.15769873258647,385,255.99609375,1.5039291981383993,0.9973958333333334,0.20854160795757806,0.21214945435688487,-0.21632942212589637,1.0602374126403629,1.26313263786898,2.7726784277050784,5612.0341922091375,2748.983219655255,2.0414945249876544,8412.28644187356
balanced_interleaved.csv,971,248576.0,248832.0,1,636.8161627182045,632.8125,65.21383197293291,46.24288968253829,27.750000000000004,94.21871414804276,402,255.99609375,1.5703364614328221,1.0,0.21747056163082024,0.21458380064974103,-0.22063062508201559,1.06261320147123,1.186362579252315,2.54786854346788,4285.345193160418,2800.3975043940827,1.5302631810078087,7095.004737797171
balanced_interleaved.csv,972,248832.0,249088.0,1,660.7937985751296,652.34375,76.89337566053705,64.33395183308616,26.75324675324675,90.7998836087416,387,255.99609375,1.5117418173495079,1.0,0.20679601557055718,0.21511196210522057,-0.23128746008766085,1.0623935689222213,1.2285723049506494,2.684165699526881,5207.714915445039,2807.7921843098493,1.854736595018013,8027.702945467968
balanced_interleaved.csv,973,249088.0,249344.0,2,664.642333984375,667.96875,73.59493400003336,61.75742985568006,24.54308093994778,90.27411726892879,385,255.99609375,1.5039291981383993,1.0,0.19822670213428192,0.21508741526618827,-0.23497930822315377,1.0594974076335963,1.258366376720346,2.782070513581295,4629.83048882794,2787.8230419943934,1.6607332743457721,7451.598154149468
balanced_interleaved.csv,974,249344.0,249600.0,1,647.65625,644.53125,58.1416302590347,39.196609097176335,20.050761421319795,92.64173703256937,396,255.99609375,1.5468986037994965,1.0,0.19882079044087841,0.21535961743783355,-0.23502595486680866,1.0518829636471878,1.226398775225511,2.653410415546701,3875.275313148071,1988.4155853443556,1.9489262414310373,5867.085258065066
balanced_interleaved.csv,975,249600.0,249856.0,3,677.8846153846154,679.6875,52.904821871014164,34.115215124455325,15.691489361702127,88.51063829787235,378,255.99609375,1.4765850308995194,1.0,0.18992775073467474,0.21401208455784815,-0.2324436351570677,1.0512794882679717,1.2939899358647864,2.854954599007381,3958.9667570744514,1198.0228264777206,3.3045837437956993,5157.07233769787
balanced_interleaved.csv,976,249856.0,250112.0,3,609.7945256563246,601.5625,71.02230295058723,50.56838263233943,10.047846889952153,98.39379901848369,420,255.99609375,1.6406500343327992,1.0,0.1794896094028937,0.22084724580599485,-0.24981506230110812,1.064279659745589,1.31776219138187,2.922215806510626,4486.135062766753,1471.7104588959796,3.0482456896664845,5970.378308331306
balanced_interleaved.csv,977,250112.0,250368.0,3,681.9435160427807,679.6875,81.0732176637139,58.40949301802738,19.839142091152816,87.98382650248116,375,255.99609375,1.4648661020828564,1.0,0.18734738612631197,0.2136230751485834,-0.2382725164790136,1.0527158399830432,1.3013331067807152,2.9100355497995025,5969.44949797249,1851.0707734926416,3.2248629190493885,7860.275057119889
balanced_interleaved.csv,978,250368.0,250624.0,3,739.9230072463768,734.375,96.47635187838677,78.19537164914163,39.53488372093023,81.08951798010712,346,255.99609375,1.3515831235217823,1.0,0.20520207560125497,0.20998623592952542,-0.23036985841363136,1.051200846991721,1.214681954864282,2.720941920386408,7402.93264286179,4340.421704273602,1.7055791227780526,11792.777022201843
balanced_interleaved.csv,979,250624.0,250880.0,0,705.3586843922652,691.40625,118.25221693243475,80.32681143842272,39.88919667590028,85.06310523658726,363,255.99609375,1.4179903868162052,1.0,0.2167144174283568,0.21141592733713319,-0.21869429971626603,1.0559214668821233,1.1570241885560675,2.521372080465465,5719.608978121107,5606.892891120807,1.0201031282724875,11353.079977969643
balanced_interleaved.csv,980,250880.0,251136.0,2,611.2533642344498,609.375,56.959545713261875,33.914461329850354,14.148681055155876,98.15896894922716,419,255.99609375,1.636743724727245,1.0,0.19472353167228446,0.21803543498451283,-0.23488104667324933,1.0661337828092097,1.2794051409308511,2.8084834275097146,3559.3189302699416,1484.4130024504732,2.3977955760251413,5047.573623230607
balanced_interleaved.csv,981,251136.0,251392.0,2,598.205137587822,597.65625,45.86757984301302,27.84929932996067,8.685446009389672,100.30004129008579,428,255.99609375,1.6719005111772336,1.0,0.19130291544467085,0.2188705529521967,-0.23716866787801985,1.056342727603557,1.2658140464422936,2.7357320900050217,2770.550444565789,1151.4169450823883,2.406209545897855,3922.698204838745
balanced_interleaved.csv,982,251392.0,251648.0,1,731.6887535816619,730.46875,70.93118518714942,59.24158447805061,30.747126436781606,82.00208040139509,350,255.99609375,1.3672083619439994,1.0,0.19438928424309124,0.2127915684706143,-0.24116661384341173,1.0514804729398373,1.2417923730208944,2.7572366618411346,5231.975768147313,2875.2826142707813,1.8196387868725132,8109.798223928621
balanced_interleaved.csv,983,251648.0,251904.0,1,754.5881102071006,750.0,76.27833639587213,61.87054072198875,39.762611275964396,79.51357725943056,339,255.99609375,1.3242389562829022,1.0,0.2245233662553068,0.20264241306824898,-0.1885194913175977,1.045741857120981,1.247999445929774,2.803630448763065,6845.321874939006,3263.9055309816717,2.097279412642855,10115.00252060792
balanced_interleaved.csv,984,251904.0,252160.0,0,678.9706615691489,671.875,81.44915939804818,52.055721847682925,31.2,88.36906128069774,378,255.99609375,1.4765850308995194,0.9973474801061007,0.22266564720717302,0.21026962380536388,-0.21028298471177584,1.0562222837577533,1.1907204894249492,2.565353528703339,5452.247927995921,3138.4932167474226,1.7372183246731239,8593.207341081425
balanced_interleaved.csv,985,252160.0,252416.0,0,682.2255180481284,675.78125,75.20545859215144,52.307052053995776,31.099195710455763,87.9474578606531,375,255.99609375,1.4648661020828564,1.0,0.20358205643508856,0.21555201761354498,-0.23886028698039874,1.0503648304121287,1.1811747163925534,2.5132250220414862,5253.703106078923,3092.205625591683,1.6990147946819172,8349.359074708367
balanced_interleaved.csv,986,252416.0,252672.0,3,693.4336786684783,691.40625,69.48805975924988,58.732309490526085,28.337874659400548,86.5259387389594,369,255.99609375,1.4414282444495308,1.0,0.19140253745740535,0.21401508028067162,-0.23980890567762764,1.0516302464722052,1.24351388084218,2.752177789032574,5359.405891364283,2513.702197629252,2.1320767020130305,7879.99834468365
balanced_interleaved.csv,987,252672.0,252928.0,0,680.8125,675.78125,70.18091984937271,58.43512675608596,31.818181818181817,88.12999173781327,376,255.99609375,1.4687724116884109,1.0,0.21870042544699675,0.21032348792679775,-0.2118457421268794,1.0568477438439474,1.2001999320510226,2.6232188883944554,4943.842687776232,3368.845657657025,1.4675183104751053,8315.791942190212
balanced_interleaved.csv,988,252928.0,253184.0,2,676.5769675925926,679.6875,61.39230072909344,39.59660552337544,22.281167108753316,88.68170640436223,379,255.99609375,1.4804913405050737,1.0,0.19863163262030903,0.21518390558332248,-0.23239293211808662,1.0588814140299867,1.2527575442962005,2.749466800816207,4013.13094613531,1824.4038182990253,2.19969444586941,5838.89353894904
balanced_interleaved.csv,989,253184.0,253440.0,0,672.4830969656992,671.875,67.55249281865338,54.63395846046082,29.894179894179896,89.22157340567382,380,255.99609375,1.484397650110628,1.0,0.2163116323589116,0.21046486466416894,-0.21487350473801778,1.050934600751654,1.1960167792354763,2.583382419631297,4353.4144968262235,3073.3551835035996,1.416502238398416,7435.429270322869
balanced_interleaved.csv,990,253440.0,253696.0,1,685.698726541555,683.59375,69.0304303220972,62.36169751281044,27.956989247311824,87.50198546032134,375,255.99609375,1.4648661020828564,0.9973262032085561,0.22029067122259868,0.20913884794907883,-0.20386012085401906,1.0618591309141807,1.272464313764412,2.828090722932415,5257.011443626188,2739.4489461175726,1.9190032546788576,8037.605183295336
balanced_interleaved.csv,991,253696.0,253952.0,2,659.5809108527131,648.4375,84.48372845471242,64.73662308979196,26.42487046632124,90.9668533651639,388,255.99609375,1.5156481269550621,1.0,0.20348950377637132,0.2149283588785262,-0.23027696784246654,1.0603442823614826,1.2155042595819385,2.62552556843855,6000.296702195402,3021.3744460051935,1.985949378147712,9043.88015580452
balanced_interleaved.csv,992,253952.0,254208.0,2,696.8600580601093,679.6875,91.58904369631982,54.525199476907694,31.780821917808222,86.1005008193834,367,255.99609375,1.4336156252384222,1.0,0.21118201779913606,0.21133426580599363,-0.22158048019453438,1.055553033219693,1.2178559772364947,2.6998540850775132,5602.855357166057,2656.844451501791,2.108838307789913,8260.980730450978
balanced_interleaved.csv,993,254208.0,254464.0,1,744.3968658892128,742.1875,72.95651190602788,59.56792511214043,35.67251461988304,80.60216633008996,344,255.99609375,1.3437705043106738,1.0,0.211743342988789,0.20825412399113744,-0.21669091878370114,1.0492817299375525,1.2257743687030216,2.742520129415505,5530.914441296598,3301.64908448542,1.6751975451560204,8839.20905953045
balanced_interleaved.csv,994,254464.0,254720.0,3,715.7409838935574,718.75,80.42799327299926,65.12000187804885,27.52808988764045,83.82920826135478,358,255.99609375,1.3984588387884336,1.0,0.19178290132102466,0.2097254428476568,-0.22553307470793152,1.0403433491690366,1.29297973801505,2.9102034912113446,6271.898203206009,2419.519771039199,2.592207874586695,8718.83984706736
balanced_interleaved.csv,995,254720.0,254976.0,3,630.4012345679013,628.90625,45.70400057255306,27.80126873017535,7.920792079207921,95.17747858017135,406,255.99609375,1.5859616998550392,1.0,0.18186920060436498,0.21975355509255132,-0.24512569993188646,1.0617523751508524,1.297028532986568,2.843769435019384,2897.160112029766,924.2068674942232,3.1347528501760187,3822.5905530180125
balanced_interleaved.csv,996,254976.0,255232.0,3,641.9696136934673,644.53125,52.816157964885214,37.51561682848525,12.090680100755668,93.4623675640967,399,255.99609375,1.5586175326161593,1.0,0.18563310110615483,0.21830775852029563,-0.24167982381999004,1.064429548040925,1.3124254029586389,2.904294704976074,3530.2583721999817,1182.7392571988312,2.9848154195549013,4716.091404279744
balanced_interleaved.csv,997,255232.0,255488.0,0,632.0196472772277,628.90625,55.64949363118712,37.01142367716874,14.1439205955335,94.93375761099043,405,255.99609375,1.582055390249485,1.0,0.2099227274465103,0.21369869557676285,-0.21610642702332994,1.06223656926082,1.266295927580688,2.7693266649914916,3396.3367739195965,1484.1606900313207,2.2883888494903624,4882.54909444562
balanced_interleaved.csv,998,255488.0,255744.0,2,691.9461382113822,687.5,85.69203205249724,70.99064158745483,33.15217391304348,86.71195153295392,370,255.99609375,1.445334554055085,1.0,0.22021255774933574,0.21154675719428276,-0.21277695106340527,1.05894218294782,1.1907379373070652,2.5836041071133247,6279.179670684602,4028.558538068482,1.5586666077577203,10347.583248496092
balanced_interleaved.csv,999,255744.0,256000.0,2,684.0126508042896,687.5,76.0216778233297,46.10296831231132,28.225806451612907,87.71767587843527,375,255.99609375,1.4648661020828564,0.9973262032085561,0.20804723344179096,0.21215409399647384,-0.22505993251797982,1.0552890418606926,1.2289020478976282,2.7104087715158096,5192.7048943825275,2414.895335544761,2.150281553801228,7611.233091912774
balanced_interleaved.csv,1000,256000.0,256256.0,2,713.3447128851541,707.03125,80.00032236546173,69.86485546624154,33.70786516853933,84.11080774304384,359,255.99609375,1.4023651483939878,0.9972067039106145,0.21198158987748533,0.2091369857641806,-0.21552085343534994,1.0473044046647089,1.206332826974608,2.641115559674976,6108.542879144756,3528.527455686019,1.7311875721134578,9670.673571651194
balanced_interleaved.csv,1001,256256.0,256512.0,1,735.2168642241379,738.28125,86.71655841943345,58.490092027123005,36.887608069164266,81.60857417670499,349,255.99609375,1.3633020523384451,1.0,0.2349823033276736,0.20401122805726069,-0.1801294141595512,1.0518420281808494,1.2072666236793534,2.6415429844861276,5342.71355212064,3471.1710709545064,1.5391674575841332,8819.683600971022
balanced_interleaved.csv,1002,256512.0,256768.0,1,713.3556547619048,707.03125,75.66012372139801,70.3606410960038,33.42696629213483,84.10951760104302,358,255.99609375,1.3984588387884336,1.0,0.22946973623076705,0.20757320536024804,-0.1922451383587088,1.0624512112632678,1.212009582426037,2.667081134212572,5415.62664451133,3484.5510025741305,1.5541820568878637,8939.792690433136
balanced_interleaved.csv,1003,256768.0,257024.0,0,696.9409911444142,691.40625,79.98532584296969,67.58455922850149,35.24590163934426,86.09050229844684,368,255.99609375,1.4375219348439765,1.0,0.24007200467408643,0.2064299450426287,-0.1877944234606249,1.06650424157914,1.208059793323888,2.6697711554393777,5565.161454902532,3526.3013994236812,1.5781865542781086,9107.493526790582
balanced_interleaved.csv,1004,257024.0,257280.0,3,644.403014520202,644.53125,55.79468515638904,34.81118010758318,17.21518987341772,93.10943407779327,398,255.99609375,1.554711223010605,0.9974811083123426,0.19895299724167043,0.2161939628879067,-0.22633517139834866,1.0640199233132126,1.2816095383161799,2.7870736678483876,3909.4877926451004,1476.7100400470638,2.6474309015468616,5387.319523849514
balanced_interleaved.csv,1005,257280.0,257536.0,0,681.640625,671.875,90.76166715924582,51.539280685771466,24.664879356568363,88.02292263610315,375,255.99609375,1.4648661020828564,1.0,0.20392555572941318,0.21447465229626642,-0.2358183612573587,1.0623450823951357,1.2254954024167237,2.7071752783765337,5299.367872146002,2585.627702527522,2.0495479171134052,7888.438423027675
balanced_interleaved.csv,1006,257536.0,257792.0,0,727.6976495726495,726.5625,85.2075223917365,79.10462819235606,44.57142857142857,82.45182602312352,352,255.99609375,1.375020981155108,1.0,0.22338994119181313,0.20972697339814828,-0.21138234872671535,1.0533701506629076,1.1620435894487602,2.523271323457166,6123.090171010066,4989.007247942575,1.227316351070682,11139.932294547834
balanced_interleaved.csv,1007,257792.0,258048.0,2,712.3520194986072,714.84375,78.91505547590606,68.30027248513213,33.798882681564244,84.22801979593083,360,255.99609375,1.4062714579995423,1.0,0.21775382292350837,0.20872937354923551,-0.20839154733242693,1.0590996962413597,1.2517847809174165,2.789337755765228,5677.423894621099,3374.9142919550677,1.6822423929859864,9084.624936772909
balanced_interleaved.csv,1008,258048.0,258304.0,0,679.4895833333334,671.875,82.408879542217,69.47250116766328,29.411764705882355,88.30157440480752,376,255.99609375,1.4687724116884109,1.0,0.2340300276146987,0.20837928040412165,-0.19448108440962117,1.060855942167195,1.1831641823441579,2.5606580184885166,5356.14039618538,3857.793430836481,1.3883948148628618,9238.415871482452
balanced_interleaved.csv,1009,258304.0,258560.0,1,663.2000811688312,660.15625,53.689564938013234,38.368157587543834,19.791666666666664,90.47043524822152,386,255.99609375,1.5078355077439536,1.0,0.21055039046922439,0.21340472532689225,-0.21390083044089914,1.062181302778804,1.256943110709737,2.742804703110303,3188.9070377360626,1876.8263760218078,1.6990953870199708,5065.864944441964
balanced_interleaved.csv,1010,258560.0,258816.0,2,668.8379417539267,664.0625,68.1795230816996,52.73655838412848,19.94750656167979,89.7078294372162,383,255.99609375,1.4961165789272908,1.0,0.2036988267153818,0.21267471791534756,-0.22286363813309168,1.05498667508391,1.2745952781031369,2.824123113791316,4504.39919409446,1970.54847147104,2.2858606420028162,6476.543980483263
balanced_interleaved.csv,1011,258816.0,259072.0,1,625.2393535539215,625.0,54.96426412536238,35.14665102371186,15.47911547911548,95.96324936834853,409,255.99609375,1.5976806286717022,1.0,0.19689753260949816,0.21593068323461076,-0.23158297211735546,1.0554436651290333,1.2657818755571322,2.7527347982302226,3803.451174605748,1419.2071279399422,2.6799831396891785,5224.021724892162
balanced_interleaved.csv,1012,259072.0,259328.0,1,654.8377403846154,640.625,86.09620133269186,61.44518542961618,23.65038560411311,91.6257513880604,391,255.99609375,1.527367055771725,1.0,0.19797833231602663,0.21598506288018723,-0.2364519566415367,1.0598726745700775,1.2277024568150172,2.6877974217124994,5522.125776760448,2659.0530513126814,2.0767264399009897,8197.121443179178
balanced_interleaved.csv,1013,259328.0,259584.0,3,638.7109375,636.71875,72.3265122951201,58.952600483899126,14.786967418546364,93.93920861109412,401,255.99609375,1.5664301518272679,1.0,0.18653460816317022,0.2181679223000234,-0.24351271769472882,1.0582532559460114,1.2764935077721122,2.789018894630571,4647.246165459391,2077.2530059189976,2.2372075776120504,6763.753331694853
balanced_interleaved.csv,1014,259584.0,259840.0,3,629.2718596059113,617.1875,65.0880892618862,33.24947404989901,14.074074074074074,95.34829674026054,407,255.99609375,1.5898680094605935,1.0,0.18624611265795815,0.21995222463086256,-0.24639134758668518,1.0709631939211754,1.3032783970779716,2.898610139802612,4154.8470967846,1211.716217924299,3.4288945178120662,5374.809594247581
balanced_interleaved.csv,1015,259840.0,260096.0,3,704.1688188705234,703.125,67.87689213544823,61.34964085970945,19.060773480662984,85.20684016687807,364,255.99609375,1.4218966964217594,1.0,0.20029975017085827,0.2113781025398786,-0.22370540149597043,1.0584526421643892,1.2841085982034723,2.8811939642402136,5574.476395331067,2191.0331311908235,2.5442227759930525,7784.027797760686
balanced_interleaved.csv,1016,260096.0,260352.0,0,701.5646522038568,703.125,69.1205341900282,58.66312938981151,33.42541436464088,85.52312293887567,364,255.99609375,1.4218966964217594,1.0,0.22916690790132432,0.2082966629375038,-0.19864221002011453,1.0502051959447718,1.1714260272963488,2.5087789999723142,4404.45061170469,3610.799942664375,1.2197991253026021,8016.949047806355
balanced_interleaved.csv,1017,260352.0,260608.0,2,630.2372685185185,625.0,58.04552789790208,37.183091028987725,17.07920792079208,95.20224048482623,407,255.99609375,1.5898680094605935,0.9975369458128078,0.19919315797293008,0.2151018864939116,-0.23035143195843422,1.06025870914022,1.2726486433855453,2.796144729591717,3812.8910000515552,1781.8456816487562,2.139854780534898,5595.911268330061
balanced_interleaved.csv,1018,260608.0,260864.0,2,674.4001484168865,667.96875,67.85264363168008,40.53174790904452,21.693121693121693,88.96795195085049,380,255.99609375,1.484397650110628,1.0,0.19957321866197172,0.21337655576253844,-0.23267892916041033,1.0572135274149563,1.2635847865831198,2.80154538511972,5147.002566356469,1728.114361274839,2.9783923342662915,6884.258434629072
balanced_interleaved.csv,1019,260864.0,261120.0,2,646.756329113924,648.4375,66.56958774832175,54.33903380773196,21.573604060913706,92.77064220183486,396,255.99609375,1.5468986037994965,1.0,0.2009938976603212,0.21554617987970756,-0.2334293504173528,1.0576476379195419,1.255920387690314,2.7416252409580384,3823.9019417966965,2269.235081146231,1.68510612830169,6101.998987328606
balanced_interleaved.csv,1020,261120.0,261376.0,1,635.764105361596,636.71875,62.418785696820386,55.91807449016373,22.75,94.37462652263848,403,255.99609375,1.5742427710383764,0.9975124378109452,0.20145581844380153,0.21673993365713815,-0.23292773928101376,1.0597133258118439,1.2440242381027111,2.7041994675988272,3815.2017519610376,2494.407130838614,1.5295024235592107,6330.413282828234
balanced_interleaved.csv,1021,261376.0,261632.0,1,657.1135925449871,640.625,93.83364736656155,71.5629145751452,24.484536082474225,91.30841407133471,390,255.99609375,1.5234607461661707,1.0,0.20751848142304435,0.21427065890537111,-0.22661557091623774,1.0571209193551605,1.2003365134811212,2.6106725592681164,5608.301607731218,3408.9297483679784,1.6451795788447052,9031.67242235786
balanced_interleaved.csv,1022,261632.0,261888.0,0,731.3193946991404,730.46875,81.79450484226967,77.96994310986788,38.793103448275865,82.04349622736804,350,255.99609375,1.3672083619439994,1.0,0.24374261568603453,0.20303883838135442,-0.17863644266293455,1.0459333107014164,1.160341610036414,2.502364961759498,5737.477659002015,4951.3884443550105,1.1587613703673785,10724.297177977283
balanced_interleaved.csv,1023,261888.0,262144.0,3,607.4032738095239,605.46875,50.5800493914238,28.2245517939087,8.353221957040573,98.78116004164879,422,255.99609375,1.6484626535439078,0.997624703087886,0.18861331153673908,0.22030095972253125,-0.2397926579418212,1.0607979823150495,1.277762025516407,2.7412362227622253,2924.0599323017823,1135.760040442202,2.574540244577821,4082.9825708147637
balanced_interleaved.csv,1024,262144.0,262400.0,0,761.2523320895523,761.71875,100.06644591354444,93.68272754768992,40.7185628742515,78.81749253274106,336,255.99609375,1.3125200274662394,1.0,0.23806407806666813,0.20279526160557165,-0.18761582911210986,1.0540727546801092,1.1729658070085618,2.6449959741321862,8193.214897556036,4795.548964067307,1.708504064695656,13015.601710216783
balanced_interleaved.csv,1025,262400.0,262656.0,2,660.1057816537468,636.71875,97.92323756841535,72.14230414704056,25.38860103626943,90.89452276828037,388,255.99609375,1.5156481269550621,1.0,0.21595242078364169,0.21422004592759805,-0.21546031873131968,1.0611949811219858,1.1792981862012606,2.4684411654738208,5439.254696130784,4264.662095929726,1.2754245409787828,9728.541050577676
balanced_interleaved.csv,1026,262656.0,262912.0,2,640.703320802005,632.8125,64.12045220362674,41.363506221853285,24.623115577889447,93.64708758633336,401,255.99609375,1.5664301518272679,0.9975,0.21218841934631077,0.2147821822350459,-0.22353187938886096,1.0619360769571164,1.2091313151673773,2.6174374204214397,4128.326280676429,2287.9702072361306,1.8043619045474588,6422.371355019552
balanced_interleaved.csv,1027,262912.0,263168.0,0,662.7739448051948,656.25,71.54031492770662,65.34095935040577,31.510416666666668,90.52860401390016,386,255.99609375,1.5078355077439536,1.0,0.2246129368441361,0.2120603114882356,-0.2077317542172443,1.0641226476872496,1.2085961733884716,2.6280835627045738,4383.435755388681,3556.0960600228486,1.2326539219979666,7951.72406955242
balanced_interleaved.csv,1028,263168.0,263424.0,1,692.5844938858696,687.5,80.53212217364575,67.36971866496418,26.430517711171664,86.63202905880729,369,255.99609375,1.4414282444495308,1.0,0.21194352178586212,0.2126789399504395,-0.21826362015166353,1.0639054010578386,1.2486061842218603,2.7675935174507886,5440.358388979871,3149.60680690645,1.7273135100706116,8599.195246049221
balanced_interleaved.csv,1029,263424.0,263680.0,2,628.5887469211823,625.0,61.558641160974624,53.41434401458552,14.074074074074074,95.45191557099781,407,255.99609375,1.5898680094605935,1.0,0.19567493802225158,0.21676060289143248,-0.23653276506098914,1.0593551070253566,1.2611445597224555,2.748999743823836,3665.6939134222725,1923.1000617537993,1.9061379001149266,5593.811219652635
balanced_interleaved.csv,1030,263680.0,263936.0,1,627.6585534398034,625.0,53.82525747384472,34.17563256647203,16.00985221674877,95.59337584292858,408,255.99609375,1.593774319066148,1.0,0.20697844577830235,0.21857802863814335,-0.22534838163291723,1.0781373518884445,1.27993925411268,2.8073206150574848,2956.2999869877194,1627.8732813798022,1.8160504388166683,4595.761515585172
balanced_interleaved.csv,1031,263936.0,264192.0,3,662.4838082901555,664.0625,55.36130922937741,34.883501871523976,15.584415584415584,90.56825125259684,387,255.99609375,1.5117418173495079,1.0,0.18929668084590673,0.21592352592452763,-0.23629649965059685,1.0603488854108025,1.3170277005987752,2.9367948855707047,4066.5944389814827,1242.6191056231296,3.2725993191149505,5310.85578180177
balanced_interleaved.csv,1032,264192.0,264448.0,3,673.879794973545,671.875,81.87999039294218,56.23318898510926,19.893899204244033,89.0366508204263,380,255.99609375,1.484397650110628,0.9973614775725593,0.17712848303386425,0.21584392214613254,-0.2532299694352151,1.0463386287643404,1.2807741936911092,2.837964083261695,5900.921475397639,1883.0370009509058,3.133725716710697,7807.4566120733725
balanced_interleaved.csv,1033,264448.0,264704.0,3,703.9535984848485,707.03125,71.95235460770073,45.25165888281997,28.45303867403315,85.23289053304187,364,255.99609375,1.4218966964217594,1.0,0.18722757301997134,0.21273661909997638,-0.24468466969761268,1.0428577869198858,1.2439370152142943,2.764026344748811,6055.727239247175,1980.7880317341553,3.0572313353213576,8039.3842570729585
balanced_interleaved.csv,1034,264704.0,264960.0,3,680.03125,683.59375,82.13714278682832,42.75219265136974,24.331550802139038,88.23123937319058,376,255.99609375,1.4687724116884109,1.0,0.201993452499204,0.21204223843866277,-0.22278078040481997,1.0539953524624799,1.2548317127931927,2.7688009175951382,4516.039609816344,2124.6397716223937,2.1255554330359994,6646.74651251533
balanced_interleaved.csv,1035,264960.0,265216.0,0,666.0054524739584,656.25,86.36110821918327,77.8399253838482,28.198433420365536,90.08935253776481,385,255.99609375,1.5039291981383993,1.0,0.2290503573082167,0.21052735315551271,-0.20070459299752497,1.061133142763148,1.1899948722970122,2.5566744704740767,5630.222153596766,3949.13298602366,1.4256856311303348,9584.386201214524
balanced_interleaved.csv,1036,265216.0,265472.0,2,627.75453009828,625.0,58.37610284350409,32.93519423826141,13.793103448275861,95.57876068310732,408,255.99609375,1.593774319066148,1.0,0.19967374638650956,0.21683483600037262,-0.233363440063891,1.06151233280208,1.2643620029276346,2.755384501546745,3683.5123619227256,1546.8746567863943,2.3812610451419247,5236.495236136481
balanced_interleaved.csv,1037,265472.0,265728.0,2,675.3771551724138,675.78125,63.87662440258259,41.49027613721061,22.606382978723406,88.83925009972077,379,255.99609375,1.4804913405050737,0.9973544973544973,0.21068969903596146,0.21107186201803113,-0.2170938297545837,1.0580507991448573,1.251341034080969,2.7549811728758202,4842.816866280843,1966.5809210249497,2.4625566202263602,6810.68171782703
balanced_interleaved.csv,1038,265728.0,265984.0,1,649.7992207379135,648.4375,52.91095370649783,34.172568956238536,16.3265306122449,92.33621414913958,395,255.99609375,1.5429922941939422,0.9974619289340102,0.1942968978019945,0.2158453848450741,-0.23120929192950335,1.0637349485033547,1.3116090246010677,2.8985737805394054,3633.081047911647,1398.7107046518645,2.5974499486052847,5034.886751266636
balanced_interleaved.csv,1039,265984.0,266240.0,1,703.6738119834711,703.125,95.42730690516706,49.90841396723222,31.767955801104975,85.26677983208698,364,255.99609375,1.4218966964217594,1.0,0.2106490323147356,0.21200999657166095,-0.22639260194962366,1.0597379249166181,1.2110732830475446,2.7103873570937296,5358.82777193876,2704.302917047119,1.9815930153971686,8069.800450210633
balanced_interleaved.csv,1040,266240.0,266496.0,1,756.8272440652819,757.8125,104.4462308955797,84.66027422281665,46.726190476190474,79.27832998943225,338,255.99609375,1.320332646677348,1.0,0.23122972988886692,0.20696894275144334,-0.20560751115849102,1.0523607489304332,1.1423291878264514,2.5033218740390746,7105.410460513722,5332.006199880681,1.332596061248527,12451.578725681626
balanced_interleaved.csv,1041,266496.0,266752.0,0,784.6754807692307,785.15625,98.27520787961458,88.70693233061819,50.617283950617285,76.46473156161447,326,255.99609375,1.2734569314106965,1.0,0.24444659072945807,0.2019041637493891,-0.18273013398087606,1.0494956078174855,1.1380341563209753,2.4953281811631207,7554.768943438093,6185.137332859476,1.2214391592086795,13751.579500486052
balanced_interleaved.csv,1042,266752.0,267008.0,3,719.9493838028169,718.75,72.96577354799771,66.39975873890201,24.858757062146893,83.33919210136179,356,255.99609375,1.390646219577325,1.0,0.19913616694360906,0.20876289350942234,-0.22369267302337278,1.0460312191176413,1.2715746671232544,2.869883900624596,6140.563186229333,2783.934945377934,2.2057136056373325,8965.986711114232
balanced_interleaved.csv,1043,267008.0,267264.0,0,772.857481060606,769.53125,85.85157249592686,86.88108838082705,46.20060790273556,77.63397711782635,331,255.99609375,1.292988479438468,1.0,0.225137184258876,0.20566446792294113,-0.20502821913744995,1.044998570683962,1.1622887466444178,2.5343744539347863,6263.882252300551,5676.655088624161,1.1034459826268421,11969.041874948467
balanced_interleaved.csv,1044,267264.0,267520.0,2,610.6646232057416,605.46875,65.82997330088124,40.31181885311184,13.42925659472422,98.25360389312277,419,255.99609375,1.636743724727245,1.0,0.19683347291475423,0.216862065187918,-0.231552447675707,1.0562944026283407,1.2516715801088134,2.7272152072961804,3975.6530279697527,1589.789338285674,2.5007420368391955,5569.708664743101
balanced_interleaved.csv,1045,267520.0,267776.0,0,638.447265625,632.8125,65.37186821488314,54.85367921938791,19.047619047619047,93.97800449699436,401,255.99609375,1.5664301518272679,1.0,0.21212115696535927,0.21310966091288627,-0.21389670622261067,1.0620360525106298,1.2544117492509597,2.73609850525156,4647.550330312866,2154.457967691222,2.157178464378821,6832.2292437612905
balanced_interleaved.csv,1046,267776.0,268032.0,1,677.439074933687,675.78125,76.06420534222347,65.9275489861533,32.180851063829785,88.56885027760359,379,255.99609375,1.4804913405050737,0.9973544973544973,0.2118814140123403,0.21365374825855052,-0.22254365972534695,1.0558794792227582,1.1965818833958386,2.566372356072292,5013.759645599173,3611.3195532565264,1.3883456093155726,8653.455836490975
balanced_interleaved.csv,1047,268032.0,268288.0,1,653.4027333759591,652.34375,71.98293510503458,49.15137393395379,24.871794871794872,91.82698041374249,392,255.99609375,1.5312733653772794,1.0,0.20086745749325402,0.21616061570271852,-0.2297646408085111,1.0648501200644258,1.2498500926769016,2.748826621393971,3689.5184356474124,2352.519832909273,1.5683261769082402,6044.615863727251
balanced_interleaved.csv,1048,268288.0,268544.0,2,624.6936274509804,617.1875,69.04796446550203,54.49761644681126,18.67321867321867,96.04708190289357,409,255.99609375,1.5976806286717022,1.0,0.20062013298601528,0.21687162630174808,-0.22771692113653222,1.0700685308831435,1.263958003334837,2.776484799763322,4356.181476264451,2283.9800864497124,1.9072764697505882,6675.320316265164
balanced_interleaved.csv,1049,268544.0,268800.0,1,697.0687159400545,695.3125,70.1768295390791,65.52046292285205,28.142076502732237,86.07472782519736,368,255.99609375,1.4375219348439765,1.0,0.22096604542591342,0.20887814534748175,-0.20142927638009067,1.055642183280665,1.2339145381315257,2.7113338882693503,5044.160228766566,3120.180325315989,1.6166245866753648,8181.780212821515
balanced_interleaved.csv,1050,268800.0,269056.0,3,615.2249849759615,617.1875,46.13178279400806,27.130461173285475,8.19277108433735,97.5252980051588,417,255.99609375,1.6289311055161364,1.0,0.1881743367034722,0.22016487437270416,-0.24116022800381787,1.0661355669948875,1.2908151713174474,2.8058830153438086,3041.4783678454232,934.4701899577477,3.2547623247167943,3975.9651931313474
balanced_interleaved.csv,1051,269056.0,269312.0,3,643.7223800505051,644.53125,57.433132225712235,33.588459989731646,10.632911392405063,93.20788255846026,397,255.99609375,1.5508049134050508,1.0,0.18107042476043053,0.216937638512164,-0.2454859533942432,1.054467209087379,1.319711793890478,2.9333209123722686,3664.37784814318,959.9978341972404,3.8170688699598667,4625.859361751885
balanced_interleaved.csv,1052,269312.0,269568.0,3,611.2110311750599,609.375,63.61390562436316,49.868719443517875,9.615384615384617,98.16576753310447,419,255.99609375,1.636743724727245,0.9976076555023924,0.18136187363152134,0.22105090608984648,-0.2483240070781622,1.065462201270333,1.3029869280103732,2.8613646324306456,4031.1300655176874,1478.6874220813622,2.726154294221001,5527.397025371083
balanced_interleaved.csv,1053,269568.0,269824.0,3,643.1340522670025,628.90625,75.74886618164362,57.13339558005133,23.232323232323232,93.29314749934979,398,255.99609375,1.554711223010605,1.0,0.2012720430106463,0.21656338168256278,-0.23828558629345842,1.0615953871235182,1.2281188640060279,2.6852901667700726,4921.8934652110165,2506.604611425089,1.9635699395018487,7458.812170411083
balanced_interleaved.csv,1054,269824.0,270080.0,0,681.9017379679144,679.6875,68.24155602180144,52.32933657743571,33.78016085790885,87.98921700771965,375,255.99609375,1.4648661020828564,1.0,0.2164586425555466,0.21183110705166308,-0.2228606502549963,1.0563000762947012,1.1778634376939274,2.5454833583484078,4773.624306144838,3334.804136586647,1.4314556749443466,8111.507413167842
balanced_interleaved.csv,1055,270080.0,270336.0,2,683.4893048128342,681.640625,70.346158949017,45.132992116867754,25.46916890080429,87.78484107579462,375,255.99609375,1.4648661020828564,1.0,0.19704926715684606,0.2127993881673424,-0.23756335319602268,1.0508438651534122,1.2651593488314148,2.824019757788606,5223.209846904395,2255.530680429966,2.3157343379202926,7484.164331400642
balanced_interleaved.csv,1056,270336.0,270592.0,2,652.0240569053708,648.4375,67.83535445999571,57.01395944428367,18.205128205128204,92.02114456446795,392,255.99609375,1.5312733653772794,1.0,0.19770482605417639,0.216030581615234,-0.2347057940151599,1.057224396633258,1.2482332731278016,2.719753477755072,4639.963026681173,2288.586369301954,2.0274362763492366,6963.397183704247
balanced_interleaved.csv,1057,270592.0,270848.0,1,724.9422940340909,726.5625,69.22691557559524,54.29098596212517,33.903133903133906,82.7652083397116,353,255.99609375,1.3789272907606622,1.0,0.2091171988042662,0.21117484270254042,-0.22504728024440704,1.0524764745745876,1.2077222492831952,2.6570256872831086,5243.172493171664,3208.7404581887586,1.6340282305447926,8459.27567689633
balanced_interleaved.csv,1058,270848.0,271104.0,1,712.0038300835655,707.03125,73.74785374325656,68.75338490349928,31.00558659217877,84.26920960938932,360,255.99609375,1.4062714579995423,1.0,0.2250422294416185,0.20696113330120008,-0.19248812719667577,1.0685185368639327,1.274949426075983,2.878448748753005,5593.723172324754,3376.191517459409,1.656814533001979,9028.37354384541
balanced_interleaved.csv,1059,271104.0,271360.0,0,655.1582532051282,652.34375,74.52085127503965,62.81895388114611,28.277634961439592,91.5809267554387,391,255.99609375,1.527367055771725,1.0,0.22837905010364912,0.2107438658371256,-0.19739032270847032,1.0668327904362052,1.2083553901727346,2.6159030622631905,4913.688099301306,3194.541045593281,1.5381514994398042,8148.751406696975
balanced_interleaved.csv,1060,271360.0,271616.0,0,645.3619462025316,640.625,74.52809457206048,62.2192895050763,26.903553299492383,92.9710844481221,396,255.99609375,1.5468986037994965,1.0,0.21576489369769147,0.21648183055914522,-0.22109444750892543,1.0645715445166253,1.181820206955658,2.5070803755300597,4661.46200049602,3328.8887982319497,1.40030571251639,8014.872258134504
balanced_interleaved.csv,1061,271616.0,271872.0,3,657.5855559125964,644.53125,78.04127455085232,61.52847112140339,23.195876288659793,91.24288004886616,390,255.99609375,1.5234607461661707,1.0,0.20059991687666257,0.21580689244769682,-0.2352176159273625,1.056781320041861,1.2304432617697472,2.6743855519287516,5127.94734944093,2838.220920391849,1.806747076169447,7998.238341514277
balanced_interleaved.csv,1062,271872.0,272128.0,0,698.6408390410959,699.21875,76.77567459839354,71.06445062536852,32.967032967032964,85.88103736156002,366,255.99609375,1.429709315632868,1.0,0.2255048965960387,0.2093548019784447,-0.20354978127443366,1.0543334889725318,1.1813839469353136,2.546402253594108,5390.391632782844,4185.4378107674265,1.2878919426100568,9607.406326841734
balanced_interleaved.csv,1063,272128.0,272384.0,2,673.303865131579,671.875,56.39607827752591,38.36730910073186,18.997361477572557,89.1128108826089,381,255.99609375,1.4883039597161822,1.0,0.18847538972140107,0.21564885539174206,-0.24160907081211858,1.0545301312072475,1.2707285199681897,2.822872514307914,4019.33104542023,1701.8223529691109,2.361780616177618,5722.930164913633
balanced_interleaved.csv,1064,272384.0,272640.0,0,748.3962609970674,746.09375,80.03650785778207,68.27397501710992,43.529411764705884,80.17143207004224,342,255.99609375,1.335957885099565,1.0,0.2447072238689982,0.2026878238664289,-0.1781021292101525,1.0450000910090576,1.1426996869066208,2.445856069759321,5755.311383750162,4752.963081084796,1.2108891412715528,10527.773425764732
balanced_interleaved.csv,1065,272640.0,272896.0,1,733.7333393371758,734.375,69.60383333147159,50.28336333314816,33.52601156069364,81.77357737921723,349,255.99609375,1.3633020523384451,0.9971264367816092,0.21832509222181953,0.20662140234337611,-0.19637147387793588,1.0567641325217687,1.2843730707416416,2.8899886256007408,4851.070279174869,2604.0801647106678,1.8628728657874702,7464.595130925278
balanced_interleaved.csv,1066,272896.0,273152.0,2,691.64972899729,687.5,76.06989541425034,62.1820739419173,29.347826086956523,86.74911228113137,370,255.99609375,1.445334554055085,1.0,0.19608717582250357,0.2143492375978617,-0.23858743758569495,1.0550132503572678,1.2436352053768118,2.7344045029757975,5505.237059317553,2897.0643725946875,1.9002812334428445,8412.337195099588
balanced_interleaved.csv,1067,273152.0,273408.0,2,644.6890782828283,644.53125,64.36094036183006,54.88352075509263,21.012658227848103,93.06811922394272,397,255.99609375,1.5508049134050508,1.0,0.19726115635500777,0.21748797406467543,-0.23804818641203296,1.0638772789255302,1.2580011446592418,2.7739358818523465,3857.443700349873,2268.2904915985737,1.7005951021869983,6135.568815507439
balanced_interleaved.csv,1068,273408.0,273664.0,1,625.7163050122249,625.0,50.172682226883154,33.35371703178059,15.686274509803921,95.8901015034725,410,255.99609375,1.6015869382772565,1.0,0.20155630304638888,0.21890157501123853,-0.23430519730708038,1.0732176744911304,1.277036908960381,2.7986550921513658,3006.420274281448,1576.8482854304584,1.9066008455345695,4585.613721858051
balanced_interleaved.csv,1069,273664.0,273920.0,3,628.1365455665025,628.90625,56.90441395700787,35.43804246678017,13.086419753086421,95.52063229482584,407,255.99609375,1.5898680094605935,1.0,0.1901476964129228,0.2177742367470455,-0.23833606566414994,1.0594908111378267,1.2922453717948919,2.828332342834475,3459.910551693493,1202.060828872834,2.8783156963344627,4669.4220369444665
balanced_interleaved.csv,1070,273920.0,274176.0,3,670.8189796587926,671.875,58.79732824321925,34.76054257645735,14.473684210526317,89.442907579208,382,255.99609375,1.4922102693217365,1.0,0.1955010938602485,0.21269662406826265,-0.2281854472509061,1.0504607314762184,1.2821599771073744,2.8315693711966627,4221.946014427402,1267.3541704711593,3.331307153751524,5489.470914697658
balanced_interleaved.csv,1071,274176.0,274432.0,3,660.8325258397933,667.96875,57.28770311221562,35.063362284532914,14.766839378238341,90.79456239499007,388,255.99609375,1.5156481269550621,1.0,0.1791895700263698,0.21843122079402316,-0.256497028913525,1.0539327038088464,1.2958488925279006,2.8633686879265197,3806.9138854597554,1253.502925547116,3.0370203434492606,5066.223461130122
balanced_interleaved.csv,1072,274432.0,274688.0,0,676.5272712201592,675.78125,65.37221263726128,42.21892452806186,22.606382978723406,88.68822078936486,378,255.99609375,1.4765850308995194,1.0,0.21957087552329707,0.2100953338318008,-0.20089794079455478,1.062491844039546,1.2546510140442415,2.7716216051121503,4369.4806617844115,1978.8139793655394,2.2081310862708703,6349.694025558499
balanced_interleaved.csv,1073,274688.0,274944.0,2,667.3449770942408,667.96875,69.93019378330673,49.74622830796926,30.708661417322837,89.90852116884511,383,255.99609375,1.4961165789272908,1.0,0.21627496510572908,0.21322370501863905,-0.21921304935567654,1.0623428956245269,1.1986803122300704,2.563078559222217,4863.788333720725,3218.6009933547098,1.5111498268231303,8085.7976786526715
balanced_interleaved.csv,1074,274944.0,275200.0,2,649.4884200507614,652.34375,62.064709725662475,42.05175376287222,23.40966921119593,92.38039993894061,395,255.99609375,1.5429922941939422,1.0,0.20115671490090725,0.21536690545530174,-0.23784038934236443,1.057496341773084,1.2359636556464408,2.699331661867598,4159.05284540223,2165.427747790681,1.920661102475288,6328.289544145229
balanced_interleaved.csv,1075,275200.0,275456.0,2,629.176311728395,632.8125,56.168232758437014,35.67296379955814,18.06930693069307,95.36277650882222,407,255.99609375,1.5898680094605935,0.9975369458128078,0.19849449965096927,0.2169868979257651,-0.23189063488394976,1.060998241249699,1.2517904703631113,2.7178758661432614,3373.781398686166,1820.3786807430058,1.8533404254707726,5197.773097982668
balanced_interleaved.csv,1076,275456.0,275712.0,1,630.4108796296297,628.90625,54.09235392645274,38.807860470846904,17.07920792079208,95.1760223986781,406,255.99609375,1.5859616998550392,1.0,0.2111375470009284,0.2150607073344934,-0.2193337474721416,1.0631259089943466,1.2451029542810768,2.701439964528144,3104.2386349609983,1980.6314507191328,1.567297456492425,5089.2712023445365
balanced_interleaved.csv,1077,275712.0,275968.0,1,688.2054413746631,687.5,64.60088773161404,61.94558522974205,23.783783783783786,87.1832688218105,372,255.99609375,1.4531471732661936,1.0,0.21274088814776482,0.21407553787682934,-0.2177683636712669,1.0684886705270589,1.2603058704655632,2.767633137611125,4014.9049896129,2682.2720048772117,1.4968299196772525,6729.915261233089
balanced_interleaved.csv,1078,275968.0,276224.0,0,732.6575969827586,730.46875,78.70812322077737,73.59371319299483,38.61671469740634,81.89364342510457,349,255.99609375,1.3633020523384451,1.0,0.240809236019871,0.20419713326389927,-0.18319193297739347,1.0590150964962988,1.1828928778005285,2.610927250665614,5790.1949442743535,4296.120530253297,1.3477729275749548,10098.684478047951
balanced_interleaved.csv,1079,276224.0,276480.0,3,626.6946231617648,609.375,86.10708337294017,48.349834227084465,16.216216216216218,95.74040973463494,409,255.99609375,1.5976806286717022,1.0,0.19605605564821033,0.21910948051888876,-0.2362295261241392,1.0659627734128387,1.246582092600554,2.695765038581454,4450.338912306164,2251.1454966382616,1.9769219354999747,6712.167710504233
balanced_interleaved.csv,1080,276480.0,276736.0,0,667.122225848564,652.34375,95.92772710198777,61.88696146331217,24.083769633507853,89.93854150741477,384,255.99609375,1.500022888532845,1.0,0.21683010885851908,0.21346038747238993,-0.22749411145431128,1.0552325773907218,1.1551638072968515,2.510161276069754,5755.452722519022,2864.2447168786725,2.0094137517659667,8646.297228537627
balanced_interleaved.csv,1081,276736.0,276992.0,0,695.8872615803815,695.3125,86.6366493326279,74.32848651518115,39.89071038251366,86.22086264912816,368,255.99609375,1.4375219348439765,1.0,0.223010953192601,0.21152356780427067,-0.2134692054930939,1.0569232498195644,1.1411197226748195,2.450709112567588,5663.502415892439,4754.554642712307,1.1911741143985695,10450.572417620111
balanced_interleaved.csv,1082,276992.0,277248.0,2,668.2755235602094,660.15625,86.96032097138118,56.241042479949314,25.45931758530184,89.78332721263313,383,255.99609375,1.4961165789272908,1.0,0.20274418673926925,0.21495956322522086,-0.23531867238652301,1.0559215466244836,1.1938562796278476,2.591997485994466,5004.538664474797,3070.866093522733,1.6296831291441491,8080.517303317029
balanced_interleaved.csv,1083,277248.0,277504.0,0,779.87624235474,781.25,84.98412270661129,72.50600591016882,46.012269938650306,76.93528375583978,329,255.99609375,1.2851758602273595,0.9969512195121951,0.25271547478512807,0.20002426982450938,-0.1660481478589173,1.0496207054953113,1.1547048358301684,2.5191460671771635,5535.598250301497,5256.41317273656,1.0531132291907694,10793.866960319878
balanced_interleaved.csv,1084,277504.0,277760.0,1,753.2494469026549,750.0,79.78582524317123,75.64480277672867,38.75739644970414,79.65488756310233,340,255.99609375,1.3281452658884565,1.0,0.22199430079387644,0.20485570495722824,-0.19884342581719497,1.0403712238980174,1.2009189061017345,2.632158380850984,6309.250513975365,4154.8995758888295,1.5185085460520835,10479.409316854917
balanced_interleaved.csv,1085,277760.0,278016.0,2,645.164161392405,644.53125,61.309989299795596,52.09320542808519,19.035532994923855,92.99958613712657,396,255.99609375,1.5468986037994965,1.0,0.1956289000290936,0.2158949956436064,-0.2359534625119569,1.0598294630923553,1.2751238469593031,2.803429721389131,4378.284498460629,1925.40283258213,2.2739576489502586,6304.6868990788325
balanced_interleaved.csv,1086,278016.0,278272.0,1,702.5776957417582,695.3125,95.44387348085569,74.1275084364412,28.650137741046834,85.39980754250104,365,255.99609375,1.4258030060273137,1.0,0.21153926561824427,0.20962464849502196,-0.22178457930254677,1.0524600383088762,1.2334095991709082,2.748431358266518,6661.09051120689,3053.8391241254544,2.181218538522217,9728.41576472043
balanced_interleaved.csv,1087,278272.0,278528.0,1,715.8751755617977,712.890625,80.62067411811678,72.80671229566472,36.056338028169016,83.81349437478924,357,255.99609375,1.3945525291828793,1.0,0.19893983923449202,0.21368592018174626,-0.23738284204979687,1.0437314900911585,1.1966365339259537,2.5718841010528086,6139.16584197158,3825.7860539827648,1.6046809087979486,9986.404371189736
balanced_interleaved.csv,1088,278528.0,278784.0,3,674.8718584656085,679.6875,68.32066070144646,58.26540961906774,19.628647214854112,88.90576669831255,380,255.99609375,1.484397650110628,0.9973614775725593,0.18103091808078373,0.21749178003346564,-0.2534940432769518,1.0588205741104886,1.2878274961363945,2.8803762287833052,4933.915640401972,2122.082195024032,2.3250351244505385,7080.239012597242
balanced_interleaved.csv,1089,278784.0,279040.0,3,671.4443897637796,664.0625,68.08225375090501,39.17284988972248,20.263157894736842,89.35959688502061,382,255.99609375,1.4922102693217365,1.0,0.18702277217873783,0.21697890618502946,-0.24274414494825894,1.0579629143815488,1.289645836938852,2.8834234521097137,5159.880914877008,1521.2713605496415,3.391821504489983,6689.006459595347
balanced_interleaved.csv,1090,279040.0,279296.0,3,741.9603924418604,744.140625,75.34776355941851,67.67434185685833,28.86297376093295,80.86685032139577,345,255.99609375,1.347676813916228,1.0,0.2098496286655378,0.20674867717795367,-0.20453261085715174,1.050188099553058,1.2727699453169188,2.86493279882119,6762.645373600396,2507.7308884021186,2.69671893618116,9295.491800896996
balanced_interleaved.csv,1091,279296.0,279552.0,0,649.8886768447837,648.4375,61.442798733047375,49.88804954539911,25.255102040816325,92.3235042212162,394,255.99609375,1.539085984588388,1.0,0.23101983839069545,0.211491658287955,-0.194805697514,1.0693361095803438,1.2091082833091962,2.6091660956028244,3574.1682151580712,2637.1687287800532,1.355305095253223,6216.708139688336
balanced_interleaved.csv,1092,279552.0,279808.0,2,658.2433956185567,656.25,69.57769903669809,59.55022519348792,22.22222222222222,91.15169312654858,390,255.99609375,1.5234607461661707,0.9974293059125964,0.2123859802876774,0.21275864072594358,-0.21155863363058663,1.063182814883679,1.2601440130818629,2.763891023004872,4999.598124316162,2498.927898029623,2.0006972303035595,7518.266611319017
balanced_interleaved.csv,1093,279808.0,280064.0,2,678.3888796542553,675.78125,68.33904285396193,52.96813544382918,24.53333333333333,88.44484601601862,377,255.99609375,1.4726787212939652,1.0,0.19985177376944063,0.21446472123112262,-0.23249261125262088,1.0606159959032104,1.2589969305046602,2.7854058195570817,5685.334446375956,2015.1301021916538,2.821323764749775,7704.573178964304
balanced_interleaved.csv,1094,280064.0,280320.0,2,686.6179435483871,683.59375,75.90745794925488,77.47131129771306,31.805929919137466,87.3848412552762,373,255.99609375,1.4570534828717479,1.0,0.2076128114496645,0.21351526573976715,-0.2265664708357137,1.0630321636859588,1.2431538838470593,2.75369965461992,5437.529010775749,3611.283443498027,1.5057054080221273,9063.63356609162
balanced_interleaved.csv,1095,280320.0,280576.0,1,702.2103133608815,699.21875,79.56287957468783,51.17606756843299,34.530386740331494,85.44448701248947,365,255.99609375,1.4258030060273137,0.9972527472527473,0.21599605962488472,0.21070060419500167,-0.2072139947501184,1.059369171845645,1.2404727723044924,2.7359016087107397,4474.437549258921,2917.0209819931288,1.5339065357704926,7396.122422591427
balanced_interleaved.csv,1096,280576.0,280832.0,1,753.8715791420118,761.71875,84.92440013006637,61.632606538680925,34.718100890207715,79.58915239686652,339,255.99609375,1.3242389562829022,1.0,0.22147110385879604,0.20635661588276083,-0.2032376790032553,1.054657564400781,1.2306231775656844,2.7483573399811982,5517.8156669278305,3527.168094628201,1.564375589394603,9051.798395763113
balanced_interleaved.csv,1097,280832.0,281088.0,0,690.6672297297297,689.453125,71.85777166863372,65.8992984026272,33.06233062330624,86.87251605013758,371,255.99609375,1.4492408636606393,1.0,0.2286991731584931,0.20870320592433997,-0.20068003504345772,1.0590911759387767,1.1975114626121965,2.616536073506497,4745.070006305624,3609.6500901476147,1.3145512412012148,8374.21750763111
balanced_interleaved.csv,1098,281088.0,281344.0,3,685.1855730563003,687.5,58.03456677362504,38.15090548023328,22.043010752688172,87.56751799715713,375,255.99609375,1.4648661020828564,0.9973262032085561,0.18680819558391099,0.21501420825492182,-0.24239382101105766,1.051305188508353,1.2713478095316204,2.8116666302745763,4613.644211748163,1543.2379432698028,2.9895870768786326,6169.4751845107685
balanced_interleaved.csv,1099,281344.0,281600.0,0,731.2970093123209,726.5625,77.83945365430851,73.31257094718201,34.48275862068966,82.04600762202121,350,255.99609375,1.3672083619439994,1.0,0.2334494324450525,0.20405198614434422,-0.18696873967638025,1.0512248506430357,1.2048416015177819,2.6567622418108297,6059.684741376129,3767.251185055558,1.6085162479779704,9880.459893762867
balanced_interleaved.csv,1100,281600.0,281856.0,2,696.8600580601093,687.5,95.2052337022887,81.66298615982788,32.602739726027394,86.1005008193834,367,255.99609375,1.4336156252384222,1.0,0.2140629823391373,0.21396801038793703,-0.2216047311582393,1.0645568324966381,1.170327640750248,2.4982461207018094,6899.811429077636,4677.035657026172,1.4752531165145712,11619.180462226404
balanced_interleaved.csv,1101,281856.0,282112.0,2,663.3319805194806,664.0625,71.48736973586696,64.97076991227027,29.166666666666668,90.45244577686682,386,255.99609375,1.5078355077439536,1.0,0.21208144768219986,0.21410476266518103,-0.22869632944017512,1.0623043275906183,1.188759045739111,2.5949079700909845,5143.752680457634,3267.241325958444,1.574341215505015,8452.084211009871
balanced_interleaved.csv,1102,282112.0,282368.0,0,683.7089477211796,675.78125,77.19718392513671,67.42503023819098,33.60215053763441,87.75664001470453,374,255.99609375,1.4609597924773021,1.0,0.22946560511345007,0.20877958440860186,-0.20379973626967368,1.0565375106465864,1.188782099064233,2.588517548078406,5021.264701589594,3727.053289058182,1.3472478958996736,8764.31666308308
balanced_interleaved.csv,1103,282368.0,282624.0,1,718.2342872191011,718.75,73.40108422479328,64.60441258064317,33.23943661971831,83.53820065080893,357,255.99609375,1.3945525291828793,1.0,0.2232684580275652,0.20802422757858927,-0.19596117303975064,1.062096791156449,1.2431327673020476,2.7574360153251813,5213.062735071683,3145.735208371412,1.6571842160137036,8361.790483204231
balanced_interleaved.csv,1104,282624.0,282880.0,2,668.1016852094241,667.96875,63.548682685591835,56.883251637609625,19.94750656167979,89.80668860488252,383,255.99609375,1.4961165789272908,1.0,0.20804991968382736,0.2122602864899448,-0.22038609609352688,1.057496341773084,1.2556961257276993,2.759190891896626,4313.524372892967,2309.1506490257043,1.8680134077492798,6627.027104014602
balanced_interleaved.csv,1105,282880.0,283136.0,1,654.5472756410256,654.296875,53.478408913360035,38.555107634537826,20.822622107969153,91.66641162968631,391,255.99609375,1.527367055771725,1.0,0.20960379941594598,0.21398923897092564,-0.2165051132728554,1.0668580858927734,1.2590083035680497,2.761148291236668,3153.2531794254382,1910.551143545576,1.650441648776631,5075.154209322775
balanced_interleaved.csv,1106,283136.0,283392.0,3,684.3163538873995,679.6875,73.27549811649546,60.85063252889543,18.548387096774192,87.67874632713026,374,255.99609375,1.4609597924773021,1.0,0.19535617195785077,0.21154990754485237,-0.22437499741484782,1.048974354627388,1.2990750742444783,2.91021202570684,5546.510310242898,2080.7829940161027,2.665588062855907,7643.994377297492
balanced_interleaved.csv,1107,283392.0,283648.0,3,633.432847394541,632.8125,60.48331609329,34.681224500685026,16.417910447761194,94.72195868400917,404,255.99609375,1.5781490806439307,1.0,0.18946638915752695,0.2182698794296311,-0.24584169268160755,1.0630046715590384,1.282092864081096,2.8158524875344897,4235.035463376028,1338.6547087309775,3.163650369101358,5581.2877822367145
balanced_interleaved.csv,1108,283648.0,283904.0,3,621.987150243309,621.09375,70.28086740189168,53.04170972598346,14.390243902439023,96.46501535687545,412,255.99609375,1.609399557488365,1.0,0.18800440003378044,0.2192717757231428,-0.2472309310351215,1.0617187745267629,1.2731670253826206,2.77180576242037,4449.375010282434,1916.4903173766436,2.3216266578236033,6393.23490154178
balanced_interleaved.csv,1109,283904.0,284160.0,3,614.0512319711538,601.5625,68.91170649026388,53.54504003728194,17.10843373493976,97.71171667125425,417,255.99609375,1.6289311055161364,1.0,0.19731508918138035,0.21819194667895175,-0.22881329392509742,1.0621579600452606,1.251473101619376,2.7029590789133398,4026.6746375133757,2215.2017110049346,1.8177462655022325,6278.99979219345
balanced_interleaved.csv,1110,284160.0,284416.0,0,678.4927692819149,671.875,74.07300029063532,52.41017240836935,29.86666666666667,88.43130349568972,377,255.99609375,1.4726787212939652,1.0,0.23301749151120854,0.2084681201858452,-0.19496735284408864,1.0582283254961518,1.181617140599945,2.552809577251227,4715.79837120042,3431.2513478659052,1.3743669271367862,8148.456778179589
balanced_interleaved.csv,1111,284416.0,284672.0,2,703.6953340220385,707.03125,70.34644120535494,61.98668043928394,24.30939226519337,85.26417200617803,364,255.99609375,1.4218966964217594,1.0,0.1951065867943569,0.21198197980479355,-0.23001764354658383,1.0447322095452916,1.2662577790450962,2.8079628584005265,4749.300935700872,2593.6420391427755,1.8311320004940095,7353.353570400243
balanced_interleaved.csv,1112,284672.0,284928.0,2,606.9568452380952,605.46875,49.15678383329296,29.603082307426007,11.694510739856803,98.85381550720197,422,255.99609375,1.6484626535439078,0.997624703087886,0.18574191552087618,0.22040402760118677,-0.24769133862722512,1.0629309129341384,1.274370989078379,2.7791883299307436,3188.2126572417537,1232.7176041363246,2.5863284880039514,4421.5395372729445
balanced_interleaved.csv,1113,284928.0,285184.0,1,660.1057816537468,664.0625,69.54622782211432,57.357905520655855,18.65284974093264,90.89452276828037,388,255.99609375,1.5156481269550621,1.0,0.205794777683773,0.2112502471236692,-0.21733497737095286,1.0563763596286895,1.2838045596101828,2.8635377336734074,4754.354951508099,2121.8250392188415,2.2406913216833533,6906.380146566347
balanced_interleaved.csv,1114,285184.0,285440.0,1,649.8190998727736,640.625,73.76997790256509,61.404851344940134,27.55102040816326,92.33338941829695,394,255.99609375,1.539085984588388,1.0,0.21326897602947253,0.21387290448600815,-0.22171260183484215,1.0624995052449877,1.2150018500021245,2.6476053849793857,5035.8107345994795,3067.720239520409,1.6415482317210097,8129.559367522713
balanced_interleaved.csv,1115,285440.0,285696.0,1,691.5438685636857,664.0625,103.37865180016637,75.04158525694496,35.59782608695652,86.76239169702721,370,255.99609375,1.445334554055085,1.0,0.22840613070925,0.21060070483389545,-0.21268795152373693,1.0589314488327621,1.1434166982342047,2.480055708121588,6392.103008923697,4278.6047241497345,1.49396904389058,10691.46861803563
balanced_interleaved.csv,1116,285696.0,285952.0,0,736.4238112391931,742.1875,121.13317423472974,99.09391539757753,41.040462427745666,81.47482344308905,348,255.99609375,1.3593957427328909,1.0,0.2356941439379604,0.20705547539179447,-0.20492150407551854,1.0531191651756315,1.1066173094706844,2.411698985722195,7477.940022647534,6602.064345238468,1.1326669404609429,14095.034975738445
balanced_interleaved.csv,1117,285952.0,286208.0,3,621.703506097561,609.375,78.94540060111909,54.404680958080434,13.202933985330073,96.50902626658902,412,255.99609375,1.609399557488365,0.9975669099756691,0.18438492095031184,0.21890180745105034,-0.24404801759306866,1.0542475115475913,1.2668611523060813,2.7632094889737706,4536.532942483965,1926.7237217498714,2.354532147641716,6486.652338036913
balanced_interleaved.csv,1118,286208.0,286464.0,0,672.2759046052631,667.96875,72.06876224761308,64.71751250395091,27.440633245382585,89.24907108671387,381,255.99609375,1.4883039597161822,1.0,0.2283979464610323,0.2096615311784499,-0.19935481819003373,1.0647788038613692,1.2025421610374945,2.6153500041058795,4793.780217994584,3517.7714258024157,1.3627321499153704,8331.527694913444
balanced_interleaved.csv,1119,286464.0,286720.0,2,719.0140845070423,714.84375,67.47462581440551,50.50249777391693,29.66101694915254,83.44760039177277,356,255.99609375,1.390646219577325,1.0,0.21530397686316807,0.20723992804525762,-0.20487279416688864,1.056924090115447,1.258976037375539,2.8235731583712607,5571.874713618485,2416.8627751011863,2.305416249122877,7991.354966448337
balanced_interleaved.csv,1120,286720.0,286976.0,0,647.2676078680203,644.53125,70.48640955516062,57.87233478209227,19.84732824427481,92.69736237478173,396,255.99609375,1.5468986037994965,0.9974683544303797,0.21511735770247467,0.21175161074921764,-0.2118404012596941,1.0628343723301459,1.2621911005765827,2.7840076931465543,4453.141309291885,2449.1212083153323,1.8182608905481856,6952.867436908735
balanced_interleaved.csv,1121,286976.0,287232.0,1,689.4742398648649,683.59375,84.11137038876622,57.95260960096029,36.856368563685635,87.0228306307134,372,255.99609375,1.4531471732661936,0.9973045822102425,0.21894073100805547,0.21199851316539114,-0.22021019445486384,1.0566134792953603,1.1701154375780314,2.5317342582424818,5783.937534401639,3898.872843926383,1.483489656096835,9693.002802198282
balanced_interleaved.csv,1122,287232.0,287488.0,1,722.8665014164307,722.65625,76.27139470340892,57.590472547966804,40.909090909090914,83.00287796215785,354,255.99609375,1.3828336003662165,1.0,0.21790784066899838,0.20944748127517962,-0.21544097468880738,1.056903756651456,1.2038454602895214,2.6644776903560317,6062.781348714795,3350.1156396166825,1.8097230068776053,9413.833316464572
balanced_interleaved.csv,1123,287488.0,287744.0,2,729.9665178571429,730.46875,79.24773440430405,70.884421351542,34.38395415472779,82.19555079886858,351,255.99609375,1.3711146715495537,1.0,0.2175484793824723,0.20783842804459643,-0.20789344310264105,1.0510154118844566,1.2364048320469445,2.750538090352819,6041.990498719305,3534.2247456799587,1.709566010510424,9603.425284707084
balanced_interleaved.csv,1124,287744.0,288000.0,1,720.9348516949152,718.75,67.58576328861825,49.28532849679691,28.611898016997166,83.22527321149785,355,255.99609375,1.3867399099717708,1.0,0.20940033300291389,0.2106399652057366,-0.21235523372708337,1.0577070128251298,1.2625088176738202,2.810967477825754,4702.20311501373,2503.0843918664036,1.878563555544994,7213.051701636721
balanced_interleaved.csv,1125,288000.0,288256.0,3,621.5879714111923,625.0,47.063352576515484,27.845462533905486,8.780487804878048,96.52696441950428,412,255.99609375,1.609399557488365,1.0,0.1894458375262884,0.21838369227186363,-0.23850774180849532,1.056823310242252,1.2874814877547172,2.809609127283781,3176.1893019808763,958.0387886964699,3.3153034506071246,4134.308810129298
balanced_interleaved.csv,1126,288256.0,288512.0,3,644.827178030303,648.4375,57.691740938360674,35.66624201984333,11.89873417721519,93.04818724185407,397,255.99609375,1.5508049134050508,1.0,0.1820380431656872,0.21678145124350826,-0.24341159247360478,1.0559358692087544,1.3183557915568236,2.9297308698659332,3769.565413105141,1044.6405432768224,3.6084808668068638,4816.011135900527
balanced_interleaved.csv,1127,288512.0,288768.0,3,609.3095843301436,597.65625,73.97822739917885,52.00622852306583,10.79136690647482,98.47210932347663,420,255.99609375,1.6406500343327992,0.9976133651551312,0.18016245554515953,0.21949061835392314,-0.2505727225725757,1.050992948511069,1.282551315326159,2.7717559343388327,4516.869391235319,1622.9573719657483,2.7831103079216586,6158.642423547406
balanced_interleaved.csv,1128,288768.0,289024.0,3,652.3537149234694,640.625,87.78782961176304,60.25653758051201,24.808184143222505,91.97464293897502,394,255.99609375,1.539085984588388,0.9974554707379135,0.20364909817635077,0.21567819875742997,-0.23578116557719545,1.0544981856788624,1.1954053674245437,2.5827866851214454,5350.640339271756,2818.8515436607177,1.8981632258373977,8198.879697477549
balanced_interleaved.csv,1129,289024.0,289280.0,0,685.1373487903226,683.59375,70.46760537032016,55.60115326500508,34.23180592991914,87.57368154857694,373,255.99609375,1.4570534828717479,1.0,0.2161369549983056,0.21246464995802133,-0.22237870811486612,1.0559127080326263,1.1744323908803724,2.524929341708966,4519.173588380222,3522.980201701099,1.2827700780714304,8043.60578179187
balanced_interleaved.csv,1130,289280.0,289536.0,2,661.1176327720207,664.0625,65.89537395224485,38.76050061301989,20.51948051948052,90.755407246399,387,255.99609375,1.5117418173495079,1.0,0.19801508487758804,0.21368615327604648,-0.23234022558023304,1.0520772823225921,1.2684496713816182,2.803319038281664,4223.811809274371,1844.2207780176877,2.290296183418155,6069.119222023026
balanced_interleaved.csv,1131,289536.0,289792.0,2,676.8043154761905,675.78125,61.08952719314939,40.69551591443594,20.424403183023873,88.65191699876323,379,255.99609375,1.4804913405050737,1.0,0.2101439244644463,0.2115442981929214,-0.21808146619832566,1.0567861956256568,1.2476094532955704,2.739819744597156,4536.385490399579,1862.1782042711868,2.4360641102955096,6400.0965532815935
balanced_interleaved.csv,1132,289792.0,290048.0,1,643.850615530303,640.625,51.93060063349705,36.04172335350167,17.974683544303797,93.18931838029141,397,255.99609375,1.5508049134050508,1.0,0.2066679941415699,0.21508366025566272,-0.2156601910976202,1.0623785652902755,1.2691127444629788,2.757966600265088,2957.6653245346874,1710.2585391939374,1.7293673773607736,4671.734712095323
balanced_interleaved.csv,1133,290048.0,290304.0,1,725.5526455965909,726.5625,74.56658469515209,52.63009285898724,31.62393162393162,82.6955843440755,353,255.99609375,1.3789272907606622,1.0,0.2102106090096573,0.20839919669418652,-0.2057457026828887,1.0569447536549608,1.3067442829112428,2.9567691894233086,4882.145771321583,2224.826087615181,2.1943943387300067,7107.708343586634
balanced_interleaved.csv,1134,290304.0,290560.0,0,699.2401541095891,695.3125,74.38518027651263,52.1440201330605,34.34065934065934,85.80742917489324,367,255.99609375,1.4336156252384222,0.9972677595628415,0.2137854298798892,0.21106023078937627,-0.2190986643587784,1.0606776728698082,1.239149560433008,2.7399153205647195,5237.186983574694,2979.8230624046187,1.7575496510683615,8221.620466603397
balanced_interleaved.csv,1135,290560.0,290816.0,0,674.6445105820105,671.875,73.27669719658047,66.57425794100443,33.687002652519894,88.93572697751364,379,255.99609375,1.4804913405050737,1.0,0.21279500904147414,0.2143084184909703,-0.2251640524038723,1.0560978843661504,1.1815037095278196,2.541832695071343,5181.468163297914,3672.343096164494,1.4109433752825533,8875.797038639217
balanced_interleaved.csv,1136,290816.0,291072.0,3,682.852189171123,675.78125,85.81543734630819,66.31563167347382,25.46916890080429,87.8667462029092,375,255.99609375,1.4648661020828564,1.0,0.20504923210844836,0.21405852424723681,-0.22812093136660133,1.0548420258157711,1.2198728298836738,2.676258425376343,5480.199485177749,3287.9242419556526,1.6667657409034868,8806.015803079728
balanced_interleaved.csv,1137,291072.0,291328.0,0,745.9570881924199,746.09375,95.86105357207842,79.0086177717361,42.10526315789473,80.43358116669974,344,255.99609375,1.3437705043106738,1.0,0.23388828670511,0.20479977430059507,-0.19169666289023451,1.047027623137063,1.152295158548824,2.4970035681108564,6715.992927480829,5137.689840117955,1.307200928136728,11864.639833514888
balanced_interleaved.csv,1138,291328.0,291584.0,2,627.2458538083538,625.0,52.96689906316425,32.729146930021464,13.546798029556651,95.65627199559323,408,255.99609375,1.593774319066148,1.0,0.1995197564273568,0.216862068487264,-0.23324429285269982,1.0622995069778143,1.2629178340168108,2.759963632421287,3440.7439341768977,1400.0384955523673,2.457606662322093,4841.892483719137
balanced_interleaved.csv,1139,291584.0,291840.0,0,636.134273690773,632.8125,57.095767780559925,41.00632335003347,23.0,94.31970966111817,402,255.99609375,1.5703364614328221,1.0,0.21565718580346468,0.21432357354932546,-0.21615854364102127,1.0601489569908877,1.2102772170970553,2.578073910314953,3173.0999402800558,2421.050191450134,1.3106295571590223,5605.519271492637
balanced_interleaved.csv,1140,291840.0,292096.0,1,761.0909598214286,761.71875,84.80032289137137,74.97801197429509,34.626865671641795,78.8342040142975,337,255.99609375,1.3164263370717937,1.0,0.22829470871859342,0.20333767089583982,-0.18345274364433956,1.0566224584171964,1.279841272114288,2.898604865077778,6634.975564111442,3659.2681921155113,1.8131973978861609,10345.023494239997
balanced_interleaved.csv,1141,292096.0,292352.0,2,697.4577356557377,687.5,90.95997676745485,66.71212793161021,30.136986301369863,86.02671808290869,367,255.99609375,1.4336156252384222,1.0,0.20856525001819443,0.2111910260219055,-0.21809556274534464,1.0553516941489813,1.2412471509612617,2.735977196295254,6040.99802463946,3220.0198678344523,1.876074767421292,9269.045740607133
balanced_interleaved.csv,1142,292352.0,292608.0,2,701.3865041208791,683.59375,93.52462226689805,78.17663582850575,34.43526170798898,85.5448453135041,365,255.99609375,1.4258030060273137,1.0,0.2171924807758452,0.209632756783177,-0.21687136623048103,1.051169558916312,1.1841222722802351,2.579217561685363,6753.635743977727,3806.939777504932,1.7740327241015772,10581.22969051389
balanced_interleaved.csv,1143,292608.0,292864.0,1,714.7671568627451,710.9375,100.99940772696088,78.51165073931814,32.86516853932584,83.94342048864124,358,255.99609375,1.3984588387884336,1.0,0.22282592345586477,0.20903430377326218,-0.20543284518992352,1.0538701967671855,1.1808179628264721,2.556759510072517,5902.463341952437,4390.713523466232,1.344306184041987,10336.473334072534
balanced_interleaved.csv,1144,292864.0,293120.0,3,638.603515625,630.859375,63.878623229386605,37.00372339128968,13.032581453634084,93.95501047512731,401,255.99609375,1.5664301518272679,1.0,0.18700632621065777,0.21755362911128193,-0.24083443700565085,1.054236380560136,1.286998947176763,2.8240588092067265,4027.8694507233113,1173.3147648779034,3.4328976088035987,5201.978193994428
balanced_interleaved.csv,1145,293120.0,293376.0,3,629.3488300492611,628.90625,44.946835430509914,27.185526570921365,7.901234567901234,95.33663547972849,407,255.99609375,1.5898680094605935,1.0,0.1813057245399254,0.21985846609192586,-0.2461939029454266,1.0617188732258498,1.300609365057993,2.853782342565883,2834.5336254981617,886.9082164500536,3.195971773543479,3722.3740716059856
balanced_interleaved.csv,1146,293376.0,293632.0,3,595.1067162004662,593.75,47.16889158875544,25.780088387169894,7.009345794392523,100.8222531633949,430,255.99609375,1.6797131303883421,1.0,0.17911901561644916,0.22309036903822135,-0.2581473726780777,1.065565850027032,1.3003999555920362,2.83932010645949,2951.9645379076755,897.5083922664842,3.2890662230500807,3850.386898210584
balanced_interleaved.csv,1147,293632.0,293888.0,0,671.6899671052631,671.875,74.58836935064626,60.46711155423447,22.691292875989447,89.32692602001775,381,255.99609375,1.4883039597161822,1.0,0.21912953001701818,0.21068047999079625,-0.20484337628515817,1.0648462425196432,1.2496979608219525,2.7780202216290073,4835.662270312454,2439.878638898615,1.981927376722032,7287.405983531909
balanced_interleaved.csv,1148,293888.0,294144.0,2,638.28125,625.0,82.66585114334552,49.97469230487046,26.31578947368421,94.00244798041615,402,255.99609375,1.5703364614328221,0.9975062344139651,0.21325588407558532,0.217005394807352,-0.22690316951370748,1.0671201092849205,1.1733849387635904,2.4878626626586495,4531.781602130121,3375.769497027794,1.3424440282786314,7913.6055363320875
balanced_interleaved.csv,1149,294144.0,294400.0,2,621.9607469512196,613.28125,65.84312259694833,53.44788694912891,19.070904645476773,96.46911046093044,411,255.99609375,1.6054932478828108,1.0,0.19904827063802413,0.2181354489700364,-0.2360743709206915,1.0679004111876342,1.2553195624830877,2.745609115653603,4390.180183215391,2160.4195206695954,2.0320961467033536,6576.2604562442475
balanced_interleaved.csv,1150,294400.0,294656.0,2,652.34375,644.53125,62.2610220966728,40.94956373882896,23.273657289002557,91.97604790419162,393,255.99609375,1.5351796749828337,1.0,0.20617932893197607,0.2133769857425618,-0.22502208151229494,1.0572555054532633,1.2522390816967515,2.754314393532394,4058.8088910955944,2113.66028971093,1.9202749424084076,6180.6814269928045
balanced_interleaved.csv,1151,294656.0,294912.0,1,685.1793514784946,687.5,60.278967547914014,45.28673299002559,26.41509433962264,87.5683131293007,373,255.99609375,1.4570534828717479,1.0,0.20252187217081913,0.21319546112246826,-0.21894172089664563,1.0557681511865917,1.267152420019104,2.8031521033279736,3489.3415602560003,2371.1036415003,1.4716107297815724,5862.013488631675
balanced_interleaved.csv,1152,294912.0,295168.0,1,685.7825067024129,683.59375,61.64953061725269,45.106853837125875,27.956989247311824,87.49129558365402,374,255.99609375,1.4609597924773021,1.0,0.21586823868941113,0.21182360752753546,-0.2122241660514262,1.063788561887564,1.233622484147019,2.7018808439046866,4394.374196253341,2354.403867711446,1.8664487671458043,6749.418341686961
balanced_interleaved.csv,1153,295168.0,295424.0,0,696.5292008196722,691.40625,71.45385353500316,60.94182183040984,32.87671232876712,86.1413992828905,367,255.99609375,1.4336156252384222,1.0,0.22655730190457254,0.20820886371479155,-0.20268033156580767,1.0609963155768738,1.2185916253312707,2.694556199773694,5237.35818313599,3210.2859155497786,1.6314304460445743,8460.084432347903
balanced_interleaved.csv,1154,295424.0,295680.0,3,637.0791770573566,621.09375,89.28699477541059,62.306830390265,15.25,94.17981651376148,402,255.99609375,1.5703364614328221,1.0,0.19795862211603263,0.2193876984539541,-0.23734944048411338,1.0689134144365866,1.233792603180464,2.656482833425586,5104.884948596771,2689.8582472376183,1.897826754937474,7831.315559405827
balanced_interleaved.csv,1155,295680.0,295936.0,0,643.0159792191436,628.90625,84.73876037947997,71.21882945081022,21.464646464646464,93.3102783431011,398,255.99609375,1.554711223010605,1.0,0.20539285887538314,0.21609193107813374,-0.2319784974281137,1.0653216886952137,1.2340086879053087,2.7104100772130666,5869.07583719282,2869.5247507029717,2.0453128469287547,8749.109610968746
balanced_interleaved.csv,1156,295936.0,296192.0,0,670.2960958005249,660.15625,86.3304398060266,66.27763037509213,34.21052631578947,89.51268010645784,382,255.99609375,1.4922102693217365,1.0,0.22071188640148467,0.21160926528908663,-0.209884857446118,1.056023614767607,1.187641651209216,2.5578825324199057,5808.1462668624445,3627.9427417658653,1.6009476114376013,9466.601634294893
balanced_interleaved.csv,1157,296192.0,296448.0,2,723.8624291784703,726.5625,85.96154317072167,63.469733024214996,37.5,82.88867826459168,354,255.99609375,1.3828336003662165,1.0,0.22357197432228948,0.20660465839567155,-0.20243058102950678,1.0527131705613746,1.2052343248055348,2.6637014992311867,6134.816246413611,3804.7137121754067,1.6124251942483028,9945.676770849775
balanced_interleaved.csv,1158,296448.0,296704.0,0,758.5565476190476,761.71875,99.4689069204091,84.29247276883669,43.582089552238806,79.09759686120648,338,255.99609375,1.320332646677348,0.9970326409495549,0.2463352676787095,0.20294238044275517,-0.1813193707229697,1.0548439276815162,1.1423029942942484,2.495429264369429,6410.705090123317,5599.008749895783,1.1449714362819388,12040.152883118533
balanced_interleaved.csv,1159,296704.0,296960.0,1,744.9287280701755,742.1875,79.5185855489675,75.5844360147855,39.29618768328446,80.54461821527138,343,255.99609375,1.3398641947051193,1.0,0.2225339433787524,0.2062822683617254,-0.20371109014252237,1.0489583776483522,1.2081256032876517,2.6574406358316587,6354.4978012467645,4030.734254926521,1.5765112258343623,10401.479292456504
balanced_interleaved.csv,1160,296960.0,297216.0,2,635.7470460199005,628.90625,63.94602285259779,36.75171044800656,16.458852867830423,94.37715892764345,403,255.99609375,1.5742427710383764,1.0,0.2030465099116343,0.2154889141224466,-0.22720299690957174,1.061954083697926,1.2748916013166645,2.799146983716904,3964.27841323387,1569.2607781184875,2.526207542118628,5539.075754957742
balanced_interleaved.csv,1161,297216.0,297472.0,1,692.7189193766937,691.40625,76.73599924088685,62.0325269725368,22.82608695652174,86.61521769029754,370,255.99609375,1.445334554055085,1.0,0.213090850391939,0.21048000515812304,-0.2133595854805555,1.0585841115957517,1.2714506578253,2.834604593528362,5673.851273760784,2525.5925628958457,2.246542596425428,8206.439579888072
balanced_interleaved.csv,1162,297472.0,297728.0,1,655.245822622108,652.34375,65.41286876656561,46.61798971324435,23.969072164948454,91.5686875498069,390,255.99609375,1.5234607461661707,1.0,0.19595646396539387,0.21792957730972254,-0.23713626490322695,1.0581959915429104,1.2328433970302928,2.646680353382158,3755.646704230575,2166.286646989429,1.7336794784060274,5927.401558687561
balanced_interleaved.csv,1163,297728.0,297984.0,3,642.3272197732997,640.625,62.417212351556515,51.916235859217785,14.14141414141414,93.410333787779,399,255.99609375,1.5586175326161593,0.9974874371859297,0.18102388067873004,0.2184017406412933,-0.2511855983821695,1.0501016307397129,1.2773688060722546,2.804947159633155,4255.498763520938,1699.0719107035088,2.5046019163243822,5974.180526802679
balanced_interleaved.csv,1164,297984.0,298240.0,3,674.8845646437994,675.78125,65.74124952018815,58.10289604940426,19.841269841269842,88.90409285277948,380,255.99609375,1.484397650110628,1.0,0.18428356158019427,0.21474421402385635,-0.24420923114137352,1.0493755855256846,1.300932604986737,2.9152899869695625,5156.1307921810185,2089.43351809384,2.467717085770157,7277.978258556119
balanced_interleaved.csv,1165,298240.0,298496.0,3,666.4490861618799,667.96875,59.71770297640578,53.8502458483966,14.921465968586386,90.02938295788442,384,255.99609375,1.500022888532845,1.0,0.18231501871807682,0.21730386917963745,-0.24778330951836056,1.0535846235136634,1.2907486653193851,2.8359379550430113,4146.16327372273,1694.82443616918,2.44636741437026,5857.756216944106
balanced_interleaved.csv,1166,298496.0,298752.0,0,641.7046168341709,640.625,57.663626023843996,42.46352205701337,22.418136020151135,93.50096356795447,399,255.99609375,1.5586175326161593,1.0,0.22023694503187463,0.212821404263954,-0.2103382775721662,1.0563602049028047,1.1972192103530412,2.5471110219809843,3530.0206260742957,2291.110849641919,1.5407463268859332,5821.768964085625
balanced_interleaved.csv,1167,298752.0,299008.0,2,671.7310855263158,671.875,60.33996605329056,42.03905097124963,20.844327176781004,89.32145808465705,381,255.99609375,1.4883039597161822,1.0,0.19461743262779305,0.21368267588533915,-0.23552249920392873,1.0540621369378198,1.2669267309130752,2.824105286031762,4526.860039690922,1985.1349902082056,2.280378947537535,6518.545167841891
balanced_interleaved.csv,1168,299008.0,299264.0,2,706.9122229916898,703.125,75.58048807357899,62.72542355190298,26.666666666666668,84.87616715138527,362,255.99609375,1.4140840772106509,1.0,0.20879066451379116,0.2109223123558585,-0.2212608688015074,1.0606995930319267,1.2614431498326146,2.829458239091312,6053.188204989451,2384.104895267818,2.5389772979386747,8463.364621045263
balanced_interleaved.csv,1169,299264.0,299520.0,2,681.03125,675.78125,78.51273685558591,57.39854416847546,31.818181818181817,88.10168402698115,376,255.99609375,1.4687724116884109,1.0,0.2047612034149382,0.21269708297828754,-0.23004717984214415,1.0514490879064577,1.2272870404030356,2.693198261738549,5152.978136513467,2732.9918545453934,1.8854714579347382,7889.634344377365
balanced_interleaved.csv,1170,299520.0,299776.0,1,646.1728639240506,640.625,62.72768881482473,57.09978074768078,24.873096446700508,92.85440994169052,397,255.99609375,1.5508049134050508,0.9974747474747475,0.20182131349383853,0.2151692342132779,-0.22931033725092465,1.0533788684736372,1.230702317694387,2.6704653692915166,3817.6075692198087,2677.75864559753,1.4256727638602866,6518.561107383637
balanced_interleaved.csv,1171,299776.0,300032.0,1,651.676100127551,652.34375,64.47788388645678,58.476745390271326,21.73913043478261,92.07027845314006,393,255.99609375,1.5351796749828337,1.0,0.21390540214357512,0.21286871374965094,-0.21327385190739315,1.0662379413680318,1.2505688748974195,2.756003889633827,3980.1746934083317,2661.8979001651464,1.49523942791397,6651.506569030734
balanced_interleaved.csv,1172,300032.0,300288.0,0,662.1043019480519,660.15625,66.19535860430476,60.633771333935215,27.34375,90.62016335412294,386,255.99609375,1.5078355077439536,1.0,0.22966295083749416,0.2114108142312435,-0.20071081345847844,1.0652013561158686,1.1954387284270536,2.589450597822835,3941.5561698131055,3226.068801266699,1.2217830469906512,7185.687215043704
balanced_interleaved.csv,1173,300288.0,300544.0,3,699.486301369863,703.125,59.53319390787977,41.99181314521353,21.153846153846153,85.77723378212974,366,255.99609375,1.429709315632868,1.0,0.20096398732489418,0.21268371360958704,-0.22726058301723986,1.0562366713730653,1.279562751225218,2.84355043169249,4527.097340381116,1643.477816566136,2.7545837824814585,6184.964317150607
balanced_interleaved.csv,1174,300544.0,300800.0,0,701.5689388736264,703.125,70.27041152206166,62.87082762398083,29.476584022038566,85.52260038240918,365,255.99609375,1.4258030060273137,1.0,0.22320616583300265,0.20734946301306945,-0.19523258823389344,1.0538415635389444,1.2409583961120285,2.7154384854415063,5312.808349959577,2841.3681163644924,1.8698064215478254,8156.427866306158
balanced_interleaved.csv,1175,300800.0,301056.0,2,633.8399503722085,621.09375,86.53086733998147,71.47938886961732,21.641791044776117,94.6611206263763,404,255.99609375,1.5781490806439307,1.0,0.20791452087258697,0.21681629900277335,-0.22574929990663972,1.0688373373573288,1.206613361834132,2.5787597780595926,5010.793439099719,3631.222328477076,1.3799192078666334,8676.446501133227
balanced_interleaved.csv,1176,301056.0,301312.0,2,674.4791666666666,660.15625,97.12117169847102,51.94941267948754,29.44297082228117,88.95752895752896,380,255.99609375,1.484397650110628,0.9973614775725593,0.20914045079464377,0.213356447570775,-0.23101957091847902,1.0569310561675187,1.205806829596493,2.658602236036633,5725.810286746668,3130.468631418633,1.8290585087741018,8869.614337562401
balanced_interleaved.csv,1177,301312.0,301568.0,0,697.0687159400545,699.21875,91.31084213353928,73.29343465556771,37.704918032786885,86.07472782519736,368,255.99609375,1.4375219348439765,1.0,0.21940160075593573,0.21116198885618728,-0.21369034543709578,1.0531635895712088,1.180527192648575,2.545282709329289,4876.797966793416,4643.192828108978,1.0503113153669257,9546.446490590046
balanced_interleaved.csv,1178,301568.0,301824.0,1,658.0219072164948,652.34375,73.59916570481528,68.43381133278469,24.289405684754524,91.18237454100368,389,255.99609375,1.5195544365606164,1.0,0.21679225933577456,0.2118908091205724,-0.2088528284146446,1.061602185291455,1.2355290435792292,2.701718895760962,4956.797242785875,2922.650355403069,1.6959939233313703,7888.981428872438
balanced_interleaved.csv,1179,301824.0,302080.0,2,634.9068734413966,632.8125,56.667465921340494,51.35084697318323,13.750000000000002,94.50204826856098,402,255.99609375,1.5703364614328221,1.0,0.20070512665383133,0.21592159890065207,-0.22524306580399112,1.0642306559566759,1.2721277840089935,2.7835191026766113,3466.2983621371054,1871.3804197692398,1.8522681575157953,5340.272102581572
balanced_interleaved.csv,1180,302080.0,302336.0,1,752.6079963235294,753.90625,81.20635766189402,67.68351031244863,34.21828908554572,79.72277771841178,341,255.99609375,1.3320515754940108,1.0,0.20364665820888697,0.21122465143518962,-0.22370228730949543,1.058073085365955,1.2508916465040985,2.799248491055967,5446.616613155051,3286.982498179522,1.6570263505119456,8745.5451518156
balanced_interleaved.csv,1181,302336.0,302592.0,3,650.4603794642857,636.71875,84.14873645951955,62.7722700038307,16.36828644501279,92.24235924932977,393,255.99609375,1.5351796749828337,1.0,0.19816368015938235,0.21425763025557154,-0.22471464891269952,1.0541412150317164,1.2849995003126846,2.8314338686594684,5372.908550586775,2149.8289677465086,2.4992260459764664,7531.243322977392
balanced_interleaved.csv,1182,302592.0,302848.0,3,633.8108715880893,632.8125,62.45038542814496,50.955856532381965,11.940298507462686,94.66546361008733,404,255.99609375,1.5781490806439307,1.0,0.18500183867561648,0.21954389799876112,-0.2497366259759954,1.0619983716874144,1.2860604714835973,2.8201576356784255,4578.481494012928,1676.6767196570122,2.73068829568381,6277.840227064211
balanced_interleaved.csv,1183,302848.0,303104.0,3,661.4313471502591,660.15625,67.70182371581069,43.890009619494855,19.22077922077922,90.71236230110159,387,255.99609375,1.5117418173495079,1.0,0.1886670752372312,0.21769704622541386,-0.24719313964142528,1.0593991859834544,1.2699589815025372,2.8210203892995107,4594.0791379350585,1605.3946619406063,2.8616509365875933,6206.336613534989
balanced_interleaved.csv,1184,303104.0,303360.0,3,681.3541666666666,687.5,70.01936506493385,44.00312550023318,23.52941176470588,88.05992967436173,377,255.99609375,1.4726787212939652,0.9973404255319149,0.20305985635223242,0.21372873180875,-0.23103769699886276,1.0585931534622304,1.2356248160709409,2.7211537700468904,4206.71603231068,2264.9751181183624,1.8572901744745995,6478.519199849844
balanced_interleaved.csv,1185,303360.0,303616.0,0,709.5120995821727,703.125,84.73157128634278,75.67406335009444,35.19553072625698,84.5651540478783,360,255.99609375,1.4062714579995423,1.0,0.2351314467841849,0.20789591890061995,-0.19175616205760235,1.062544437953331,1.1911382348973332,2.613083842151368,5626.355492320218,4534.909161909362,1.2406765585468347,10189.121838015957
balanced_interleaved.csv,1186,303616.0,303872.0,2,719.5972711267606,722.65625,65.53473613703194,44.41259575653634,26.836158192090398,83.37997155832836,356,255.99609375,1.390646219577325,1.0,0.21354254174167275,0.2095637841064329,-0.21193471057651125,1.0572739093123518,1.2528659261203348,2.7732825895336024,4544.625110456812,2033.6580978414709,2.234704602155341,6580.1242242237495
balanced_interleaved.csv,1187,303872.0,304128.0,2,727.1968482905983,730.46875,80.45079972449415,53.79452708197382,29.142857142857142,82.50860842018272,352,255.99609375,1.375020981155108,1.0,0.21454875663848114,0.20806540945695995,-0.20579017216834278,1.0564175559644555,1.2585523276481163,2.8079299956323833,5865.370816188244,2446.854699979699,2.397106299870159,8314.847225117768
balanced_interleaved.csv,1188,304128.0,304384.0,1,661.1176327720207,652.34375,79.21760809755254,62.460988738120925,18.181818181818183,90.755407246399,387,255.99609375,1.5117418173495079,1.0,0.20753170003914084,0.2132402582497109,-0.21651820266390967,1.0641945752508877,1.3024347145777793,2.8946002967181705,5007.475380263387,2471.0706062256313,2.0264396199960943,7535.921051726992
balanced_interleaved.csv,1189,304384.0,304640.0,1,690.9828082655827,683.59375,84.86636766214937,49.194026447655645,32.065217391304344,86.83284053130697,371,255.99609375,1.4492408636606393,0.9972972972972973,0.21262722101509898,0.21221011187754574,-0.22932458362169822,1.058351764142738,1.2144088332904122,2.6880619818929175,5553.175955146334,2702.961489686421,2.0544783846663592,8258.937678996685
balanced_interleaved.csv,1190,304640.0,304896.0,1,711.4924268802229,710.9375,84.67384357071202,74.84266660585578,43.296089385474865,84.32978023826637,360,255.99609375,1.4062714579995423,1.0,0.2210215969229144,0.21063726413338837,-0.21456239202248328,1.058955196168878,1.1790365234130575,2.5805805456734783,5792.56070916199,4558.982801235527,1.2705818296994127,10379.424112602026
balanced_interleaved.csv,1191,304896.0,305152.0,0,689.0625,691.40625,71.47985988099046,64.56970663349627,33.87533875338754,87.07482993197279,371,255.99609375,1.4492408636606393,1.0,0.2250559666941964,0.2107605028306515,-0.20576470442786118,1.0643112664256298,1.1983341773418859,2.6159755445280775,4710.821599415875,3631.3106458484262,1.2972786023695393,8350.860245573149
balanced_interleaved.csv,1192,305152.0,305408.0,3,686.3344254032259,683.59375,66.57415420748274,59.9805012266186,18.059299191374663,87.42093909211914,373,255.99609375,1.4570534828717479,1.0,0.18965290464661647,0.21378498089007925,-0.23613854948395996,1.0515858739208954,1.2897629174335141,2.8697304103228856,4965.762667367153,2282.008572802366,2.1760490852447005,7280.464773396252
balanced_interleaved.csv,1193,305408.0,305664.0,0,724.5374468838527,722.65625,71.77632620682155,58.985653747991535,37.5,82.8114547537228,354,255.99609375,1.3828336003662165,1.0,0.24233497809051519,0.20645392363702592,-0.1856382199404998,1.0600681995437011,1.1676682737734436,2.5223238867371203,4834.628905987817,3978.194933484303,1.2152820529971884,8815.104459636668
balanced_interleaved.csv,1194,305664.0,305920.0,2,662.0535714285714,660.15625,63.065252522066125,49.20952927538243,20.3125,90.62710721510452,386,255.99609375,1.5078355077439536,1.0,0.20842168256916144,0.2128960040961982,-0.22070321070397098,1.0554606320841664,1.2402958149077612,2.7153954442267088,4498.438188310459,1898.3975350120493,2.369597571291572,6400.4473691933845
balanced_interleaved.csv,1195,305920.0,306176.0,0,734.2173991354467,734.375,96.66436192503144,56.95102095007728,33.81502890173411,81.71966514366318,349,255.99609375,1.3633020523384451,0.9971264367816092,0.2383103275165407,0.2046485021553852,-0.18737442557027464,1.0581349362087737,1.191375530326096,2.654719107164625,6131.559903563432,3112.104423845418,1.9702294873470463,9249.66002577212
balanced_interleaved.csv,1196,306176.0,306432.0,1,754.4939159292036,757.8125,101.32738333711698,89.31130617255972,49.40828402366864,79.52350407770548,340,255.99609375,1.3281452658884565,1.0,0.23099316053143565,0.20660518553999468,-0.20163636725865072,1.049062196624292,1.140942526250798,2.4410041297870366,7600.817614577958,6189.422364290188,1.228033436275217,13850.665412842949
balanced_interleaved.csv,1197,306432.0,306688.0,1,714.9750525210084,707.03125,99.17308578646718,81.63081731046434,37.640449438202246,83.91901198292089,358,255.99609375,1.3984588387884336,1.0,0.21284137814793394,0.2106300068773881,-0.21703824910170025,1.0543857491793902,1.2063404269460833,2.6543838443997467,6224.14179446189,4654.809076034694,1.3371422313552908,10900.027293501527
balanced_interleaved.csv,1198,306688.0,306944.0,2,658.0668604651163,656.25,61.33171487474155,41.355161132942115,25.129533678756477,91.17614577581446,389,255.99609375,1.5195544365606164,0.9974226804123711,0.20554314972223187,0.21375783246839453,-0.2194591253883812,1.0586975909212115,1.2612816447084378,2.7694766211316875,4272.404945020242,2108.066574008214,2.0266935578304914,6383.17953601185
balanced_interleaved.csv,1199,306944.0,307200.0,1,670.2038221784777,664.0625,64.7763603742414,59.69227901782697,21.052631578947366,89.52500420688706,382,255.99609375,1.4922102693217365,1.0,0.21063267835588007,0.21302946151887248,-0.2171459261951739,1.060494698800421,1.2477657523058105,2.7312278011710633,4144.424744282574,2581.4627811471055,1.6054559355068239,6743.040583387697
balanced_interleaved.csv,1200,307200.0,307456.0,3,621.5879714111923,625.0,47.063352576515484,27.845462533905486,8.780487804878048,96.52696441950428,412,255.99609375,1.609399557488365,1.0,0.1894458375262884,0.21838369227186363,-0.23850774180849532,1.056823310242252,1.2874814877547172,2.809609127283781,3176.1893019808763,958.0387886964699,3.3153034506071246,4134.308810129298
balanced_interleaved.csv,1201,307456.0,307712.0,3,608.5545942720764,601.5625,64.58128532746859,29.981350737507718,10.047846889952153,98.5942766100864,420,255.99609375,1.6406500343327992,1.0,0.17947181605616594,0.22102936140388832,-0.250776164500648,1.064279659745589,1.3169864623574288,2.9164263059238476,4043.6951586345585,1001.8800839699333,4.036106938678214,5051.559021227749
balanced_interleaved.csv,1202,307712.0,307968.0,3,684.3163538873995,683.59375,85.37824635752042,64.9359385646462,20.161290322580644,87.67874632713026,374,255.99609375,1.4609597924773021,1.0,0.1958625651085833,0.21293308604749733,-0.2328532481021524,1.055057661724529,1.2892392746715395,2.8965320933470418,6480.293986433937,2123.0487166679036,3.0523529373384664,8656.194789908628
balanced_interleaved.csv,1203,307968.0,308224.0,3,730.7485673352436,722.65625,93.15158469984328,74.9541745553273,34.195402298850574,82.1075848547972,351,255.99609375,1.3711146715495537,0.9971428571428571,0.22647725924660572,0.2090144990872858,-0.20723667114984728,1.0577372507844818,1.1674458186973902,2.5715932623698388,6519.637274090358,4078.5705029878163,1.5985103774261846,10640.081074224081
balanced_interleaved.csv,1204,308224.0,308480.0,0,738.2925397398844,726.5625,109.63853576806498,90.87239003338932,43.47826086956522,81.26859851670616,347,255.99609375,1.3554894331273366,1.0,0.22955535322425866,0.21035769442368046,-0.21190901850117644,1.055238410289932,1.0986723110663839,2.3290521911658812,6724.718720817075,6024.7341237808905,1.1161851432203787,12763.185760456578
balanced_interleaved.csv,1205,308480.0,308736.0,2,647.9120399746192,648.4375,62.53225506497905,37.1698785681839,20.10178117048346,92.6051628896268,395,255.99609375,1.5429922941939422,1.0,0.19449240001890705,0.21690036655903894,-0.23996038882720272,1.063161943666991,1.2754263083450281,2.849939276587815,4051.235195043023,1723.4945866926325,2.350593512926141,5778.739179995388
balanced_interleaved.csv,1206,308736.0,308992.0,2,609.9250447494034,605.46875,60.49385367397489,31.779355121984437,11.24401913875598,98.37274353056264,420,255.99609375,1.6406500343327992,1.0,0.194095086567692,0.21843388180459236,-0.2328386472316206,1.0614493742598887,1.2737025763733472,2.7739359361939853,3585.2098968414034,1373.8729987619906,2.6095642756441597,4962.720349828949
balanced_interleaved.csv,1207,308992.0,309248.0,1,664.5406087239584,660.15625,55.5882548932954,44.17839510087261,20.887728459530024,90.28793607543588,385,255.99609375,1.5039291981383993,1.0,0.210313483115485,0.21360444343430504,-0.21657484045913,1.06261155716104,1.2551695846319886,2.742341975461219,3257.0118755535536,1980.7787760456554,1.6443087511547942,5243.58035859481
balanced_interleaved.csv,1208,309248.0,309504.0,1,753.5951327433628,746.09375,74.51585317904384,70.90231995671938,34.319526627218934,79.61834862385321,340,255.99609375,1.3281452658884565,1.0,0.22473029043797507,0.20392460803088605,-0.18893653533033447,1.052322846688985,1.2874444651980284,2.9192723085055334,6008.525560186097,3192.7920653336846,1.8819031860623643,9245.43959813975
balanced_interleaved.csv,1209,309504.0,309760.0,0,677.5162067819149,671.875,75.79408909914387,49.13352409612165,29.599999999999998,88.55876715479567,378,255.99609375,1.4765850308995194,0.9973474801061007,0.2150940731816259,0.2117592079703927,-0.21546188117678305,1.0641586600278559,1.218323534203399,2.6641325208397246,5234.252269797161,2816.012833856596,1.8587458859797628,8052.226122378481
balanced_interleaved.csv,1210,309760.0,310016.0,0,689.4425675675676,683.59375,80.64370673742701,64.09339863117349,35.50135501355013,87.02682837192208,371,255.99609375,1.4492408636606393,1.0,0.20760607130362746,0.2128321523676364,-0.2299975206482466,1.051154665911383,1.2018814907559576,2.6151556232871886,5796.062931877489,3351.1124441465813,1.7295936882098735,9153.097966924028
balanced_interleaved.csv,1211,310016.0,310272.0,3,733.5892600574713,730.46875,80.87130826279086,75.4372638128452,37.17579250720461,81.78963797166202,349,255.99609375,1.3633020523384451,1.0,0.2121609907421249,0.20870973053635217,-0.2162148521537903,1.0487665792239338,1.2256194666276445,2.705884793276274,6446.907559258576,3825.0133128552866,1.6854601623454493,10304.707819360452
balanced_interleaved.csv,1212,310272.0,310528.0,0,765.6951721556886,761.71875,92.05673472820848,91.16267339605628,45.34534534534534,78.36016496105086,335,255.99609375,1.3086137178606851,1.0,0.2359620755356499,0.2036093509912548,-0.18881344325187405,1.0432335008704579,1.1450465991298464,2.4897209536651177,7552.839250534028,5920.30692660634,1.2757512987360426,13495.14602952205
balanced_interleaved.csv,1213,310528.0,310784.0,2,745.8196271929825,750.0,72.00044902584237,52.68418123468326,36.36363636363637,80.4484057704677,343,255.99609375,1.3398641947051193,1.0,0.1987577040915474,0.20878478387842428,-0.2282062097704352,1.0441348844038052,1.2436318438395464,2.7927866020007723,5610.8476880513535,2673.331082094174,2.0988225983801656,8293.680560487754
balanced_interleaved.csv,1214,310784.0,311040.0,0,706.5240849447514,703.125,71.10244693862882,59.492899078745545,37.67313019390582,84.92279495990836,363,255.99609375,1.4179903868162052,1.0,0.24461104467675548,0.2072208695070408,-0.1849071817104289,1.06764894557474,1.1761183209380643,2.5594989578255207,4671.519199028858,3767.5002661599688,1.2399519227613252,8446.394285960727
balanced_interleaved.csv,1215,311040.0,311296.0,1,677.1214261968086,679.6875,58.681095321503435,42.63936249963172,25.066666666666666,88.6103993740123,377,255.99609375,1.4726787212939652,1.0,0.21765435683368772,0.20921742899827392,-0.19765015749314702,1.0630660124445612,1.2930583974165524,2.8956120325588337,3882.0988626835683,2142.5451072993797,1.8119099800782488,6036.417927613099
balanced_interleaved.csv,1216,311296.0,311552.0,2,676.9696593915344,675.78125,66.0876383335381,45.84215930237482,27.320954907161806,88.63026454380314,379,255.99609375,1.4804913405050737,1.0,0.2134995469044355,0.21172659764409812,-0.21528417059272875,1.059014175558705,1.2279324092946586,2.6756087403641615,5224.860990703199,2407.6806828037847,2.170080537681085,7637.626027447297
balanced_interleaved.csv,1217,311552.0,311808.0,2,696.5078551912568,687.5,79.87753044945727,68.57513955184338,33.42465753424658,86.14403922770457,367,255.99609375,1.4336156252384222,1.0,0.21128774226036703,0.21133602824879918,-0.2248916619345232,1.0564525336316923,1.2224153720917759,2.706444538209447,6118.345240265971,3448.981689261857,1.7739570086193777,9597.329841831033
balanced_interleaved.csv,1218,311808.0,312064.0,1,683.3326370320856,683.59375,77.96915192048823,65.04598327251065,28.9544235924933,87.80496752006114,375,255.99609375,1.4648661020828564,1.0,0.20007896392076194,0.21424027909061857,-0.23246261007260116,1.055936445086881,1.2315767890317122,2.7045888451276534,4915.385777841189,3315.6743132324214,1.4824694205412543,8263.851583454665
balanced_interleaved.csv,1219,312064.0,312320.0,3,642.86838790932,636.71875,63.5039664811974,42.5836631093888,14.646464646464647,93.33170074690828,398,255.99609375,1.554711223010605,1.0,0.17648011356741844,0.2181643272127405,-0.2549172155822197,1.0492200909419878,1.2777844619944903,2.8090359731374193,4218.749913608092,1442.5292013522444,2.9245507887489453,5663.938433181115
balanced_interleaved.csv,1220,312320.0,312576.0,3,726.318359375,730.46875,78.13908376660181,63.21511516798468,25.925925925925924,82.60840336134454,353,255.99609375,1.3789272907606622,1.0,0.18906110676248727,0.209168200708679,-0.2332362996242422,1.0313635938873182,1.2685185770423557,2.827765639537737,6319.063815828138,2274.285931463729,2.778482568267567,8608.3456705808
balanced_interleaved.csv,1221,312576.0,312832.0,3,677.4494363395225,683.59375,62.10339094092979,40.34475006408571,17.5531914893617,88.56749564100211,378,255.99609375,1.4765850308995194,1.0,0.18998271718459503,0.21477781233189172,-0.23614167775009748,1.057803102962492,1.2968463047229672,2.90272442200144,4274.25829332158,1462.1756521113095,2.9232180737996574,5744.831285241486
balanced_interleaved.csv,1222,312832.0,313088.0,0,759.911380597015,753.90625,95.76081671035772,79.7996621155186,36.52694610778443,78.9565751112475,336,255.99609375,1.3125200274662394,1.0,0.23694069206325588,0.202640121038465,-0.18450156167830054,1.0487213458317723,1.193089558665951,2.675044330641592,6675.374910497039,3729.104736861177,1.7900743962787609,10432.13917704968
balanced_interleaved.csv,1223,313088.0,313344.0,2,676.7629794973545,656.25,98.32005089960005,62.30866871863333,31.03448275862069,88.65733176564002,379,255.99609375,1.4804913405050737,1.0,0.2153687648052745,0.2154839903965035,-0.225182479283463,1.0577295441903891,1.1309920654042613,2.3278169117323184,5125.556127851212,4579.714959010305,1.1191867122138242,9707.649249599233
balanced_interleaved.csv,1224,313344.0,313600.0,2,651.9241528132992,644.53125,65.0723545547975,42.24931294839453,23.846153846153847,92.03524634127653,392,255.99609375,1.5312733653772794,1.0,0.19820403255276192,0.21500702011747566,-0.2348572672684136,1.0590859332083922,1.2390815388189347,2.729089726301093,4832.973768349317,2090.7975332918486,2.311545566413625,6931.567470002855
balanced_interleaved.csv,1225,313600.0,313856.0,2,696.4407356948229,691.40625,71.42475856883063,49.96770430690393,30.327868852459016,86.15234136202469,368,255.99609375,1.4375219348439765,1.0,0.20725711891588736,0.20967045935960682,-0.21467933309104079,1.047217990500046,1.2492016922309384,2.773516229719305,5329.767427625041,2732.220529401051,1.9507090918438477,8070.131887264195
balanced_interleaved.csv,1226,313856.0,314112.0,1,707.2693040166205,707.03125,64.25641385987433,46.95856628089403,30.833333333333336,84.8333154842954,362,255.99609375,1.4140840772106509,1.0,0.21370736575570504,0.20951739940007308,-0.20539851067366607,1.0574892687669395,1.2651167576867508,2.816272031828359,4021.0341753285225,2517.3603830027128,1.5973216240625128,6540.598784651434
balanced_interleaved.csv,1227,314112.0,314368.0,1,662.3173701298701,660.15625,57.43522867353225,40.68147695000141,22.916666666666664,90.59101075400594,386,255.99609375,1.5078355077439536,1.0,0.20158789127394966,0.21428107588622636,-0.22942032266343568,1.054907117801759,1.2398506370496343,2.713917758448572,3891.469000769505,2063.5162182413374,1.8858436712874822,5957.841409843574
balanced_interleaved.csv,1228,314368.0,314624.0,0,704.8144800275483,699.21875,74.85919933956332,66.13115090822407,37.84530386740331,85.12878452448203,364,255.99609375,1.4218966964217594,1.0,0.24425322764005386,0.20682570398568054,-0.18392897363921376,1.070520563781542,1.2026534929762773,2.656857799586515,5278.459920375146,3754.6894053729575,1.405831308662089,9039.198872257013
balanced_interleaved.csv,1229,314624.0,314880.0,3,650.3607302295918,636.71875,81.74554460309704,61.782188110999506,17.135549872122763,92.256492760285,394,255.99609375,1.539085984588388,0.9974554707379135,0.19820281553305583,0.21663822116972714,-0.23264935057814146,1.056147916736498,1.2433656405436133,2.6628142288218664,5102.146444017836,2621.858460052019,1.946003768607939,7752.448304717311
balanced_interleaved.csv,1230,314880.0,315136.0,0,650.8390465561224,644.53125,70.99487340035601,66.63739016050442,21.994884910485936,92.18869137843922,393,255.99609375,1.5351796749828337,1.0,0.200611279646976,0.21616549032694232,-0.23250883951743506,1.0624763617420019,1.2469649586701348,2.7332525638306997,4915.018763558328,2694.2769336414917,1.8242440864886738,7622.575069583139
balanced_interleaved.csv,1231,315136.0,315392.0,0,655.8293269230769,652.34375,69.84665782011072,64.71300253364221,30.59125964010283,91.48721708054615,391,255.99609375,1.527367055771725,1.0,0.20962623296313307,0.21673687014570256,-0.23159942597079364,1.0620422050813862,1.182185113951891,2.524764892904967,4529.722038040797,3374.868845646896,1.342192021442107,7915.983221210497
balanced_interleaved.csv,1232,315392.0,315648.0,2,656.884262242268,652.34375,69.20547367725868,60.397646677836455,23.772609819121445,91.34029150765552,390,255.99609375,1.5234607461661707,0.9974293059125964,0.20293621518876437,0.2166692502362314,-0.23521756989369924,1.0660002580459522,1.22776223497554,2.7077515395643568,4538.000930283021,2895.3326425669215,1.5673504534731995,7460.5051109528895
balanced_interleaved.csv,1233,315648.0,315904.0,0,703.642955801105,703.125,68.7187222764531,54.15937611858827,37.119113573407205,85.27051895472948,364,255.99609375,1.4218966964217594,0.9972451790633609,0.245222292165622,0.2065998645871268,-0.18016516617066058,1.066302908495623,1.186758756572239,2.5887988220052005,4499.553547907808,3551.8640686693784,1.2668146812255288,8053.540437152117
balanced_interleaved.csv,1234,315904.0,316160.0,1,655.0280448717949,654.296875,51.662241545463715,36.68773559602119,19.28020565552699,91.59913147191045,391,255.99609375,1.527367055771725,1.0,0.21042452294039737,0.21366346356850172,-0.21454555484813778,1.064587255618391,1.2582984602348493,2.7596766470739347,3005.3685299054173,1799.575835871956,1.670042723400547,4806.38215538882
balanced_interleaved.csv,1235,316160.0,316416.0,2,732.2595809455587,738.28125,81.75407500520015,50.55105040470156,32.18390804597701,81.93815630588631,350,255.99609375,1.3672083619439994,1.0,0.21662462862811424,0.20636090016289427,-0.20468328414561468,1.0542581127715973,1.2748324983778785,2.8928373006605517,5766.96242081111,2296.685452863649,2.510993577122416,8070.558280034032
balanced_interleaved.csv,1236,316416.0,316672.0,1,742.3918968023256,738.28125,85.27468574788203,84.06888535241666,34.98542274052478,80.81984765517451,345,255.99609375,1.347676813916228,1.0,0.2167530301877778,0.2062876302743969,-0.20495910108928175,1.054801551259808,1.2619745738680697,2.8474993371042308,7639.903102448675,3820.7165841134993,1.9995995343426713,11475.743173740715
balanced_interleaved.csv,1237,316672.0,316928.0,1,741.5856649709302,738.28125,86.24671932757099,83.02658462812337,40.2332361516035,80.90771280260921,345,255.99609375,1.347676813916228,1.0,0.2136977308993866,0.20857821456878725,-0.2132595006904806,1.047390179352314,1.214170911364221,2.657007298943709,7289.281030798381,4255.180954401191,1.713036674329673,11555.9918973987
balanced_interleaved.csv,1238,316928.0,317184.0,3,684.2849363270777,683.59375,81.11313409780699,64.20316981375534,22.58064516129032,87.68277191962169,374,255.99609375,1.4609597924773021,1.0,0.1913249801061568,0.21349064226365402,-0.23841904861067312,1.046962704488451,1.2616619809029201,2.7911070128924056,5254.500378071386,2442.985433696663,2.15085211135312,7734.808175714784
balanced_interleaved.csv,1239,317184.0,317440.0,3,655.1682692307693,656.25,68.81086623249092,53.43515334449665,15.681233933161954,91.57952669235002,392,255.99609375,1.5312733653772794,0.9974424552429667,0.1830938429585844,0.21623611149332542,-0.24634612684435717,1.052712262578809,1.2943236176063586,2.8745770038594802,4555.30160036755,1819.5454509334081,2.503538231502119,6401.102758981801
balanced_interleaved.csv,1240,317440.0,317696.0,3,695.4402247956403,703.125,81.90144914048855,57.64797667384001,17.21311475409836,86.276286387707,368,255.99609375,1.4375219348439765,1.0,0.19045981920683572,0.21281094570161432,-0.2327786876040509,1.0492917159737623,1.2961508856647448,2.893909531098033,4907.4315112842005,2068.5937023795555,2.372351566979566,6995.360931523914
balanced_interleaved.csv,1241,317696.0,317952.0,0,780.9274655963303,773.4375,86.07322124513277,83.80179383976264,45.70552147239264,76.83171951723187,328,255.99609375,1.2812695506218053,1.0,0.2546798938599476,0.20183947982549053,-0.16892343166520543,1.0561100067276472,1.1381613750090689,2.4705446847816317,6141.027907465826,5638.165989066296,1.0891889169944082,11790.366045821176
balanced_interleaved.csv,1242,317952.0,318208.0,2,624.4638480392157,621.09375,54.96523459838925,35.14718436894773,15.970515970515969,96.08242364773703,410,255.99609375,1.6015869382772565,0.9975550122249389,0.19946715340400337,0.21542661505327107,-0.22737128766052844,1.0616917025190051,1.2739308383321402,2.7852881734471175,3822.5078816492974,1715.5801894073727,2.2281137922032888,5542.9783737267335
balanced_interleaved.csv,1243,318208.0,318464.0,2,665.22216796875,664.0625,63.44335775116216,39.15164029521589,20.887728459530024,90.19543077346546,385,255.99609375,1.5039291981383993,1.0,0.1926255777336971,0.21517363231720493,-0.2380025531834047,1.057477131776385,1.273474861026057,2.823142786934076,4789.265330919474,1594.8344091125207,3.0029859548770093,6389.448493868216
balanced_interleaved.csv,1244,318464.0,318720.0,2,714.953168767507,703.125,79.90149055522043,53.51336635621589,34.831460674157306,83.92158063084433,358,255.99609375,1.3984588387884336,1.0,0.2084284376873867,0.2103546352663945,-0.22913314232892124,1.05262295297737,1.2037747107786372,2.6927934739063994,6156.755704679742,2955.463092072111,2.083178003878629,9116.783526125915
balanced_interleaved.csv,1245,318720.0,318976.0,1,714.8875175070028,710.9375,85.80022152307198,60.37389775354273,39.325842696629216,83.92928751817556,358,255.99609375,1.3984588387884336,1.0,0.2215226191455128,0.20817079146056058,-0.20744782338718518,1.0504051129636882,1.193521987431331,2.6100514026245856,5340.73548494412,3821.055815024746,1.397711978962425,9171.280212869167
balanced_interleaved.csv,1246,318976.0,319232.0,1,690.4244087837837,691.40625,76.05544113999746,53.54049642239195,31.70731707317073,86.9030689481169,371,255.99609375,1.4492408636606393,1.0,0.2247340823325575,0.20966602059049746,-0.2008198688874339,1.0598433848115199,1.2026161344390807,2.6343066160699404,5001.089577764826,3081.906215628018,1.6227260753117125,8085.450642509089
balanced_interleaved.csv,1247,319232.0,319488.0,0,705.6716160220994,703.125,76.6326870411815,72.37192537867102,32.13296398891966,85.02538381552388,363,255.99609375,1.4179903868162052,1.0,0.23196640505282995,0.20819491750443206,-0.19393216619683085,1.0550448566314974,1.1702159815517788,2.496596364859699,5228.189906656073,4325.1346839100715,1.208792393472845,9576.54420430431
balanced_interleaved.csv,1248,319488.0,319744.0,3,633.0935949131514,628.90625,52.3726730997,30.145828310288152,9.701492537313433,94.7727168338054,405,255.99609375,1.582055390249485,0.9975247524752475,0.18463089522417936,0.21976147173579874,-0.2435888972485848,1.0644401432125723,1.2873413265582259,2.819313219305238,3092.6621204903513,1201.209877628892,2.5746226184845065,4321.66166997674
balanced_interleaved.csv,1249,319744.0,320000.0,0,688.7035472972973,683.59375,71.5544704735523,68.03003624605506,28.72628726287263,87.12021338565779,371,255.99609375,1.4492408636606393,1.0,0.2221721687888435,0.2089378140044577,-0.20171285218175888,1.0604252018425084,1.2448756393190417,2.7658505445356827,5144.961756247798,2957.0314188736893,1.7399077072395377,8126.822475506942
balanced_interleaved.csv,1250,320000.0,320256.0,2,641.0361842105264,632.8125,76.22874855502543,47.12542377438653,23.869346733668344,93.59846055163565,400,255.99609375,1.5625238422217136,1.0,0.2066774068282044,0.21864088987303557,-0.2352131491137208,1.0635596944130872,1.172938261001762,2.4672034046615012,4504.114485817321,2900.079862629707,1.553100155570586,7411.103093792948
balanced_interleaved.csv,1251,320256.0,320512.0,2,686.6366239892184,667.96875,98.3488689992753,54.87945919170475,34.054054054054056,87.38246388812217,372,255.99609375,1.4531471732661936,1.0,0.21771155645212203,0.21250034308956162,-0.22214572877133876,1.0601604880121056,1.1606266471505178,2.5581644517338793,6004.84679021692,3377.3343403766276,1.7779841096654003,9398.634632267494
balanced_interleaved.csv,1252,320512.0,320768.0,0,702.8352506868132,703.125,95.80897405625578,78.68952803709936,40.22038567493113,85.36851266547569,365,255.99609375,1.4258030060273137,1.0,0.23110262841925802,0.2089601136260028,-0.2044360581065881,1.052967317149946,1.1454312293406446,2.47207222539138,5198.5144624533705,4849.074816701273,1.0720631582232039,10063.213667895126
balanced_interleaved.csv,1253,320768.0,321024.0,1,664.1337076822916,656.25,84.88773863672759,77.49907344038368,24.54308093994778,90.3432536339547,385,255.99609375,1.5039291981383993,1.0,0.1985736585821983,0.21409275845357745,-0.23502595486680866,1.0517969633347715,1.2353302277368854,2.70974096952739,5565.725073237318,3588.46715558627,1.5510034875400749,9166.613905576374
balanced_interleaved.csv,1254,321024.0,321280.0,2,690.698902027027,695.3125,66.99578760475568,42.611671484531364,24.390243902439025,86.86853247328922,371,255.99609375,1.4492408636606393,1.0,0.20156513319857794,0.21276783112251518,-0.22713138459637855,1.045876372639311,1.2509694806901872,2.7350845867622686,4517.453133729638,2090.1331559729224,2.161323129495469,6619.19219997342
balanced_interleaved.csv,1255,321280.0,321536.0,1,659.4900678294574,656.25,60.67739234440926,53.77561939331837,20.466321243523318,90.97938381009229,388,255.99609375,1.5156481269550621,1.0,0.20893033677019884,0.21419451048549593,-0.21950647861326095,1.0630185250578241,1.255139524886477,2.7379876205511895,3499.3613401215152,2286.555437620867,1.5304073903244428,5793.379950368671
balanced_interleaved.csv,1256,321536.0,321792.0,3,632.280708539604,617.1875,80.20445007261158,43.93079763565569,12.903225806451612,94.89456057987857,405,255.99609375,1.582055390249485,1.0,0.1947453321837639,0.21633117658045328,-0.2326926625450264,1.058991668203257,1.2915008892642343,2.8451201251530076,4357.064625714783,1431.7677553687886,3.0431364370211766,5798.329563555282
balanced_interleaved.csv,1257,321792.0,322048.0,3,596.2781103971963,593.75,47.519223514193826,26.639421229594046,8.19672131147541,100.62418685809621,430,255.99609375,1.6797131303883421,0.9976689976689976,0.17930601651618822,0.22190829494392486,-0.2531566900794301,1.0579301587505419,1.2810641956526234,2.7497512030216917,3242.9493073467393,930.7797409781076,3.484121070296281,4177.2861348664555
balanced_interleaved.csv,1258,322048.0,322304.0,3,635.5041200248756,621.09375,69.40507137088217,32.455371192949436,14.463840399002494,94.41323527163193,404,255.99609375,1.5781490806439307,0.9975186104218362,0.17666650452594895,0.21968543705677027,-0.25695323533009473,1.052753962498136,1.282389168107833,2.8089019728791236,4186.833308698178,1181.2689900981927,3.5443521702454484,5371.564725353265
balanced_interleaved.csv,1259,322304.0,322560.0,3,672.3284960422163,679.6875,71.56859877709392,60.121184722790446,20.8994708994709,89.2420897718911,380,255.99609375,1.484397650110628,1.0,0.18705378523364424,0.21725114028261439,-0.25133717095287983,1.0563353924533232,1.2515167051558416,2.748765745672385,4313.788794724683,2614.194643728552,1.6501406293802392,6967.509637105754
balanced_interleaved.csv,1260,322560.0,322816.0,0,665.6697591145834,664.0625,67.41371369582728,62.52899692469971,29.765013054830288,90.1347840704178,385,255.99609375,1.5039291981383993,1.0,0.23045257299345145,0.2111893074078521,-0.19857770893196222,1.0663032166722086,1.1987931327199466,2.6124268612797366,4104.576414409748,3308.9334300102414,1.2404530043377284,7424.872844464783
balanced_interleaved.csv,1261,322816.0,323072.0,2,673.5137697889182,671.875,63.69199316004856,57.955421235559186,18.253968253968253,89.08503833381792,380,255.99609375,1.484397650110628,1.0,0.18801824301637288,0.2153408757640294,-0.24137165109085904,1.051479030248438,1.2689849655180172,2.814294732708963,4210.158843881946,2193.0677238352364,1.9197577886556194,6427.822334375101
balanced_interleaved.csv,1262,323072.0,323328.0,2,616.2062198067633,613.28125,59.20124768587364,36.79881619578294,14.527845036319611,97.37000061248239,415,255.99609375,1.6211184863050279,1.0,0.1870370628702118,0.21950222597711525,-0.24676523107710008,1.0614762692845756,1.2696480113894788,2.792891412178223,3677.3077160745006,1590.3437902236603,2.3122721883658484,5268.746647499273
balanced_interleaved.csv,1263,323328.0,323584.0,1,712.5414629888268,714.84375,81.24109862834321,68.14700718488801,24.92997198879552,84.20562608149703,359,255.99609375,1.4023651483939878,1.0,0.215692897110511,0.20806226212125137,-0.20510923008041038,1.056760082774939,1.2828422508632342,2.886891089240472,6088.0535580868855,2713.323180805953,2.243762778114223,8845.248184846263
balanced_interleaved.csv,1264,323584.0,323840.0,1,697.6605191256831,695.3125,78.45226818159975,70.03309688000704,34.24657534246575,86.0017133765757,367,255.99609375,1.4336156252384222,1.0,0.2200896667548533,0.2108745019230343,-0.2087129944083639,1.0611326728988975,1.2261572794585045,2.673871903583639,5306.1477149087295,3579.5293500205225,1.4823590466937526,8927.58308676619
balanced_interleaved.csv,1265,323840.0,324096.0,1,711.2095229805014,703.125,87.2944844730556,87.8652828532848,38.26815642458101,84.36332481679237,360,255.99609375,1.4062714579995423,1.0,0.22394989988224684,0.20955516636335908,-0.20484398492891992,1.059501460913677,1.1902580912600682,2.598849090448309,6844.63330578651,4652.63078655477,1.4711318434220522,11500.125433348898
balanced_interleaved.csv,1266,324096.0,324352.0,0,685.4264410187668,687.5,69.93019744365766,51.78702782295048,30.64516129032258,87.53674560733384,374,255.99609375,1.4609597924773021,1.0,0.21785568643331163,0.2119603799913957,-0.2182858244891634,1.055471213039699,1.1833726800892306,2.5410297486731857,4439.925612764513,3316.000195547245,1.3389400937691396,7757.332768254497
balanced_interleaved.csv,1267,324352.0,324608.0,3,640.0655621859296,640.625,63.8833751119788,51.77774277204453,11.586901763224182,93.74039714789544,400,255.99609375,1.5625238422217136,0.9974937343358395,0.18574536040552725,0.2187512363026488,-0.24515952070697566,1.058510719649857,1.2860895866742854,2.8347046050197893,3939.2159481711415,1863.1499257662279,2.1142774898005716,5827.950069316226
balanced_interleaved.csv,1268,324608.0,324864.0,0,714.3854748603352,712.890625,75.47679055575797,70.92500877201373,35.294117647058826,83.9882697947214,359,255.99609375,1.4023651483939878,1.0,0.2501179298543855,0.2049884536606256,-0.17604716114871968,1.058873978287626,1.1619570157624548,2.5075537576561127,5186.734897725036,4132.588166649977,1.2550814861209816,9327.622591730033
balanced_interleaved.csv,1269,324864.0,325120.0,2,683.59375,687.5,69.93052138752132,54.931844804354704,25.537634408602152,87.77142857142857,374,255.99609375,1.4609597924773021,1.0,0.2150090483522088,0.20860975196965303,-0.208233725801139,1.050474152248691,1.245600788739038,2.7614880588223043,5196.633581378212,2237.8062809485023,2.3221999266065154,7436.000155477907
balanced_interleaved.csv,1270,325120.0,325376.0,0,681.2291666666666,679.6875,63.93134732771492,44.59257390387057,27.27272727272727,88.07608795376005,377,255.99609375,1.4726787212939652,0.9973404255319149,0.21446398734761046,0.20828672211283777,-0.20705970136949278,1.048775551531222,1.2507185441052104,2.752718258888156,5147.549764936018,2169.8184647679777,2.3723412112664706,7322.448630551294
balanced_interleaved.csv,1271,325376.0,325632.0,1,700.3777472527472,695.3125,84.94220100507418,76.41822130129357,39.66942148760331,85.66805589605296,365,255.99609375,1.4258030060273137,1.0,0.21899319152034982,0.21080024356883428,-0.22102699090507308,1.0516256012501743,1.1610005290029044,2.5090889626961044,6344.270106843446,4697.557539990217,1.3505465452705574,11090.784366961816
balanced_interleaved.csv,1272,325632.0,325888.0,1,725.9965376420455,722.65625,84.17254333445376,75.4229121286578,40.45584045584046,82.64502224056496,353,255.99609375,1.3789272907606622,1.0,0.20614792552192668,0.21085250275221856,-0.22908651372416045,1.0524055089860471,1.2175418692064226,2.6984116150181654,6769.651700355812,3964.4398397505747,1.7075934997116085,10745.930181073518
balanced_interleaved.csv,1273,325888.0,326144.0,2,727.6116071428571,734.375,85.2880970239244,71.22285303775699,36.96275071633238,82.46157621867043,351,255.99609375,1.3711146715495537,1.0,0.2053261932226001,0.2083784913541463,-0.21842274111126617,1.0467720442366468,1.2317261662229995,2.748455928691077,6184.370480662201,3568.365176586552,1.7331103109178088,9778.076297911235
balanced_interleaved.csv,1274,326144.0,326400.0,1,698.119450136612,693.359375,72.18249559123151,66.6626044999746,29.041095890410958,85.94517741664245,367,255.99609375,1.4336156252384222,1.0,0.2243540091334001,0.20774600296465884,-0.19757632861214117,1.0530757935247075,1.219615833463631,2.6751893183181057,5337.747140527771,3266.800548262478,1.633937261142794,8621.943809884344
balanced_interleaved.csv,1275,326400.0,326656.0,3,591.0255484988453,593.75,43.131763137011326,24.336537793187823,5.555555555555555,101.51845407088561,434,255.99609375,1.6953383688105592,1.0,0.18021577674284045,0.2233791141292559,-0.25306057644860086,1.065897355470757,1.2960737870200199,2.8109568652766495,2679.7046591603607,815.0205383654637,3.28789832037184,3494.7538626307764
balanced_interleaved.csv,1276,326656.0,326912.0,3,720.2396716101695,722.65625,86.99073239109717,59.835461874010534,24.645892351274785,83.30560279450292,355,255.99609375,1.3867399099717708,1.0,0.20405236864734466,0.2091247776884772,-0.2166425558841132,1.0570791238267667,1.2868894367341321,2.93574849300413,6666.472782000575,1982.3933251786968,3.3628406115621106,8667.239013541823
balanced_interleaved.csv,1277,326912.0,327168.0,3,727.1634615384615,726.5625,81.93332066660506,72.29110916486006,29.142857142857142,82.51239669421487,352,255.99609375,1.375020981155108,1.0,0.19368597662265583,0.20884352537412226,-0.2276651285294098,1.0403910185961651,1.2789941475808668,2.868396986945969,7647.22802273502,2534.926808652153,3.016745097583757,10223.729380261519
balanced_interleaved.csv,1278,327168.0,327424.0,3,671.5871710526316,667.96875,83.69172614692681,62.25764408066771,27.70448548812665,89.34059878773036,382,255.99609375,1.4922102693217365,0.9973753280839895,0.20136722301142743,0.21404175321937122,-0.23183357106498464,1.0570440391119857,1.2364284362996711,2.712033645878419,4994.0302052979,3029.6222207769797,1.6484003091372645,8057.47113705769
balanced_interleaved.csv,1279,327424.0,327680.0,0,655.3485576923077,652.34375,68.10411876865464,61.03203819959707,30.334190231362467,91.55433287482805,391,255.99609375,1.527367055771725,1.0,0.2098548698113774,0.21471592793091282,-0.22665126996322094,1.0549983431710113,1.2004394043693742,2.5827780405018004,4481.30677682915,3260.3596470103153,1.3744823461235078,7747.864129308894
balanced_interleaved.csv,1280,327680.0,327936.0,2,666.693864229765,664.0625,67.46969897111677,43.21670707197388,22.5130890052356,89.99632847876636,385,255.99609375,1.5039291981383993,0.9973958333333334,0.2065146954662303,0.21095945799913884,-0.21603197465525661,1.050883355942213,1.2608662004376596,2.7667022956458247,5009.862419023174,2103.6376099539643,2.381523507336803,7116.356092451569
balanced_interleaved.csv,1281,327936.0,328192.0,2,650.3806600765306,652.34375,52.82984405262848,33.97645639107559,14.578005115089516,92.25366571161537,393,255.99609375,1.5351796749828337,1.0,0.2010035762482622,0.21453588074215105,-0.2248209784103617,1.054012888704625,1.2582355214169234,2.7424797911340493,3318.584168833848,1455.793542627014,2.2795706064510934,4775.232249669784
balanced_interleaved.csv,1282,328192.0,328448.0,1,627.9176904176904,625.0,54.97501694583523,43.23209159912102,16.502463054187192,95.55392516507703,408,255.99609375,1.593774319066148,1.0,0.211964949719813,0.2151908061398297,-0.22194903056690793,1.0633117884815944,1.2269141916987336,2.643399900501737,3377.505990876651,1865.4153276714405,1.8105919581419556,5246.069714075924
balanced_interleaved.csv,1283,328448.0,328704.0,1,767.7546121987951,765.625,87.56260970402279,80.45294837592438,41.08761329305136,78.1499701163165,333,255.99609375,1.3008010986495766,1.0,0.22062614886730986,0.20276245112713978,-0.19818028064270254,1.0440196777316701,1.2425337936462706,2.8131548355489633,8342.076942893687,3925.267825738477,2.125224905213763,12290.200238051588
balanced_interleaved.csv,1284,328704.0,328960.0,0,694.282863451087,695.3125,81.63964772254832,55.10594642835886,34.60490463215259,86.42010793951717,370,255.99609375,1.445334554055085,0.997289972899729,0.2258918905663581,0.20924409091894183,-0.203603216133787,1.0621214184405938,1.2040014338593286,2.6561561188732856,5573.203299326633,3444.495518285165,1.6180027727547286,9023.305676944972
balanced_interleaved.csv,1285,328960.0,329216.0,0,694.6100136239781,695.3125,79.15826773190359,67.22365373861287,35.79234972677596,86.37940545510267,368,255.99609375,1.4375219348439765,1.0,0.2122055938119909,0.21309443115629523,-0.21973220066111593,1.059398178974574,1.2000596389660854,2.5752687139140242,5564.71812127163,3639.2167415350195,1.5290977472598772,9225.749856212764
balanced_interleaved.csv,1286,329216.0,329472.0,3,721.6189971751412,718.75,79.16519350775559,80.10962952525993,32.86118980169972,83.14636980855099,355,255.99609375,1.3867399099717708,1.0,0.20515722047443571,0.21140056024849918,-0.2232777139245084,1.0508274219913587,1.2268975080187023,2.6956939189713927,6223.516331781904,3756.7387599156114,1.6566273913392118,9996.263391007553
balanced_interleaved.csv,1287,329472.0,329728.0,0,706.0277106353591,707.03125,81.69411468249463,69.86774784171776,37.67313019390582,84.98250011462807,363,255.99609375,1.4179903868162052,1.0,0.23676275886984094,0.20777365995582583,-0.1932941091760922,1.060539343895316,1.1777281793086958,2.5580082406674194,5225.120814222199,4065.3348283595737,1.2852867069575713,9298.74711378368
balanced_interleaved.csv,1288,329728.0,329984.0,2,644.6890782828283,646.484375,52.95754740367241,34.400387992388964,15.443037974683543,93.06811922394272,397,255.99609375,1.5508049134050508,1.0,0.20364281014794333,0.21487412059172192,-0.2224998667673103,1.0592366852576136,1.259515073707827,2.7455756617461864,3332.2492265810392,1543.0405073360694,2.1595345104283035,4879.010191187293
balanced_interleaved.csv,1289,329984.0,330240.0,0,778.391768292683,781.25,101.82505608357883,89.35524435951129,48.92966360856269,77.08200734394124,329,255.99609375,1.2851758602273595,1.0,0.21835465898396467,0.20642659310200798,-0.21524911494572635,1.0435368181880074,1.1512256141342871,2.537770557776124,7425.759646280867,6203.289065437834,1.1970681307847049,13640.586215560472
balanced_interleaved.csv,1290,330240.0,330496.0,1,651.1778539540817,636.71875,91.81224811961468,65.97644683237223,22.506393861892583,92.14072566452936,393,255.99609375,1.5351796749828337,1.0,0.20463136416767652,0.21330387756520863,-0.22239030654871225,1.0553542195724632,1.2454848201202537,2.7303525648537574,5145.018729188723,3355.920769109554,1.5331168651379934,8587.540186889688
balanced_interleaved.csv,1291,330496.0,330752.0,2,668.0198789267016,664.0625,75.85250251459911,58.640893108390706,27.034120734908136,89.81768640837632,383,255.99609375,1.4961165789272908,1.0,0.2074438629303675,0.21267208122267767,-0.22615019310826018,1.0626732822398075,1.2263310990408822,2.735006151868685,5695.81976513046,2622.881613603637,2.1715885824159797,8329.882699208223
balanced_interleaved.csv,1292,330752.0,331008.0,2,700.8821256868132,695.3125,77.27047439330514,72.1973184129985,33.88429752066116,85.6064062715316,365,255.99609375,1.4258030060273137,1.0,0.21023572020454234,0.2103116913281576,-0.2142585588777801,1.049320229679584,1.2344445999978282,2.72199763955149,5888.643468817,3269.754972420249,1.8009433485036552,9167.620650532539
balanced_interleaved.csv,1293,331008.0,331264.0,1,697.4043715846994,699.21875,73.65220585949031,64.7003386066691,29.863013698630137,86.03330068560236,368,255.99609375,1.4375219348439765,0.997275204359673,0.20687600851905497,0.21238820180830023,-0.22328057035239987,1.0614898003110926,1.2606682064661574,2.8077191339809344,4601.451829522164,3109.2743190819315,1.4799118242101021,7738.338761404386
balanced_interleaved.csv,1294,331264.0,331520.0,3,655.9895833333334,656.25,64.41629971435216,64.95410351118579,14.138817480719796,91.46486701071854,391,255.99609375,1.527367055771725,1.0,0.1825710798688872,0.21619025256406338,-0.24698083305099863,1.051553463317082,1.298615189785374,2.8796660434080303,4340.292508569768,2107.760721767324,2.059196029106426,6461.333433200985
balanced_interleaved.csv,1295,331520.0,331776.0,3,673.4313159630607,671.875,55.22840750830478,35.55869467062968,16.402116402116402,89.09594575980655,380,255.99609375,1.484397650110628,1.0,0.18736362482539,0.2140267411952413,-0.2387729671969131,1.0475824167105474,1.2848773778297427,2.8501681239681576,4076.2593813555823,1318.6027442642107,3.091347563992947,5397.71876999937
balanced_interleaved.csv,1296,331776.0,332032.0,3,605.3669283175356,601.5625,57.9073617242221,34.849234287407896,9.026128266033254,99.11344210156119,423,255.99609375,1.652368963149462,1.0,0.17727389247471992,0.2204269409271187,-0.25222696377012394,1.054966926371191,1.289189410291932,2.8173252632928163,3472.66655391781,1126.5288175734822,3.0826255837803203,4600.721604587231
balanced_interleaved.csv,1297,332032.0,332288.0,0,642.1304313602016,640.625,69.07070249520216,53.44420901143947,16.666666666666664,93.43896048175786,398,255.99609375,1.554711223010605,1.0,0.21945432487097796,0.21119043879955696,-0.20359862203949808,1.062297962269416,1.2460043064605206,2.7275261354993834,4398.3553378467805,2004.3881416502047,2.1943630809078885,6421.281688187745
balanced_interleaved.csv,1298,332288.0,332544.0,2,690.9945101351351,687.5,80.5314322683918,51.05048040711026,34.959349593495936,86.83137003254343,372,255.99609375,1.4531471732661936,0.9973045822102425,0.2152127726903693,0.2119055896239058,-0.2201582482607602,1.0608795991026139,1.2069885947702765,2.624271603733569,5998.902242215159,3136.244864549011,1.9127659035889075,9141.25715609194
balanced_interleaved.csv,1299,332544.0,332800.0,2,704.8731008287293,705.078125,77.49036258783386,68.59478226622485,33.51800554016621,85.12170478552402,363,255.99609375,1.4179903868162052,1.0,0.2020968979891839,0.2117430532568384,-0.2271423310375309,1.0517122783445718,1.2300377850755444,2.711998061401024,5938.436294943672,3462.568847234969,1.715037752876973,9436.930508256963
balanced_interleaved.csv,1300,332800.0,333056.0,2,670.5386513157895,675.78125,72.90978711766348,58.30444740369834,22.163588390501317,89.48030047524145,382,255.99609375,1.4922102693217365,0.9973753280839895,0.1946848025797676,0.21386191707219682,-0.231864433533387,1.051300847363613,1.275762004160742,2.82168086873712,4091.90788101522,2573.490892707592,1.5900222894164153,6695.751280445385
balanced_interleaved.csv,1301,333056.0,333312.0,1,675.2748842592592,671.875,60.42455307740754,45.94137866729683,25.198938992042443,88.85270487412963,379,255.99609375,1.4804913405050737,1.0,0.19498233426545453,0.21652685378692926,-0.23826481403317218,1.0624027971033791,1.2633934755510734,2.799053837177058,3633.6756527542475,2469.4894629323144,1.47142788308947,6109.658877465716
balanced_interleaved.csv,1302,333312.0,333568.0,1,760.4631696428571,759.765625,69.12782226174195,55.2456030184165,35.223880597014926,78.89928453494772,337,255.99609375,1.3164263370717937,1.0,0.20446613832493105,0.21041540275159085,-0.2216298503538667,1.0521414886607159,1.2455651195355955,2.7759280774226136,5191.764650285553,2891.1554747224664,1.7957403867337614,8088.770838456695
balanced_interleaved.csv,1303,333568.0,333824.0,0,746.0594846491229,746.09375,81.05335182675577,67.97231815978763,42.81524926686217,80.42254168006245,343,255.99609375,1.3398641947051193,1.0,0.24268541805055516,0.20284037734730323,-0.1847493220108686,1.0449123189219742,1.1541773416832226,2.4968877680785777,6237.861928258928,4421.164585757148,1.4109092315527676,10672.005894073121
balanced_interleaved.csv,1304,333824.0,334080.0,3,718.5849471830986,722.65625,79.05038930196501,50.50804522464965,29.943502824858758,83.49743511216599,356,255.99609375,1.390646219577325,1.0,0.20500608159527814,0.20766860738492418,-0.21382730751092938,1.0400810752012255,1.2549746287490482,2.7611442610095445,6499.668657933464,2309.380126668838,2.814464618827781,8816.315245831098
balanced_interleaved.csv,1305,334080.0,334336.0,0,681.7916666666666,679.6875,80.64311367258655,67.07015172599851,32.0855614973262,88.00342235531382,376,255.99609375,1.4687724116884109,1.0,0.2123717087966451,0.21280111184580308,-0.22080726419242386,1.052677792524559,1.1890961361152603,2.5715274019452288,5389.197102926983,3144.678673470059,1.7137512803431088,8562.32582730689
balanced_interleaved.csv,1306,334336.0,334592.0,0,661.6236237046633,656.25,70.51471729895152,51.61957867414206,31.68831168831169,90.68600009177258,387,255.99609375,1.5117418173495079,1.0,0.22859527105636668,0.21322838178641584,-0.2063763085675085,1.076050631406056,1.1828138678222695,2.5557544080228887,4454.171589338975,3329.485846756814,1.3377956220110365,7785.232972791569
balanced_interleaved.csv,1307,334592.0,334848.0,2,665.5209693211489,652.34375,91.09143723193338,67.21874083434892,25.13089005235602,90.15493540526872,385,255.99609375,1.5039291981383993,0.9973958333333334,0.21375371846618904,0.2129987936206108,-0.22134491620330854,1.057466054312289,1.1998728185710938,2.610096041596896,5838.486080093358,3566.206391927384,1.637169989182231,9430.873378184155
balanced_interleaved.csv,1308,334848.0,335104.0,0,798.7362852664577,792.96875,92.71386096734096,87.37743804646976,52.83018867924528,75.11866069785981,320,255.99609375,1.2500190737773709,1.0,0.24870238497399103,0.2002974325480087,-0.17871792098962724,1.0460518080793073,1.131762627222057,2.4849526555532995,7180.992366417917,6429.093172103537,1.1169526050076461,13615.283862347545
balanced_interleaved.csv,1309,335104.0,335360.0,1,785.0600961538462,777.34375,79.47918606569459,80.51478497868554,36.11111111111111,76.42727008282682,326,255.99609375,1.2734569314106965,1.0,0.22474459949345987,0.2050077743121774,-0.1953224572847209,1.0590983645197347,1.244116036902959,2.7952065032316495,5997.584976208331,4213.737755069454,1.423340825848208,10239.347817887268
balanced_interleaved.csv,1310,335360.0,335616.0,2,735.8271793948127,734.375,72.60672920103022,55.218762931766186,35.26011560693642,81.54088579515032,348,255.99609375,1.3593957427328909,1.0,0.22023531823584877,0.2050470023476122,-0.202706104499363,1.050277764945356,1.2476996522702877,2.7972280437052675,6590.494175878024,2768.7384885943015,2.380323820045584,9368.793648450173
balanced_interleaved.csv,1311,335616.0,335872.0,1,682.7581885026738,679.6875,77.47744144763263,71.27060767430059,26.541554959785525,87.87884350619551,375,255.99609375,1.4648661020828564,1.0,0.21947482376692234,0.2093732121448205,-0.20328937893395616,1.0623476613271168,1.2619401201111278,2.7981205327230603,5974.038623098605,2937.3790055788077,2.0337990472977547,8921.65955064828
balanced_interleaved.csv,1312,335872.0,336128.0,1,656.3403759640103,648.4375,76.95002588193553,70.7032139957861,23.969072164948454,91.41598200761922,390,255.99609375,1.5234607461661707,1.0,0.19995044611570392,0.2173534628912051,-0.23592906614398543,1.06812441747991,1.2333473501736074,2.681942101048194,5002.888264708106,3088.121207071358,1.6200427150502397,8095.629905254361
balanced_interleaved.csv,1313,336128.0,336384.0,3,626.3595281862745,623.046875,67.94427111144321,52.92358944348992,11.056511056511056,95.79162972700315,410,255.99609375,1.6015869382772565,0.9975550122249389,0.1825899517681827,0.21964459522583032,-0.25099708095771434,1.0596002350058376,1.2823919974488351,2.806195627326507,4305.601925110082,1758.1866371495212,2.448887867837845,6088.451690187699
balanced_interleaved.csv,1314,336384.0,336640.0,3,597.8483606557377,597.65625,54.26074768747458,46.48751105184576,8.215962441314554,100.35989717223651,429,255.99609375,1.6758068207827879,0.9976635514018691,0.17532443215996735,0.22233981871457592,-0.254402471973969,1.0603672818830723,1.297148322265026,2.8009891812612295,3343.6958533718416,1365.5456520658304,2.448615209834558,4729.112769345983
balanced_interleaved.csv,1315,336640.0,336896.0,3,587.6975574712644,585.9375,47.606472713280475,42.76205786079429,4.147465437788019,102.09332885126669,436,255.99609375,1.7031509880216678,1.0,0.17492674092533242,0.22436686430592254,-0.2565041464277607,1.066139945508465,1.3111938784100685,2.8520602383759037,2684.9714609071334,1077.0240258512551,2.492954099872557,3771.787122596425
balanced_interleaved.csv,1316,336896.0,337152.0,0,655.2684294871794,652.34375,62.984325518204336,54.60567004879758,26.47814910025707,91.56552841551772,391,255.99609375,1.527367055771725,1.0,0.20785608254220042,0.21586168993658214,-0.22776087940728576,1.064442007017541,1.2057794899200982,2.5953986448980277,3898.4552416497218,2749.7969253317196,1.417724780232429,6651.9039461706
balanced_interleaved.csv,1317,337152.0,337408.0,2,654.1766826923077,652.34375,60.583105494733786,40.48172933441957,20.308483290488432,91.71834091222267,392,255.99609375,1.5312733653772794,0.9974424552429667,0.20884568563840564,0.21256863771514548,-0.21390230550736214,1.0612958572071187,1.2697806893742445,2.803540309067456,4371.922980414899,1987.6347328518318,2.1995605672185663,6362.969881149959
balanced_interleaved.csv,1318,337408.0,337664.0,2,689.0836148648649,687.5,77.28931141157831,53.65930572206639,25.203252032520325,87.07216178948981,371,255.99609375,1.4492408636606393,1.0,0.21332539723124405,0.2093016064019871,-0.21241027785748534,1.0592398145026796,1.257882980992678,2.8197164709969735,5905.284450362679,2069.6422741184783,2.853287509735427,7977.2849639375445
balanced_interleaved.csv,1319,337664.0,337920.0,2,727.7421652421652,726.5625,75.75535404260057,58.39923068919047,39.14285714285714,82.44678248103743,352,255.99609375,1.375020981155108,1.0,0.2187870905147969,0.20837014534473172,-0.21305158918103728,1.0508129075661892,1.207816358330507,2.6631980432630353,5584.357200640924,3108.305366982346,1.7965922074324432,8694.810815572813
balanced_interleaved.csv,1320,337920.0,338176.0,1,741.0860283430233,742.1875,91.18272548527605,74.7535802022359,39.35860058309038,80.96226039256547,346,255.99609375,1.3515831235217823,0.9971014492753624,0.22018676663804337,0.20794873838323455,-0.208641296840206,1.0590910002359273,1.2320218558157237,2.768968266100898,5691.08868935418,4048.580660605475,1.4056997171208796,9778.86662460865
balanced_interleaved.csv,1321,338176.0,338432.0,1,763.7186564371258,769.53125,90.16460552066489,74.94709642524569,39.63963963963964,78.56296228235402,335,255.99609375,1.3086137178606851,1.0,0.2284356423114865,0.20445186577067545,-0.19182381672161786,1.0597689060440592,1.2292649540236298,2.771866924047509,6667.756950251985,4103.268231993758,1.624986857613292,10791.861396405844
balanced_interleaved.csv,1322,338432.0,338688.0,0,672.2245065789474,667.96875,69.78111496659507,64.15361204585969,27.70448548812665,89.25589503624185,381,255.99609375,1.4883039597161822,1.0,0.22976304766256808,0.2096663739706735,-0.19848466973257992,1.0686494189284517,1.204046128162735,2.6308202513127252,4543.310592969445,3503.60339898249,1.2967536777390114,8067.5016751649855
balanced_interleaved.csv,1323,338688.0,338944.0,3,630.7098765432099,628.90625,50.326505692188036,34.13642616690847,10.14851485148515,95.1309028627355,406,255.99609375,1.5859616998550392,1.0,0.18441317372435367,0.219830798377587,-0.24391141708225514,1.0640199041920102,1.2882627676778988,2.818313979940937,3012.715394480418,1232.8628880241474,2.4436743321138965,4273.512787953421
balanced_interleaved.csv,1324,338944.0,339200.0,0,740.4211956521739,738.28125,102.24967835753974,87.63361769251206,37.5,81.03495733553537,346,255.99609375,1.3515831235217823,1.0,0.2315581571857382,0.2052212663552506,-0.19381046269826158,1.052683855127698,1.2033792806163666,2.671745745408212,6982.599806163219,4575.231304331832,1.526174162943869,11587.141556717865
balanced_interleaved.csv,1325,339200.0,339456.0,2,661.6781655844156,648.4375,83.31447032782992,52.995576469989985,28.385416666666668,90.67852487924557,386,255.99609375,1.5078355077439536,1.0,0.21675760267391833,0.21393563748074437,-0.21497537423845958,1.0673767639296516,1.2006260126558628,2.570243125197557,4696.546374263759,3413.421487315791,1.3759057859441137,8127.709929112111
balanced_interleaved.csv,1326,339456.0,339712.0,2,668.7152323298429,660.15625,75.99759123851199,62.95108960352602,28.608923884514436,89.72429084792415,384,255.99609375,1.500022888532845,0.9973890339425587,0.21541596090368373,0.21287876262870947,-0.2161042326518266,1.0591916605559777,1.2054770488670263,2.605622312887834,5315.416917730479,3212.8868193978637,1.654405279899233,8557.916616623907
balanced_interleaved.csv,1327,339712.0,339968.0,0,674.9855324074074,675.78125,78.80006000641347,69.31095982391028,32.09549071618037,88.8907941271032,379,255.99609375,1.4804913405050737,1.0,0.22247956273096656,0.21165728071840306,-0.2126505045287743,1.0600876148451945,1.1839922291276255,2.55505062375118,4606.65353727859,4058.5535056239314,1.1350481226612283,8684.492439099828
balanced_interleaved.csv,1328,339968.0,340224.0,1,654.2768429487179,644.53125,78.96387712552027,63.44185095631665,23.39331619537275,91.70430016992484,391,255.99609375,1.527367055771725,1.0,0.21172101736746513,0.2131314024006239,-0.21755396487923667,1.054725064059057,1.2258583189793344,2.6474806783500675,5156.4161450924275,3011.164377452762,1.7124326336028195,8200.469262473147
balanced_interleaved.csv,1329,340224.0,340480.0,2,663.9407467532468,660.15625,56.44301253793865,38.393005421501066,19.010416666666664,90.36951007060118,386,255.99609375,1.5078355077439536,1.0,0.19091962960801345,0.21663366148135396,-0.2410212823127257,1.0606213877700512,1.2597230744837813,2.768889974156278,3977.7960697219432,1764.4940885822919,2.2543549992383145,5746.751613201394
balanced_interleaved.csv,1330,340480.0,340736.0,1,663.5538736979166,662.109375,59.26188691277719,41.60404396420994,24.281984334203656,90.42219837498084,385,255.99609375,1.5039291981383993,1.0,0.2009692259915235,0.21475161100781995,-0.23259034649035543,1.0574870922097142,1.238259574834508,2.706434801351036,3934.5230680138093,2303.847770129275,1.7078051419139697,6256.316260485339
balanced_interleaved.csv,1331,340736.0,340992.0,3,732.8820941091954,730.46875,75.80597976694963,65.98008863014061,26.801152737752158,81.8685576878896,349,255.99609375,1.3633020523384451,1.0,0.19416169686881588,0.20743209732908732,-0.22125566677826805,1.0393895063130318,1.312196266339145,2.9841494783956932,6934.460436916563,2370.100494036755,2.92580861206682,9326.7401096848
balanced_interleaved.csv,1332,340992.0,341248.0,3,737.0992435158502,738.28125,73.52541956631704,49.979427272777066,34.39306358381503,81.40016494089618,349,255.99609375,1.3633020523384451,0.9971264367816092,0.20527824843452014,0.2079275012149703,-0.2174321536734562,1.0454929221053335,1.2464418481917756,2.7884664876355325,7654.549370311861,2076.6180358599345,3.6860651492618315,9738.701888609412
balanced_interleaved.csv,1333,341248.0,341504.0,3,680.9791666666666,679.6875,82.32540656280318,45.952017718518896,25.13368983957219,88.10842230856304,376,255.99609375,1.4687724116884109,1.0,0.20044446615558828,0.21220928953997348,-0.22844242575305118,1.0528771202707075,1.2524959476862358,2.784031231536881,5130.714074633566,2062.100048308421,2.488101427882894,7195.878191101374
balanced_interleaved.csv,1334,341504.0,341760.0,3,663.2609577922078,660.15625,70.36639080000768,60.71923446789215,23.958333333333336,90.46213152621192,386,255.99609375,1.5078355077439536,1.0,0.2039505199851453,0.21390997019046998,-0.22519282032711962,1.052955449370303,1.2303798347120183,2.6522760367016556,4511.77723171203,2832.2299380561344,1.5930123367061897,7387.133057887643
balanced_interleaved.csv,1335,341760.0,342016.0,0,698.929794520548,699.21875,76.44161072696512,69.15136774740404,35.714285714285715,85.8455319409567,366,255.99609375,1.429709315632868,1.0,0.23784430198553178,0.20893878998494916,-0.19257874320886284,1.066043037241345,1.1773929357919801,2.5709035182275546,4825.327306846061,4063.7778373334886,1.1873993854969875,8914.397089753298
balanced_interleaved.csv,1336,342016.0,342272.0,2,682.6746323529412,683.59375,65.10359580914631,59.24535748693755,19.839142091152816,87.88959946146078,375,255.99609375,1.4648661020828564,1.0,0.19742275471265178,0.21341520647960038,-0.23466259632297676,1.0521559799419593,1.2653345077655875,2.797049751313458,4426.452150581165,2236.9602996889,1.9787799323916317,6689.599405828178
balanced_interleaved.csv,1337,342272.0,342528.0,2,640.5268530150754,638.671875,59.56916280703136,37.194595281779556,18.89168765743073,93.67288774478257,399,255.99609375,1.5586175326161593,1.0,0.20853571464965437,0.21378386862573123,-0.21887411296242978,1.0647043924465642,1.2624595875928848,2.7721373775848903,4027.935455463382,1730.043213104591,2.3282282343891203,5759.25956023716
balanced_interleaved.csv,1338,342528.0,342784.0,1,649.2923027989822,644.53125,73.69325407215953,60.778838389444275,18.367346938775512,92.4083032269916,394,255.99609375,1.539085984588388,1.0,0.2101363251887026,0.21190079576842083,-0.2126455118741065,1.058059322390303,1.2854507226108087,2.829900643024727,5222.436776557846,2355.44014729445,2.2171808451836656,7625.796846030444
balanced_interleaved.csv,1339,342784.0,343040.0,1,699.711044520548,691.40625,92.78370585970545,67.39004418014318,34.34065934065934,85.7496826295101,367,255.99609375,1.4336156252384222,0.9972677595628415,0.21781271983372655,0.20932774327554943,-0.21114442091792004,1.0523195930211713,1.2090115813090518,2.6534885421532675,6380.59788463165,3462.588831439865,1.8427246766051562,9881.261502465037
balanced_interleaved.csv,1340,343040.0,343296.0,1,695.9085490463216,691.40625,91.83727634527136,62.44027040452936,38.25136612021858,86.21822519959622,368,255.99609375,1.4375219348439765,1.0,0.22071766236068005,0.20985910534659422,-0.21447558864856156,1.0532718745381688,1.1748751254325762,2.5373561501646487,5627.746411987988,3934.7280212061505,1.4302758365145807,9569.505108937044
balanced_interleaved.csv,1341,343296.0,343552.0,0,641.6974968513854,632.8125,76.63637415898087,51.91660695852092,21.71717171717172,93.50200101200608,398,255.99609375,1.554711223010605,1.0,0.20750551106594703,0.21596655965588452,-0.22730222402489114,1.0599154179349137,1.213596406779245,2.609839270456874,4313.35371754601,2827.262596989261,1.525628967800614,7143.840360501665
balanced_interleaved.csv,1342,343552.0,343808.0,3,612.1224581339712,601.5625,69.16689277138826,51.23641645856283,10.79136690647482,98.01960245488688,419,255.99609375,1.636743724727245,1.0,0.1827244756922591,0.22099800231846536,-0.2488055249456075,1.06014450578376,1.27582917585739,2.7463123973624537,3810.1924688559116,1763.875619798251,2.160125366034434,5603.009856383291
balanced_interleaved.csv,1343,343808.0,344064.0,0,699.2080479452055,699.21875,67.19911556633586,53.820968558869964,34.065934065934066,85.81136927174212,366,255.99609375,1.429709315632868,1.0,0.23044902475696138,0.20791449468875192,-0.1941414799194011,1.0515874740920255,1.1739197575528926,2.5176297237954968,4287.258380358353,3541.4797315287688,1.2105839099374571,7828.950951514927
balanced_interleaved.csv,1344,344064.0,344320.0,2,683.5415274064171,683.59375,67.99446093837363,61.97911239728101,24.664879356568363,87.77813431125372,375,255.99609375,1.4648661020828564,1.0,0.2049707351959887,0.21284087935210205,-0.22382596948137526,1.05873316697052,1.260283561840382,2.7855999460514003,4970.32772174864,2508.2222049748248,1.9816137947788115,7482.2683642942475
balanced_interleaved.csv,1345,344320.0,344576.0,0,651.9441336317135,648.4375,69.10292954895822,62.205397924533194,20.76923076923077,92.03242564016122,392,255.99609375,1.5312733653772794,1.0,0.21193673315356465,0.21244566866853443,-0.21641462997075994,1.0621470294763284,1.2560702258285095,2.764566231937409,4653.607345610214,2576.144932961121,1.80642295628188,7289.717223502366
balanced_interleaved.csv,1346,344576.0,344832.0,1,726.7850783475783,718.75,100.66327111235003,63.67204617636938,40.85714285714286,82.55535479129024,352,255.99609375,1.375020981155108,1.0,0.22221455279455243,0.20885074508683846,-0.21232200458340608,1.0611812470279491,1.1925046154280823,2.6585533221475384,6437.295833463759,4295.305035501294,1.4986818817892125,10749.134591363882
balanced_interleaved.csv,1347,344832.0,345088.0,1,756.6765578635014,753.90625,90.81343717067547,94.33695805669004,43.154761904761905,79.29411764705883,338,255.99609375,1.320332646677348,1.0,0.22097097264557708,0.20751673862338021,-0.20658979723485663,1.054084385013053,1.2259340154345937,2.7306340790655357,6883.751521466821,5094.105982416948,1.3513169033441974,12013.950901348659
balanced_interleaved.csv,1348,345088.0,345344.0,2,722.4134887005649,730.46875,85.94369484183905,69.5195863470625,33.711048158640224,83.05492759821593,355,255.99609375,1.3867399099717708,1.0,0.21438700518896253,0.20760924575532713,-0.20687791882884238,1.0538098911855263,1.2598110447946491,2.8405724500463663,5402.483602876387,3533.0566012347736,1.5291245549217254,8969.167874226456
balanced_interleaved.csv,1349,345344.0,345600.0,1,652.1938938618925,652.34375,58.767911754651344,54.45556644133191,17.17948717948718,91.99718145890138,392,255.99609375,1.5312733653772794,1.0,0.20793390207974044,0.21460153261952333,-0.2195844014669492,1.066140615250948,1.2615631889503462,2.7686599993619874,3286.5967949257188,2200.2640486819078,1.4937283536012829,5500.191672820237
