source_file,window_id,label,mean_rr_ms,median_rr_ms,sdnn_ms,rmssd_ms,pnn50,heart_rate_bpm,n_peaks,duration_sec,peak_rate_per_sec,rr_valid_ratio,voltage_mean,voltage_std,voltage_min,voltage_max,voltage_skew,voltage_kurtosis,lf_power,hf_power,lf_hf_ratio,total_power
day_custom_segments_001.csv,0,0,711.8043537381329,707.03125,85.07810935505584,63.92700826782174,36.40680648990898,84.29282524741836,2529,1799.99609375,1.4050030490517558,1.0,0.2362516344163321,0.20714145254397276,-0.1926547545198523,1.0536389521831093,1.1625218967094868,2.504950469068548,5003.241285620117,4177.197203689773,1.1977507983584514,9182.16096913975
day_custom_segments_001.csv,1,0,712.4699995051465,703.125,95.2054225197623,69.28302142056701,36.07920792079208,84.21407222995163,2527,1799.99609375,1.403891935529374,1.0,0.2406319703485809,0.20592071134766285,-0.187057943565568,1.0548462235309748,1.1558485756864,2.493953071988146,5309.696358072205,4401.932969553354,1.2062192665807352,9712.397102248357
day_custom_segments_001.csv,2,0,688.6874282159265,679.6875,86.20483519524566,62.72545383169244,31.750287246265795,87.12225247879506,2613,1799.99609375,1.4516698169917903,1.0,0.22814492155123797,0.2104474668011283,-0.20390495815994814,1.0611785172013957,1.1761872034323233,2.535931695132596,4683.645820835315,3771.4106981490395,1.2418816712626892,8456.790405744869
day_custom_segments_001.csv,3,0,687.3880944423224,679.6875,82.48015529016368,62.489783880967245,31.677493312953764,87.2869351173124,2619,1799.99609375,1.4550031575589357,1.0,0.2308239076812466,0.20906846907637183,-0.19939075154349467,1.0581218214544241,1.1808520810252128,2.550214275996719,4632.446901318708,3743.3185186745804,1.2375241054717798,8376.87113234036
day_custom_segments_001.csv,4,0,762.4321371822034,761.71875,88.71895614114396,81.62078396896663,44.46799491309877,78.69552852500158,2361,1799.99609375,1.3116695131716867,1.0,0.24151163633069203,0.20422727069990873,-0.1852787368951841,1.053725160741824,1.1543443817711443,2.5165401387352087,6135.009650391927,5511.043812818162,1.1132209902092376,11647.587577011442
day_custom_segments_001.csv,5,0,693.1080869607088,687.5,82.87118077767099,60.10989044225592,33.02504816955684,86.56658482099245,2597,1799.99609375,1.4427809088127361,1.0,0.2352537243929037,0.2082771518293539,-0.1936384613287546,1.0618534731235931,1.176212551092139,2.5522959944498367,4805.738337016595,3826.2891653020442,1.2559788686637943,8634.017030877203
day_custom_segments_001.csv,6,0,716.1593103105096,710.9375,88.35922964069698,66.82327452701114,37.15651135005974,83.78024154148807,2513,1799.99609375,1.3961141408727016,1.0,0.23885843777949503,0.20582134187582285,-0.18680882771925883,1.057921930565123,1.173744163924584,2.55785334998706,5130.423612414911,4287.850851262696,1.1965023482344523,9419.049629439989
day_custom_segments_001.csv,7,0,754.1387259010897,750.0,89.19849315569628,71.65798784716267,42.683438155136265,79.56095866620353,2387,1799.99609375,1.3261139889626496,1.0,0.24249331918651942,0.20443010588833746,-0.18505161254795555,1.0539800110563804,1.150646993235528,2.498898060649775,5671.6997472619005,4990.852389106242,1.1364190533147753,10663.652400465844
day_custom_segments_001.csv,8,0,734.4499362244898,730.46875,88.91546500508144,66.20205256131666,40.13883217639853,81.69379155839505,2451,1799.99609375,1.3616696216788664,1.0,0.2336293168641959,0.20596974895310396,-0.19412503196954034,1.0530464574052587,1.1651704955441071,2.5325761761853705,5225.381867905102,4497.104528042521,1.1619436095650597,9723.738947465052
day_custom_segments_001.csv,9,0,684.5034246575342,679.6875,79.33250462760755,60.930507063157975,31.252379139703084,87.65478424015011,2629,1799.99609375,1.4605587251708445,1.0,0.2282245851632742,0.2097966120206386,-0.20235743910156795,1.0584546978421736,1.1796844162004685,2.544473315561325,4559.696858356564,3608.3904493530345,1.2636373259368574,8169.477033639978
day_custom_segments_001.csv,10,0,678.1326564266868,667.96875,88.8568251265753,55.86645704718041,28.092006033182503,88.47826370161931,2654,1799.99609375,1.4744476442006167,1.0,0.21923029201617297,0.21168264804702888,-0.21438618545332994,1.0545627885291569,1.1737092333042558,2.517658583606672,4433.22728695998,3293.923038690529,1.3458806520028384,7727.820173572387
day_custom_segments_001.csv,11,0,705.8466555511966,699.21875,85.07769913953992,58.613778628169975,30.02354788069074,85.00429877810488,2550,1799.99609375,1.4166697410367644,1.0,0.21291199166125693,0.2118899963645988,-0.22061298793705467,1.0534960268020286,1.1850684470671686,2.5664809665101154,4777.755715319513,3326.565436661786,1.4362428174910633,8105.144158473915
day_custom_segments_001.csv,12,0,708.1631397637796,699.21875,96.08885587930055,69.5538156060277,35.131941709334384,84.72623980402886,2541,1799.99609375,1.4116697301860464,1.0,0.22644682726425558,0.20981648319708765,-0.20402702926356014,1.0596146899751226,1.1803998152579476,2.5623150166307673,4999.518135642953,4266.335744903228,1.1718529517081773,9266.572795013419
day_custom_segments_001.csv,13,0,724.8901907974225,718.75,89.33003051730685,73.31554901861034,38.43674456083803,82.77115728934946,2484,1799.99609375,1.3800029947981658,1.0,0.24230108961496072,0.20534377758473568,-0.18324674588151735,1.0582883586653775,1.16387211940454,2.5238894647754377,5557.110722832738,4671.476504881723,1.1895833612832094,10229.878709301338
day_custom_segments_001.csv,14,0,684.1152767211868,675.78125,79.54980402478787,58.12859385178693,30.70776255707763,87.70451712110089,2631,1799.99609375,1.4616698386932263,0.9996197718631179,0.230913309309174,0.20874446619252626,-0.1972985181177017,1.0571834301586178,1.1808744648351175,2.556806836032347,4721.594688188891,3336.5893382338027,1.415096138468221,8058.413977820732
day_custom_segments_001.csv,15,0,655.9623359460445,644.53125,85.8457951113535,54.9190667054844,21.699489423778264,91.46866628167999,2744,1799.99609375,1.5244477527077966,1.0,0.20886486221035444,0.21491085057274764,-0.22311390109141832,1.0588472546056122,1.2115647378841394,2.6060111001024597,4068.3833638232773,2892.1960656289702,1.4066761974307989,6961.779297232755
day_custom_segments_001.csv,16,0,669.4103422619048,664.0625,72.25077764085722,50.568331184628434,26.051358392259026,89.6311219173324,2689,1799.99609375,1.4938921308422979,1.0,0.2144766397722789,0.21254872280410902,-0.21520751772810626,1.0592582244743467,1.216176578116013,2.6333344607258042,4210.459021914006,2724.6490971038497,1.545321570542603,6936.2136595176125
day_custom_segments_001.csv,17,1,677.4417003953313,675.78125,67.37337229363973,51.9558379484728,24.55743879472693,88.56850702427397,2657,1799.99609375,1.4761143144841895,1.0,0.2120505013202601,0.2120721733089597,-0.21637001590766908,1.057504983890013,1.2322874952999858,2.6872083316078412,4344.158592272562,2533.2623706971945,1.7148474798830173,6877.608555821985
day_custom_segments_001.csv,18,2,644.2346436246419,636.71875,71.44505000900702,48.92752054235699,16.051594410605517,93.13376825316851,2793,1799.99609375,1.5516700340061502,1.0,0.1995517942327648,0.2150627870550458,-0.2280921953923527,1.0566511987679075,1.25896628542434,2.7489083262992833,3850.603346543886,1888.742929977977,2.0387122489923946,5739.789861825987
day_custom_segments_001.csv,19,2,658.0238802559415,652.34375,68.70176832084017,43.605995837823706,18.06876371616679,91.18210113691119,2736,1799.99609375,1.5200032986182697,1.0,0.20391262516883524,0.21305497486953617,-0.2202099272705904,1.055037059576573,1.2605449413504544,2.758200659864207,4002.540427820906,1826.0012797672055,2.1919702204870224,5829.26706953741
day_custom_segments_001.csv,20,2,681.9308543404094,679.6875,77.45803635815867,56.15212074596903,22.22222222222222,87.9854601358878,2639,1799.99609375,1.4661142927827535,1.0,0.20941648172249452,0.21144534000686027,-0.21665706675917362,1.0581135196451237,1.2528744884983047,2.7647122093076475,4764.278976655189,2345.9364655496584,2.0308644529036326,7111.151283413437
day_custom_segments_001.csv,21,2,691.5158411798617,683.59375,83.14201637573764,59.18761628912875,23.60630526720492,86.76590820772554,2603,1799.99609375,1.4461142493798815,1.0,0.2053851156729795,0.21157067305836547,-0.21981186610332581,1.0536065670365884,1.2505707662253616,2.7589403896633784,4894.239261864064,2498.4642214087667,1.9588990788527012,7393.7053661638465
day_custom_segments_001.csv,22,3,622.998182132964,613.28125,65.302482890184,35.10374258856971,8.728784205057153,96.3084672166739,2889,1799.99609375,1.6050034830804754,1.0,0.1790463579086017,0.220206094940725,-0.25128647490169564,1.0567937409708459,1.2901511220609996,2.8212484362275423,3268.961094349109,1077.1500141017666,3.0348243527389167,4346.865003805949
day_custom_segments_001.csv,23,1,684.5777444824962,675.78125,76.05185084642166,47.7565947557457,27.027027027027028,87.64526817236333,2629,1799.99609375,1.4605587251708445,1.0,0.22320735677142456,0.21085081147875132,-0.20439630602186737,1.0611700962603172,1.211545961867273,2.6318194143363836,4141.179996305897,2708.1595253916635,1.5291492090765904,6849.486341207619
day_custom_segments_001.csv,24,0,698.6667798913044,695.3125,78.1227459177778,65.74949183512881,34.40776699029126,85.87784867821331,2577,1799.99609375,1.4316697735889183,1.0,0.23860901076741836,0.2070891036594751,-0.1880256815540932,1.0590007045523417,1.1758042940827471,2.5414576981401864,4875.720279170323,3914.7077269714123,1.245487688794175,8790.764905451459
day_custom_segments_001.csv,25,0,730.0408848884381,722.65625,95.54726140085008,71.27325089285308,39.44805194805195,82.18717778959594,2466,1799.99609375,1.3700029730967298,1.0,0.2273808788580446,0.20786352153410512,-0.20343616220279018,1.0549156975755798,1.1737952425084432,2.5635668690067184,5402.653701596509,4747.833533374842,1.1379197824899747,10152.403371521821
day_custom_segments_001.csv,26,0,725.9808187046004,718.75,92.76763524069416,70.05651484102853,39.28138877674606,82.64681167067285,2479,1799.99609375,1.3772252109922114,1.0,0.2319788995988554,0.20729106622606444,-0.1972166019417346,1.058493154892162,1.1713745083842013,2.558897242580461,5492.230141836211,4623.023781217234,1.1880168482261446,10118.035666378446
day_custom_segments_001.csv,27,2,641.9057148590796,632.8125,71.095634831539,51.51841512584694,15.881513204853675,93.47167132352462,2804,1799.99609375,1.55778115837925,1.0,0.20056726739057798,0.2156857256870046,-0.22765227991523687,1.0612702663380984,1.26308730678141,2.764212358031061,3748.6444377306584,1972.8830890653796,1.9000844289797811,5721.817246229821
day_custom_segments_001.csv,28,3,689.3595486776543,679.6875,85.08493170436063,57.35480592806323,23.197852760736197,87.03730892695026,2611,1799.99609375,1.4505587034694085,0.9996168582375479,0.2012831113131605,0.214336534312067,-0.23130737988116667,1.0531244785169016,1.2110465241304105,2.6228260227635807,5027.7975554818895,2618.4790864137562,1.920121333628031,7647.368680437472
day_custom_segments_001.csv,29,3,662.5954988954345,656.25,75.85017325373514,47.45021437263458,17.23756906077348,90.55298458866942,2717,1799.99609375,1.5094477201556427,1.0,0.19963612325312796,0.2155489651523523,-0.23288454595588892,1.0557733151485986,1.2340130703721839,2.681368854661757,4121.220089145862,1921.4305192753604,2.144870734488032,6043.43401922368
day_custom_segments_001.csv,30,3,662.6702871870398,652.34375,77.02439667875494,43.467979244814764,17.716390423572744,90.54276487134076,2717,1799.99609375,1.5094477201556427,1.0,0.1939538034153865,0.215597219117153,-0.23806862686837613,1.0540948709436038,1.240135708994227,2.7064884900298023,4267.468166707205,1733.9437821172703,2.461134098301802,6001.606289106727
day_custom_segments_001.csv,31,3,628.0895506108202,621.09375,63.180712138482434,43.04530897038878,12.046089385474861,95.52777934555623,2866,1799.99609375,1.592225677573085,1.0,0.19196951821733263,0.21824848450952752,-0.2389204398162801,1.057987365022666,1.25440411122858,2.7138598798810203,3434.6895830178396,1537.3417175105333,2.2341744479423498,4972.287602218379
day_custom_segments_001.csv,32,3,644.9668339906776,632.8125,76.36889855502217,41.103000227902285,14.060258249641318,93.02803933150342,2790,1799.99609375,1.5500033637225776,1.0,0.1875103372458994,0.21768348985823877,-0.2425721690505891,1.0584323951077659,1.2813759588726985,2.8182495801405794,3939.166440960724,1508.1196853048052,2.61197203334998,5447.932894639126
day_custom_segments_001.csv,33,3,634.139826401128,625.0,70.53415510858933,40.637860575584114,10.930888575458392,94.61635668037468,2838,1799.99609375,1.5766700882597402,1.0,0.18492291241570336,0.2181297391462298,-0.24307499854280384,1.0554626668801932,1.283481598819137,2.809593811905137,3719.9122262186656,1314.5638251281437,2.8297692018537393,5035.316293699732
day_custom_segments_001.csv,34,3,654.3522727272727,648.4375,73.56891246954024,45.9956370985555,13.786831575118224,91.69372905197714,2751,1799.99609375,1.5283366500361328,1.0,0.18773858317804346,0.21700683987828678,-0.24109607526658483,1.0565390962878898,1.2860152539317737,2.83299116257338,4128.360657421559,1505.5398522723679,2.742113170362425,5634.61161025229
day_custom_segments_001.csv,35,2,708.0151146202282,699.21875,80.30630104759906,62.67277423385152,27.48031496062992,84.74395356966829,2542,1799.99609375,1.4122252869472374,1.0,0.21139925647399846,0.21059649794887803,-0.21758182046959024,1.051617681716437,1.2151635359000186,2.662264180331531,5162.780283479715,3009.2200872578396,1.7156539348321023,8173.841652812318
day_custom_segments_001.csv,36,2,683.9723489167617,679.6875,77.4866343365828,52.45708390563964,23.840304182509506,87.7228444907528,2632,1799.99609375,1.4622253954544173,1.0,0.20250931205651185,0.21359022653055365,-0.22744675973316839,1.0552479903871932,1.2431249245760194,2.7270764865776704,4537.036031144313,2447.3275776034825,1.853873618172175,6986.764736063313
day_custom_segments_001.csv,37,1,678.6358173076923,667.96875,84.06400973672372,55.62440927214207,25.273481705016977,88.41266327208325,2654,1799.99609375,1.4744476442006167,0.9996230682246513,0.21085619318154825,0.21353081905693966,-0.22071393829003183,1.0611061093303802,1.2261565081856194,2.6745919500971547,4425.770744931637,2714.430003573796,1.6304604425624178,7141.185610585353
day_custom_segments_001.csv,38,1,673.8076427902622,660.15625,84.32473557294433,54.709553540499975,23.454477332334207,89.04618497875417,2671,1799.99609375,1.483892109140862,1.0,0.20827163153904651,0.21335221074053737,-0.2221020695995297,1.057344373529434,1.22981191032288,2.691945106425606,4264.386472935546,2571.8695855927444,1.6580881460024435,6838.439899295355
day_custom_segments_001.csv,39,1,692.9645384097036,691.40625,68.83765200236154,52.26526836468364,28.274268104776578,86.58451720732356,2598,1799.99609375,1.443336465573927,1.0,0.21694817169144331,0.21158344931988385,-0.21245997090067284,1.0600626187971705,1.214739435815374,2.651359581860015,4289.785424104561,2733.626501880288,1.5692653773856413,7023.90849280375
day_custom_segments_001.csv,40,1,665.1614487060998,660.15625,72.18760887826569,54.981309855707224,22.559171597633135,90.20366426333717,2706,1799.99609375,1.5033365957825429,1.0,0.20648497109448388,0.2137263881822409,-0.22391316742673156,1.0567323638048154,1.2337553993013242,2.6905339584607835,4225.40725261437,2570.760436184631,1.6436409994256278,6796.534395282754
day_custom_segments_001.csv,41,1,662.9887850036846,656.25,74.19305397283804,46.30550868784162,21.194249907851088,90.4992683996405,2715,1799.99609375,1.5083366066332609,1.0,0.21029085714940104,0.2136476037186104,-0.2196337256637101,1.0603141469088118,1.23560616527407,2.700174783432464,3724.333258835615,2219.2463303490067,1.67819732667978,5944.088550864477
day_custom_segments_001.csv,42,0,714.1059027777778,707.03125,84.07147058128815,66.18481275478287,33.703850734418424,84.02115115784355,2521,1799.99609375,1.4005585949622286,1.0,0.22542459468445106,0.2100638242022962,-0.20793058327584027,1.0580139902102939,1.165106986395337,2.5214779137247922,5158.416490899164,3871.7309625394914,1.3323282378886492,9032.23975811699
day_custom_segments_001.csv,43,0,689.4995210727969,679.6875,80.93209574002009,57.22650616255499,29.321579149099268,87.01963984927154,2611,1799.99609375,1.4505587034694085,1.0,0.21787939696082806,0.21146623932941114,-0.2139134230612331,1.053544044623481,1.1865537287118437,2.5578940460631316,4600.495696569323,3403.8273219004673,1.3515655353517513,8006.2182741410215
day_custom_segments_001.csv,44,1,696.2331293537152,687.5,83.75890686227807,50.50941501861698,27.255129694154085,86.17803070603026,2585,1799.99609375,1.4361142276784455,1.0,0.21613725787083313,0.2107638541161835,-0.21084500744190915,1.0575140206550453,1.228732977291584,2.6964531377030085,4435.664074603055,2622.379897401285,1.6914650996976797,7058.893920708211
day_custom_segments_001.csv,45,1,690.969722062212,683.59375,80.1728576655077,59.132168553032855,26.08528620822128,86.83448504940112,2605,1799.99609375,1.4472253629022633,1.0,0.21114046939012784,0.21228546466302925,-0.21723372589697432,1.0588970285188009,1.2396230264393828,2.7206013438837195,4525.990997075585,2774.95467144683,1.6310143886839725,7301.378919123155
day_custom_segments_001.csv,46,0,737.2262423155738,734.375,80.34966989321974,70.73502593695873,40.05740057400574,81.38614248394683,2441,1799.99609375,1.3561140540669576,1.0,0.23296251711048058,0.20668276641541908,-0.19571942445587293,1.0534462930082242,1.166644792769671,2.527082492505898,5520.0176044333675,4640.724856694074,1.1894731480300853,10161.134142350693
day_custom_segments_001.csv,47,0,734.0101830138663,730.46875,89.46031751043591,71.13956656647059,39.942880456956345,81.74273516702225,2453,1799.99609375,1.3627807352012482,1.0,0.24004500635264622,0.20455260645824885,-0.1864648044498484,1.0501887007711712,1.1538906952078254,2.4962803375085625,5677.233077727041,4735.347438645628,1.1989052865254601,10412.999550946732
day_custom_segments_002.csv,0,0,693.8773973592906,687.5,86.12973114994196,62.155436164091725,32.819128422676435,86.47060738445111,2595,1799.99609375,1.4416697952903543,1.0,0.2313038289949187,0.2088246378410286,-0.197766817850725,1.0569610013028272,1.1723815644280229,2.5246739212461944,4673.156085027333,3840.578976102447,1.216784269795127,8515.360494181266
day_custom_segments_002.csv,1,0,744.8482789855072,738.28125,100.98906190145523,72.9844295457504,42.62634631317316,80.55331762559854,2416,1799.99609375,1.3422251350371854,1.0,0.2324801660553357,0.20612600447215707,-0.1978672562482855,1.0505984322649125,1.1435456813644274,2.491514634137372,5957.916622777029,4995.043613435306,1.1927656861197082,10954.78239213393
day_custom_segments_002.csv,2,0,709.5250271096214,703.125,85.06650446923588,64.85351465771501,35.226824457593686,84.56361327298187,2537,1799.99609375,1.4094475031412828,1.0,0.23737105301650166,0.20680308637896722,-0.19061097185193762,1.0533403709577784,1.157044439200375,2.48920049789843,5024.381615428022,4103.649451512578,1.224369107253074,9128.41384348371
day_custom_segments_002.csv,3,0,690.155111238972,683.59375,79.91102145540613,60.33731283861842,32.65541059094397,86.93697840227179,2608,1799.99609375,1.448892033185836,1.0,0.2316641617478891,0.20896817225855194,-0.1979671126318357,1.0580304677391639,1.1722605085129603,2.5314436876676463,4614.368438201098,3679.8926142812343,1.253941058033398,8296.297389131916
day_custom_segments_002.csv,4,0,703.9533206181534,699.21875,87.9389346893107,65.94006351617075,35.42074363992172,85.23292417643968,2557,1799.99609375,1.4205586383651005,1.0,0.2299919424906652,0.20818363445226878,-0.1981586416277477,1.05497656932742,1.1782121855002803,2.549419366818943,5139.81188868485,4025.478746562444,1.2768200286919884,9165.674320598495
day_custom_segments_002.csv,5,0,695.826082753287,687.5,86.12211526054023,64.651726160787,33.38491295938105,86.22844341015265,2587,1799.99609375,1.4372253412008273,1.0,0.2361059551976068,0.20703941525952493,-0.1898058530796267,1.053392760942775,1.1714309365988387,2.5165361317200534,4904.1516041200975,3973.038612119919,1.2343579015718045,8877.655118321538
day_custom_segments_002.csv,6,0,681.9152022546419,671.875,87.43141618624912,57.12179466962488,30.477634571645183,87.9874796772674,2640,1799.99609375,1.4666698495439443,1.0,0.22965255980656318,0.20980013934801142,-0.20047497193327543,1.0587785820892426,1.1712808591415138,2.518182697758253,4503.159217139586,3474.576329959247,1.296031167400603,7977.936719056258
day_custom_segments_002.csv,7,0,690.6010076775432,687.5,78.66341558750918,63.09727822820306,32.296466973886325,86.88084629615155,2606,1799.99609375,1.4477809196634541,1.0,0.22933051272768612,0.20958366514715657,-0.20037297763699718,1.0598728796226462,1.1840033118742872,2.5626652294559578,4752.204775039345,3783.22857421594,1.2561241494704616,8539.237323726828
day_custom_segments_002.csv,8,0,713.0648038049941,707.03125,89.466303412673,63.67267413585829,36.47898493259318,84.14382490880666,2524,1799.99609375,1.4022252652458014,1.0,0.24200070757677483,0.20628782218199634,-0.18561450851349126,1.0592582286311993,1.1611663168038993,2.5152435461850504,4922.66551950364,4158.18965234157,1.18384824432709,9082.080330865581
day_custom_segments_002.csv,9,0,716.6140855236957,710.9375,90.97194369738594,67.63859925265623,37.05179282868526,83.72707320726538,2512,1799.99609375,1.3955585841115106,1.0,0.2296898958180235,0.2080143744028648,-0.20029855215897333,1.0542972422863377,1.1708812169217764,2.53975780507163,5090.37367724515,4359.7897209518005,1.1675732095019147,9452.034078370398
day_custom_segments_002.csv,10,0,690.5590211132437,679.6875,93.05564867477682,60.90785435348388,29.953917050691242,86.88612872405108,2606,1799.99609375,1.4477809196634541,1.0,0.22742160442327433,0.21060456236040198,-0.2067901455675349,1.0579434194810307,1.1606350828724574,2.5021251489831555,4621.705811525466,3620.668526771099,1.2764785777413015,8242.91216374355
day_custom_segments_002.csv,11,0,705.2158846003135,699.21875,102.75258655727632,66.80954879854787,31.83065464523716,85.08032974045311,2553,1799.99609375,1.4183364113203372,1.0,0.22659906982247796,0.21046762873517627,-0.2085811206643108,1.0560002387141778,1.1517514412126493,2.485020543956145,5098.0135292187915,4063.6790073164707,1.2545315513454798,9162.663466789243
day_custom_segments_002.csv,12,0,702.8121948242188,699.21875,78.74096910880066,62.58737732834619,34.42751074638531,85.37131319271812,2561,1799.99609375,1.4227808654098641,1.0,0.2305348502030498,0.2085107730395117,-0.19940008618185348,1.0602696369574047,1.1849822457596828,2.5807070347550165,4737.118285817611,3842.2138433938144,1.2329137520449227,8579.87434294571
day_custom_segments_002.csv,13,0,668.2342937407133,664.0625,77.54681416853352,59.826921681084045,28.428093645484946,89.78886681215594,2693,1799.99609375,1.4961143578870615,1.0,0.22342048010142282,0.2111459702557858,-0.2052786504961907,1.0575413746023177,1.188006225970738,2.550511386607037,4439.5193293786,3365.387566733276,1.3191703009968523,7805.434364850161
day_custom_segments_002.csv,14,0,707.1432956777996,699.21875,92.34594288811128,64.84945505847517,34.59119496855346,84.84843222969364,2546,1799.99609375,1.4144475139920007,1.0,0.2347100257498004,0.2071855752764014,-0.19271910428328554,1.0583753227651274,1.178934330875627,2.562815225553592,5329.072909020663,3963.257271758909,1.3446194742375632,9294.216351147366
day_custom_segments_002.csv,15,0,704.4877520555991,695.3125,89.78715849897732,62.10153509918738,35.05679592636115,85.16826562978304,2555,1799.99609375,1.4194475248427187,1.0,0.23516043797418953,0.2074117217339145,-0.19253172249039516,1.0590600587134487,1.1752645873274774,2.5520576649351985,5021.24186267795,3940.5909889093828,1.2742357369262658,8962.90611998882
day_custom_segments_002.csv,16,0,660.8235557494489,652.34375,72.59441613534662,54.15113656377587,20.13965453877251,90.7957948501899,2723,1799.99609375,1.512781060722788,1.0,0.20600488901073055,0.21452616925111853,-0.22353907206157994,1.0599942163489655,1.2403490574417586,2.7062100987293376,3839.5111944468144,2331.247073682698,1.6469773786703328,6172.667028657942
day_custom_segments_002.csv,17,1,670.7345847315436,667.96875,68.11800717003183,48.852465608836674,21.22342409548676,89.45416169946648,2683,1799.99609375,1.4905587902751525,1.0,0.20527357064718138,0.2142518563882232,-0.22384057340794491,1.0590777897194146,1.2458978551515196,2.72207537789475,3876.7198450116425,2180.977286608393,1.7775150015616508,6057.970549031801
day_custom_segments_002.csv,18,2,668.3460252600297,664.0625,73.51142666760472,48.35442076380555,19.43515421776291,89.77385625455935,2693,1799.99609375,1.4961143578870615,1.0,0.19899915957955314,0.2141917314739784,-0.2296960459114498,1.0559168134055326,1.2560131267460308,2.7601417271787585,4272.765018435942,2011.0979785691438,2.1245931645140077,6285.540406384255
day_custom_segments_002.csv,19,2,669.7429960908414,664.0625,68.18284591874767,48.21839099313486,20.446927374301676,89.5866031450993,2687,1799.99609375,1.492781017319916,1.0,0.20047577206512177,0.2135293612463029,-0.22953586838626833,1.0538332062383158,1.248468166669281,2.746032484596919,4340.387818840303,2049.933508420476,2.1173310261095635,6390.880903956546
day_custom_segments_002.csv,20,2,682.5312381449165,675.78125,80.32056212949095,52.657849875610154,22.466793168880457,87.90806434453725,2637,1799.99609375,1.4650031792603717,1.0,0.2019984274834451,0.21266922606485825,-0.22475549723612934,1.0552394417811595,1.257711699124145,2.7739287761083014,4591.916315491219,2230.937632731596,2.0582898634726976,6823.933720332216
day_custom_segments_002.csv,21,2,657.3460906101571,656.25,67.95057855806283,49.397098465134015,18.311403508771928,91.27611901412119,2738,1799.99609375,1.5211144121406512,1.0,0.201683819575609,0.2138685806270157,-0.2265835272789012,1.0542097250515736,1.2535143566686124,2.7462295515386432,4101.849914432571,2006.2446331587757,2.0445412521674005,6109.61385699051
day_custom_segments_002.csv,22,3,656.1445796863603,652.34375,71.32496217022792,46.42319775500942,14.08245165997811,91.44326091770847,2743,1799.99609375,1.5238921959466059,1.0,0.18670416223378677,0.2158282927718089,-0.23989486798309032,1.0502564866680346,1.2792912692493348,2.815895823012499,4254.850246960808,1549.0672913500794,2.746717505895126,5805.064637391703
day_custom_segments_002.csv,23,1,686.6784947519084,683.59375,75.69410379143643,54.24368110389873,27.30049637266132,87.37713567348216,2621,1799.99609375,1.4561142710813175,1.0,0.2168641054327111,0.21120404131380122,-0.20998238464430805,1.0586445600838295,1.2247470814385235,2.674246934932578,4401.360114996559,2760.13622388559,1.5946169891573434,7162.22214004339
day_custom_segments_002.csv,24,0,696.2735735009671,691.40625,84.34673761492424,66.15621429315067,33.43653250773993,86.17302491937339,2586,1799.99609375,1.4366697844396363,1.0,0.2298883808998225,0.20874366716324794,-0.19916090787474833,1.056914428095877,1.1811802647302194,2.552631934964061,4833.989577755881,3952.9636305388226,1.2228773218176479,8787.790086897512
day_custom_segments_002.csv,25,0,690.2295783768227,683.59375,81.79124473358922,66.74704559910658,32.55278310940499,86.92759898974325,2607,1799.99609375,1.448336476424645,1.0,0.23125719394369132,0.20874185692369776,-0.1970743674501409,1.0585932787520234,1.182411095733182,2.5484550260262187,4898.444096445344,3874.092855490964,1.2644106063442726,8772.792502921473
day_custom_segments_002.csv,26,0,703.8124511145874,699.21875,86.7072447481235,65.94038234963148,34.89827856025039,85.2499837207788,2558,1799.99609375,1.4211141951262916,1.0,0.23618920090909098,0.2071863718011776,-0.1921811358044706,1.0581437222254508,1.1728645554078612,2.5472639829645014,4986.02344248149,4063.7302669619594,1.226957281839731,9050.890040993401
day_custom_segments_002.csv,27,2,647.3228342029507,640.625,72.27399346305927,54.007777375637744,17.278617710583152,92.68945390112502,2780,1799.99609375,1.5444477961106686,1.0,0.2029423245701952,0.21544530218325875,-0.2275788523556543,1.0569049427512014,1.229676108773679,2.656989412150947,3963.477797501679,2284.5692748438987,1.7348906164259335,6248.1906720874385
day_custom_segments_002.csv,28,3,679.8927036092215,671.875,92.80621406800611,58.76604119655073,22.306238185255197,88.24921885687112,2648,1799.99609375,1.4711143036334715,0.9996222138269739,0.20207941242535413,0.21471709366265365,-0.22897789970703558,1.0555549737959313,1.22220902788849,2.6486305247983535,4794.447895387699,2748.7124680989655,1.7442522457445622,7543.472579194712
day_custom_segments_002.csv,29,3,674.7936984246062,667.96875,82.20843665672685,51.04367581494518,18.98686679174484,88.91606448026681,2667,1799.99609375,1.4816698820960983,1.0,0.19981546196524722,0.21333981128766144,-0.22582090684941403,1.0518805832369027,1.2567579702256744,2.7525361381046234,4591.327047167331,1966.3671377531805,2.334928691095547,6557.985153862293
day_custom_segments_002.csv,30,3,675.4762575075075,675.78125,65.38508946788251,45.56324134415094,19.226436349981224,88.82621607071532,2665,1799.99609375,1.4805587685737165,1.0,0.198839012486533,0.21398940554944218,-0.23048102151305128,1.0531714651351751,1.245095451516607,2.719944090777846,4443.602925040818,1860.051102401977,2.3889681951762354,6303.840593213449
day_custom_segments_002.csv,31,3,635.9540636042403,628.90625,62.52155164539095,38.365683671208444,11.806291975963237,94.34643700513959,2831,1799.99609375,1.572781190931404,1.0,0.18748563675309954,0.21850102287008513,-0.24134489750132881,1.0583448641846727,1.2785981626805318,2.7889175419310113,3331.925690160805,1369.8430486128545,2.432341204004952,4702.6700922544915
day_custom_segments_002.csv,32,3,707.4045173023987,707.03125,71.89839135921797,52.391118058208704,23.288749016522424,84.81710044601174,2544,1799.99609375,1.4133364004696192,1.0,0.19811258086141328,0.2119059600932254,-0.2264561102747333,1.050474188202652,1.2666279539597656,2.8039041286933037,5383.7038597060655,2002.3624128783936,2.6886760483917582,7387.005203062785
day_custom_segments_002.csv,33,3,666.5011925713227,656.25,77.41110793398052,55.879518503358284,15.381764269829503,90.0223445490375,2700,1799.99609375,1.5000032552153977,1.0,0.18564938804979067,0.21685603413833168,-0.24442967999509238,1.055088903937338,1.2739333628484757,2.815837820358793,4655.096402021986,1874.617158099837,2.483225111809239,6530.2481566899305
day_custom_segments_002.csv,34,3,626.3174926035502,621.09375,58.63980250826939,41.88301497878352,9.331476323119778,95.79805882570027,2874,1799.99609375,1.5966701316626122,1.0,0.1827832222112716,0.2201576615981579,-0.2489117692576869,1.0605752926637664,1.288914129430557,2.8211867323755455,3361.063803511465,1277.2892232917497,2.6314038686160224,4638.671940882927
day_custom_segments_002.csv,35,2,676.5980514291086,675.78125,72.17473896595091,47.547366504460335,22.422874341610232,88.6789429459162,2660,1799.99609375,1.477780984767762,1.0,0.20740576888480172,0.21344771070314547,-0.2213685726522449,1.060102565832075,1.2420218148601228,2.7161620615547464,4155.7842491888105,2183.4877141817656,1.903278054736451,6339.76935065322
day_custom_segments_002.csv,36,2,687.398538961039,683.59375,87.19294654245249,50.34866480504895,23.61482613679786,87.28560885608856,2619,1799.99609375,1.4550031575589357,1.0,0.20614162841865183,0.21294459380065925,-0.22198433531081319,1.0600899999176792,1.249308567217538,2.755680657863532,4508.573755439519,2327.216968309693,1.9373242017542487,6836.69823839269
day_custom_segments_002.csv,37,1,690.8034428982726,683.59375,87.88058924863627,58.57664640924992,27.419354838709676,86.85538645880139,2606,1799.99609375,1.4477809196634541,1.0,0.21665145051171245,0.21063528823071143,-0.21155939287381748,1.0566727293000087,1.217408653987828,2.6622796499795087,4897.814114143659,3019.6505342781634,1.6219804439438101,7917.759997077963
day_custom_segments_002.csv,38,1,689.509997605364,681.640625,80.93302848703513,51.34465008902903,25.29704867765427,87.01831765801394,2611,1799.99609375,1.4505587034694085,1.0,0.21384266302376032,0.21156334875512525,-0.21338160288017646,1.0598745974798247,1.2432888029268632,2.7388491073770287,4294.126453143713,2539.500325195025,1.6909336102620653,6835.482272318156
day_custom_segments_002.csv,39,1,689.5818366858238,683.59375,77.6851383095539,51.8613526574616,26.523572249904177,87.00925228594187,2611,1799.99609375,1.4505587034694085,1.0,0.21119736976808287,0.2122081908342873,-0.21798876912308654,1.058149341642194,1.2319268010119637,2.6996454459328008,4365.781301986537,2619.352012303382,1.6667409655059673,6985.639226997437
day_custom_segments_002.csv,40,1,727.8614229368932,722.65625,76.15261532898381,58.78314443329117,33.38729259409146,82.43327384751657,2473,1799.99609375,1.373891870425066,1.0,0.22129714819146593,0.20758254673670004,-0.2011232417608131,1.0543270270527678,1.2293809600542853,2.7123649577395876,5195.112576060091,3120.2347181621317,1.6649749282708115,8315.712536503404
day_custom_segments_002.csv,41,1,712.2906151029296,703.125,82.48610128044368,60.701816381940596,29.386138613861384,84.2352808359404,2527,1799.99609375,1.403891935529374,1.0,0.21733397772553148,0.20925251386323226,-0.2079346674035697,1.056694917221438,1.2339100866795905,2.7294208852919772,4784.328382494674,3045.668977943349,1.5708628932240005,7831.717346382203
day_custom_segments_002.csv,42,0,696.9146373934934,691.40625,82.80628935932707,64.5315366413401,30.995738086013176,86.09375780139149,2583,1799.99609375,1.4350031141560637,1.0,0.2204152433688111,0.21035193716940362,-0.20893370651566961,1.0556705695167663,1.1915203379992452,2.582941851133532,4823.886036901324,3631.8946684586426,1.3282009742172827,8456.067481258387
day_custom_segments_002.csv,43,0,701.756898400936,695.3125,82.29668367604862,63.173497094238094,31.057354662504878,85.49969389217189,2565,1799.99609375,1.4250030924546278,1.0,0.21734410398402326,0.2102688117070523,-0.21147988837240775,1.0516508511879357,1.1963896606963416,2.5956612335165494,5031.284573708717,3622.6563792769985,1.3888384784407428,8654.738370969846
day_custom_segments_002.csv,44,1,684.3173497527577,679.6875,73.3359305186558,50.42676489037726,25.0,87.67861873102862,2630,1799.99609375,1.4611142819320355,1.0,0.21494091060124873,0.2117392067651522,-0.2105910695939363,1.0599618367855093,1.2394172623844606,2.712459910361965,4275.522818120839,2498.9691357531883,1.7109146155309347,6775.450791631833
day_custom_segments_002.csv,45,1,661.7581141963957,656.25,71.42154914545222,50.614595535887645,20.824135393671817,90.66756978546587,2720,1799.99609375,1.5111143904392155,1.0,0.2065474328364028,0.21474312399495055,-0.22413071176541263,1.060643028276325,1.239949498893874,2.702365903091341,3732.4011417725455,2269.6379728819106,1.6444918468795564,6003.452121807346
day_custom_segments_002.csv,46,0,692.361010873749,683.59375,87.59788466919434,62.56417500283126,32.84559106661533,86.65999248611777,2599,1799.99609375,1.443892022335118,1.0,0.2328283957716129,0.20902944534352058,-0.19677844387845989,1.0601682357708708,1.1736865578939977,2.533817637160934,4747.226517627469,3920.3011022299406,1.2109341588397782,8669.828904684648
day_custom_segments_002.csv,47,0,714.4962519857029,710.9375,81.06883181462734,63.58285051028567,36.39253079062376,83.97524806218382,2519,1799.99609375,1.399447481439847,1.0,0.23751220598773368,0.2065768319637318,-0.1902065331253588,1.0573929643161826,1.1704238675896605,2.5375416730492337,5025.925065084352,4109.932799960105,1.2228728083177272,9137.299381440069
day_custom_segments_003.csv,0,0,720.8040273327994,714.84375,96.56771962529578,68.9580282041581,36.89903846153847,83.24037841744419,2498,1799.99609375,1.3877807894548382,1.0,0.23817375353755987,0.2069098343869106,-0.1916691593173169,1.0553805878683822,1.1433990908074299,2.463020614105329,5365.434556776301,4506.193166372539,1.1906801059519263,9872.530273513354
day_custom_segments_003.csv,1,0,714.6870033770361,707.03125,88.66001820106118,66.64368739317496,36.6852146263911,83.95283490043647,2518,1799.99609375,1.398891924678656,1.0,0.23505879126562626,0.20797835968343711,-0.1942338090884227,1.0597537258402103,1.1676261659275002,2.530300520548088,4998.351318055891,4266.9044003870185,1.1714233198199915,9266.185254215306
day_custom_segments_003.csv,2,0,695.1374806875241,691.40625,76.1668359607151,58.734555989225775,33.11437403400309,86.31386116694088,2590,1799.99609375,1.4388920114844,1.0,0.22675026019062683,0.21030979835474234,-0.20570041119663918,1.0598502538132628,1.1755871451804532,2.542405248660834,4657.713311355478,3658.0793711990655,1.2732674277181546,8316.406026536213
day_custom_segments_003.csv,3,0,720.46299309171,714.84375,91.5804766920773,70.50048391200711,37.219551282051285,83.27978060680545,2498,1799.99609375,1.3877807894548382,1.0,0.2346932377152878,0.20749893814425163,-0.19599523999388913,1.056311521902414,1.159542479264265,2.509667220351601,5374.809487253117,4548.509625144079,1.1816638701919564,9926.687905135575
day_custom_segments_003.csv,4,0,719.3934926029589,714.84375,82.66459852496168,67.31800551997586,37.4,83.4035901310476,2502,1799.99609375,1.3900030164996018,1.0,0.2359440549367598,0.20708073547090983,-0.19397210933896294,1.0567884998382213,1.1594344496345503,2.5125741642217583,5224.596366022656,4358.56698617911,1.198695897663085,9583.642826164005
day_custom_segments_003.csv,5,0,706.2984448587127,703.125,83.7203682625995,66.10247551826791,34.94307027875932,84.94992511558247,2549,1799.99609375,1.4161141842755736,1.0,0.2360540768850654,0.20807851901614022,-0.19291093589424269,1.057537843376104,1.167281746640007,2.510232891012398,4975.045824605306,4078.6214086504415,1.2197861301991937,9056.623861472825
day_custom_segments_003.csv,6,0,708.3615280511812,703.125,85.90673930509183,65.12014458653972,35.40764080346593,84.70251082814993,2541,1799.99609375,1.4116697301860464,1.0,0.23288655664989427,0.2078455052057495,-0.19698294106712239,1.0589509986040733,1.175645426877228,2.5553081037418797,5039.664877455186,4127.733295116612,1.2209279323878437,9169.03976931867
day_custom_segments_003.csv,7,0,730.6861164703494,726.5625,84.79418674086247,72.2556181262754,39.496139780576996,82.1146024914718,2463,1799.99609375,1.3683363028131572,1.0,0.237546449081041,0.2068182669130137,-0.19209740047325075,1.0598696690291454,1.1659932486172357,2.5395157911229984,5512.626237763009,4689.353775171952,1.1755620288129933,10202.341431191044
day_custom_segments_003.csv,8,0,719.271457833733,714.84375,79.91102669926265,66.44055645637765,37.624950019992006,83.41774075215649,2503,1799.99609375,1.3905585732607926,1.0,0.24664562668573312,0.2050913321118033,-0.17933828717220338,1.0590758700728053,1.1648748123622625,2.5229979686915445,5029.444479211086,4276.466741336168,1.1760747325816108,9306.305121835165
day_custom_segments_003.csv,9,0,708.5205174281213,699.21875,94.09102743262189,68.14658126679161,35.736800630417655,84.68350389879421,2540,1799.99609375,1.4111141734248556,1.0,0.23643883891091452,0.20692190599053373,-0.19207794985058269,1.0571170631419802,1.1626064486221457,2.5191348402154197,5287.535279520884,4301.74459856683,1.2291606715290535,9589.742513656314
day_custom_segments_003.csv,10,0,701.3995492202729,695.3125,82.1382798119382,62.908628092975015,31.045241809672387,85.54325429307788,2566,1799.99609375,1.4255586492158185,1.0,0.22211287575037125,0.20958986333589172,-0.20697779623252607,1.0545268790638247,1.1860805815196196,2.5655162014788435,5017.538590268194,3576.2342072713027,1.4030229284386322,8594.204345813543
day_custom_segments_003.csv,11,0,706.546420856245,703.125,85.86556738104618,62.357045423380754,35.24557956777996,84.92011031247965,2547,1799.99609375,1.4150030707531918,1.0,0.23769268741455363,0.20770362631000922,-0.1908333448493978,1.060889406749215,1.1716315992240176,2.5340212651989806,4865.195722554345,3983.7431323252495,1.221262405971091,8849.740042057681
day_custom_segments_003.csv,12,0,728.8495872163695,726.5625,81.24414123199523,73.28643810452424,38.83259019051479,82.32151194480699,2469,1799.99609375,1.3716696433803024,1.0,0.2372222029253463,0.2063300849517316,-0.19085623347841993,1.0568861951773585,1.166686145685875,2.5332328879120225,5479.727662798044,4639.500432782397,1.1811029532573503,10119.434050101014
day_custom_segments_003.csv,13,0,736.2002608428805,730.46875,99.73607068922215,76.67826012710454,40.68767908309456,81.49956362594276,2445,1799.99609375,1.3583362811117212,1.0,0.23311535728205668,0.20642561000988985,-0.19772212919181098,1.050858621727785,1.149919767002305,2.492558238782689,5783.371996339465,5067.65421886933,1.1412325597917024,10852.553279246757
day_custom_segments_003.csv,14,0,744.3070202646816,738.28125,88.76915350116361,69.92336609152113,40.38063715349607,80.61189585268659,2419,1799.99609375,1.343891805320758,1.0,0.24193078295793757,0.20500921608374392,-0.18510188680642994,1.0578471162631593,1.1652145151703117,2.539398539828244,5559.369717198882,4506.817388457508,1.2335467000365015,10067.449910220326
day_custom_segments_003.csv,15,0,691.1811491548214,687.5,74.44538319839603,55.71031204510806,29.592621060722525,86.80792303633889,2604,1799.99609375,1.4466698061410723,1.0,0.22142600406709195,0.21089719178648136,-0.2091644729101335,1.0590979140443746,1.195960567550388,2.5928228392090618,4578.445318392185,3180.4245406089053,1.4395704912764957,7760.2196905414985
day_custom_segments_003.csv,16,0,685.8275948341594,675.78125,81.15275124127412,58.425957148974774,27.45995423340961,87.48554367298192,2624,1799.99609375,1.4577809413648901,1.0,0.21330077771000466,0.21199353944169663,-0.2193548287578391,1.0556170150584334,1.1982267959160262,2.602214647417792,4832.284602612304,3016.96485921923,1.6017039733975775,7849.433448636295
day_custom_segments_003.csv,17,1,678.072288447041,671.875,76.77117379280432,50.87379125516951,22.66214177978884,88.48614081754519,2654,1799.99609375,1.4744476442006167,1.0,0.20499154921674811,0.21352059129324877,-0.22257488532602918,1.0586475241876558,1.2531850245352905,2.754861654241122,3921.8493911219157,2350.743592586556,1.6683441798969874,6273.813982920561
day_custom_segments_003.csv,18,2,680.4158590204236,675.78125,82.0262555819098,50.19866123435045,21.301551267499054,88.18136615213582,2645,1799.99609375,1.4694476333498987,1.0,0.2046286744154722,0.21252155687851002,-0.2209091309446921,1.055719878328234,1.2566044898354833,2.771378373817767,4445.3733947828505,2121.79949312135,2.095095888746454,6568.542747723467
day_custom_segments_003.csv,19,2,678.1812452883528,675.78125,76.90831984875962,54.68208139835568,20.96530920060332,88.47192460252845,2654,1799.99609375,1.4744476442006167,1.0,0.1991806080836301,0.21311301745606784,-0.22661400290768047,1.0529310327316672,1.2573895462831681,2.7654435095736,4612.3051936001275,2248.64847413988,2.0511454976813837,6863.114225848076
day_custom_segments_003.csv,20,2,652.6568734131303,652.34375,60.37959108069213,45.23855600054725,17.92452830188679,91.93192080583535,2758,1799.99609375,1.532225547364469,1.0,0.2022286285561165,0.21428297873899368,-0.22249808711024316,1.0557065811599946,1.2625884292340526,2.75269540806609,3888.5759705025857,1845.8540591765984,2.1066540722277947,5735.334918707029
day_custom_segments_003.csv,21,2,659.0759500915751,652.34375,76.49007708195634,47.91499435439449,18.798094540124588,91.03654896171423,2731,1799.99609375,1.517225514812315,1.0,0.20399965220633948,0.21389097365676069,-0.22478620123397391,1.0567455973572202,1.247473537000428,2.728969621614684,4210.4664794723185,2000.5500815104388,2.1046543740076564,6212.501144930737
day_custom_segments_003.csv,22,3,662.6294889502763,656.25,77.58811906469388,47.26801940491729,14.959469417833457,90.54833960838468,2716,1799.99609375,1.5088921633944519,1.0,0.1812232189091662,0.21741798263509973,-0.24996273312245915,1.0522878812053966,1.2782500972148858,2.825272507048543,4389.223629805888,1565.9423592560697,2.8029279646608902,5956.913517822054
day_custom_segments_003.csv,23,1,699.9316026264592,695.3125,78.71929846325148,55.38880228167378,29.155313351498634,85.72266172130666,2571,1799.99609375,1.4283364330217732,1.0,0.21722056390143846,0.21063740629335295,-0.2124379916394238,1.0578907671187459,1.2133572544252673,2.6544185679375567,4716.0662474485125,2963.6036500563887,1.591328262589628,7681.562665647254
day_custom_segments_003.csv,24,0,714.124503968254,710.9375,86.02072479408278,70.33347459367333,36.48273124255657,84.01896261308976,2521,1799.99609375,1.4005585949622286,1.0,0.2379298878058103,0.2064820726878483,-0.18960441892205998,1.0538051739288536,1.1625131817430239,2.5055137275973833,5214.240548515621,4404.493476638452,1.1838456740081666,9619.380331289598
day_custom_segments_003.csv,25,0,723.8221540627515,718.75,85.14929623312352,72.11165596779679,38.06841046277666,82.89329037972264,2487,1799.99609375,1.3816696650817384,1.0,0.23791192920061402,0.20613089025549836,-0.18955863163274184,1.0555282133291433,1.1629856973484383,2.516757958951336,5319.777658430021,4575.95276721737,1.1625508236320738,9897.234592765688
day_custom_segments_003.csv,26,0,716.244837281051,707.03125,93.41766200400556,67.58737781683197,36.519315013938666,83.77023732243154,2513,1799.99609375,1.3961141408727016,1.0,0.2315015487125984,0.20802439846134443,-0.1970879336524188,1.0590743995065477,1.1746304344905263,2.5538163645992467,5226.320320119115,4378.02901799814,1.1937610049256497,9605.42752033987
day_custom_segments_003.csv,27,2,662.1676021347074,648.4375,84.61867178772461,53.25911756716769,20.765832106038292,90.61150048200932,2718,1799.99609375,1.5100032769168337,1.0,0.20784649590587473,0.21377389620978865,-0.2214052567311692,1.0599581627990424,1.228504415631686,2.6759403176016803,4455.280368024954,2430.8720985691084,1.8327909438951888,6887.227200322537
day_custom_segments_003.csv,28,3,662.4956837016574,652.34375,85.13376088821677,44.61245579418585,18.312453942520264,90.56662779258178,2717,1799.99609375,1.5094477201556427,0.9996318114874816,0.2008851663320098,0.21594928382636758,-0.23353041480477926,1.0573203017613904,1.2170758021526027,2.6361129410487183,4187.481240731817,2080.092301237862,2.013122801444844,6268.041167936422
day_custom_segments_003.csv,29,3,662.2826186970924,652.34375,76.8209955489003,51.916873120894195,19.219440353460975,90.59576426456414,2718,1799.99609375,1.5100032769168337,1.0,0.20046056761433872,0.2164348070807773,-0.23424214900405066,1.0595947627839233,1.2293355683276799,2.67290867623212,4080.3551494549965,2291.2728994825834,1.7808246020700653,6373.454658936093
day_custom_segments_003.csv,30,3,648.1308516384588,644.53125,62.08026611747523,40.401530604966176,14.949567723342941,92.57389900252623,2778,1799.99609375,1.5433366825882868,1.0,0.19178335552929962,0.21704211984260627,-0.2373572064026542,1.0579359072507346,1.2696924036487736,2.775905518526962,3789.6704884876135,1536.9872564475302,2.4656486074235615,5327.38575773367
day_custom_segments_003.csv,31,3,651.8059329710145,644.53125,74.03292116171964,48.09921402618665,16.237767306995288,92.05193902809745,2761,1799.99609375,1.5338922176480418,1.0,0.1907846845036641,0.21685021426815276,-0.24118535775847696,1.0546617644317189,1.2521704384455425,2.7216322466339746,3993.526217032185,1880.9155841287673,2.123182055978323,5876.138738604868
day_custom_segments_003.csv,32,3,646.9092727436174,632.8125,80.0184481748761,44.649247499174955,14.892086330935253,92.74870917452307,2783,1799.99609375,1.5461144663942412,0.9996405463695184,0.19346938630529542,0.21613906680810283,-0.23799554880636214,1.0543403050602478,1.2505555497532541,2.72498644673165,4209.387466748545,1606.237818923543,2.6206502033239154,5817.5986011935265
day_custom_segments_003.csv,33,3,648.5177654109589,640.625,68.55303785863347,44.93563807591702,12.405337179949512,92.518668261892,2775,1799.99609375,1.5416700123047142,1.0,0.18782971068175142,0.21731989498379686,-0.24102121740550306,1.0573088148591818,1.2871384677185653,2.835495622189367,3943.97364273407,1447.3875621530947,2.7248912080376875,5392.36808708694
day_custom_segments_003.csv,34,3,687.2821571810542,683.59375,68.47628162204172,44.72472158852494,18.34161253343523,87.30038947336428,2619,1799.99609375,1.4550031575589357,1.0,0.19447655141414086,0.21202520296011668,-0.22800363666512674,1.0471357487328687,1.2772976870605877,2.8295349624819637,4852.584268894743,1614.7112531053222,3.005233449362866,6468.417206923603
day_custom_segments_003.csv,35,2,673.4383774803445,671.875,67.80374864486033,55.78457303504795,19.962546816479403,89.0950115205622,2672,1799.99609375,1.4844476659020527,1.0,0.20305894915105083,0.21283252996435081,-0.2210280821903224,1.0556905015848623,1.268094434669406,2.7924783201979992,4419.087199285082,2187.0028245028334,2.0206133937159696,6606.948155608118
day_custom_segments_003.csv,36,2,688.4025918133129,679.6875,82.10487559653843,57.725186765754316,24.186758515116725,87.15830055484643,2615,1799.99609375,1.4527809305141721,1.0,0.20530754719723268,0.21355356518981755,-0.22677451954786523,1.0557122454287478,1.211882217213055,2.638165022940726,4879.555770878298,2776.640383171264,1.7573596496155712,7657.541150984416
day_custom_segments_003.csv,37,1,697.8828397634742,687.5,85.20161272521655,55.86084676207845,27.73467804499612,85.97431629116306,2580,1799.99609375,1.4333364438724912,1.0,0.21529708282707058,0.21096202347669554,-0.2126755204798197,1.0578017441274765,1.2265439946387595,2.692157370317194,4823.92141275155,2865.801232557097,1.6832714557971145,7691.041434703666
day_custom_segments_003.csv,38,1,674.3303153110944,671.875,68.5511086343939,54.174238714728155,22.197225346831644,88.97716540049026,2669,1799.99609375,1.48278099561848,1.0,0.20512379669660777,0.2146302235523369,-0.2244479389724368,1.0631309657358865,1.2584251354590053,2.766555682319599,3698.4662733500627,2422.7525794036155,1.526555499224967,6122.176250904845
day_custom_segments_003.csv,39,1,702.4434645784544,699.21875,79.31116931616063,52.51511165554709,26.35689183912534,85.41612674267928,2563,1799.99609375,1.423891978932246,1.0,0.21675915384901442,0.20986279560840973,-0.20738100392874537,1.055053255539501,1.2290755278390362,2.6886218215915574,4589.840137864189,2578.9209598417183,1.77975215577987,7169.248646969183
day_custom_segments_003.csv,40,1,695.5284233668342,691.40625,81.20932351486243,52.155543613935656,26.604795050270692,86.26534586402505,2588,1799.99609375,1.4377808979620181,1.0,0.21117038635603613,0.21190274479673066,-0.21827030973710654,1.057461934993336,1.229292206462648,2.7064280794017104,4306.08228475551,2583.580858051553,1.6667108642394137,6890.669043449709
day_custom_segments_003.csv,41,1,669.6353778853313,664.0625,75.19345099291098,56.42664754518926,23.389199255121042,89.60100075577911,2687,1799.99609375,1.492781017319916,1.0,0.2130202089886685,0.21256606753739057,-0.21668191944608253,1.057598086350511,1.2228126728664928,2.6598678161345695,4331.812746811837,2658.2413783830443,1.6295784054970934,6990.606565305359
day_custom_segments_003.csv,42,0,711.2540143280632,703.125,89.7414601744159,67.00309314592677,34.28232502965599,84.35804760509264,2531,1799.99609375,1.4061141625741376,1.0,0.23161780308917598,0.20806042592417953,-0.1992698281055488,1.0549866631442284,1.1692548941531622,2.537514151039312,5149.175860421723,4042.358486876545,1.273804853562207,9193.208809243082
day_custom_segments_003.csv,43,0,700.5629014207863,695.3125,77.42740864247664,58.88397183114459,29.750778816199375,85.64541439222113,2570,1799.99609375,1.4277808762605821,1.0,0.22447943424730518,0.20980020420609335,-0.20351036344432916,1.0593155227521334,1.1981721635275104,2.6070328636131674,4653.194272125162,3244.850110746879,1.434024412010242,7898.46077204916
day_custom_segments_003.csv,44,1,691.2186659623511,683.59375,76.8866762261461,55.11316322897133,27.17140661029977,86.80321142147518,2604,1799.99609375,1.4466698061410723,1.0,0.21401582860427526,0.2114352247796076,-0.21351337721621697,1.0560364697296676,1.219209256562809,2.657804886765011,4616.497957505046,2774.412626728993,1.6639550703558663,7391.397176651055
day_custom_segments_003.csv,45,1,727.4280984634048,726.5625,78.71426827260741,64.10867910203758,33.00970873786408,82.48237884505977,2474,1799.99609375,1.374447427186257,1.0,0.22095883466945584,0.2080117004253995,-0.2029110410171732,1.0552887518356517,1.221466478997288,2.6953473020846297,5381.742403609052,3370.0739220726473,1.5969211738534204,8754.42426714485
day_custom_segments_003.csv,46,0,713.4404738302934,703.125,94.13729836354446,74.09881271056094,36.21578738595795,84.0995180409014,2523,1799.99609375,1.4016697084846104,1.0,0.23780556977537703,0.20669320048697268,-0.19038505137890768,1.0555646556181844,1.1579272850228277,2.5024392899265107,5601.720449172971,4610.486446867055,1.2149955354449604,10212.831710862665
day_custom_segments_003.csv,47,0,726.5625,722.65625,90.60438473725995,65.0442432558729,37.77777777777778,82.58064516129032,2477,1799.99609375,1.3761140974698296,1.0,0.2390620637833844,0.20612725408231022,-0.18793062590521273,1.0566087930293886,1.1634168287336035,2.518300487396639,5204.707146124434,4390.932456344343,1.1853307236835968,9597.682429113
day_custom_segments_004.csv,0,0,710.5149526253455,703.125,88.25414666484468,71.3833299951808,36.137440758293835,84.44579495238013,2534,1799.99609375,1.4077808328577102,1.0,0.23471505561670136,0.20701929562465157,-0.19231534527506422,1.0534689286307861,1.1667962354863024,2.513786400140575,5387.269365531722,4306.995881460145,1.2508183229804588,9696.155038141007
day_custom_segments_004.csv,1,0,701.3058383671083,695.3125,84.34460983548912,60.75122570639571,34.42495126705653,85.55468487144144,2567,1799.99609375,1.4261142059770096,1.0,0.23406927812718914,0.20812461612687977,-0.19456636919342055,1.058371087582007,1.1738459362409406,2.536254641958615,4781.399245367911,3863.3490173123723,1.237630673268604,8645.377382629
day_custom_segments_004.csv,2,0,694.5915781853282,683.59375,93.66495957417756,65.9663125410912,33.2174584781769,86.38169808616803,2591,1799.99609375,1.4394475682455907,1.0,0.2384672763459937,0.20752733349716196,-0.18994784887110122,1.0601097300313531,1.1692186192973024,2.5277368033819916,5075.893178686642,4059.485913110048,1.2503783206376262,9136.33760614068
day_custom_segments_004.csv,3,0,709.5989624408518,703.125,87.89286697161205,64.93810490373154,35.857988165680474,84.55480232611144,2537,1799.99609375,1.4094475031412828,1.0,0.23117715613609363,0.2087153394826668,-0.19955154460968133,1.0589984399109305,1.1717989572120082,2.5355160506725833,4974.748415225917,4138.625769224876,1.2020290532713804,9115.345721992284
day_custom_segments_004.csv,4,0,662.2538645564962,660.15625,65.13509958504098,50.54477330839291,27.466863033873345,90.59969780649195,2718,1799.99609375,1.5100032769168337,1.0,0.22059874004924582,0.21231834714818676,-0.21026511675069087,1.0590747576548665,1.1926937973969929,2.553227636806929,3996.3228247298075,2904.4572430877192,1.3759275796676316,6901.332614051163
day_custom_segments_004.csv,5,0,693.7111333397609,687.5,81.38430340150626,59.22198293199003,33.410493827160494,86.49133207815137,2594,1799.99609375,1.4411142385291635,1.0,0.23099733586250987,0.20924172410045816,-0.199089812463777,1.059667155736834,1.171825986823657,2.532290997693606,4661.134989825258,3708.483670130166,1.2568843237380778,8369.733758441876
day_custom_segments_004.csv,6,0,694.5089371864145,687.5,84.27218936722598,66.5696890745627,33.35907335907336,86.39197681612451,2592,1799.99609375,1.4400031250067817,1.0,0.2324510646315786,0.20862943737942724,-0.1955508959475984,1.063252503851793,1.18740097563819,2.5863714125545587,5025.451070871358,3962.028756946632,1.2684034819434933,8988.222488256706
day_custom_segments_004.csv,7,0,709.3254212652739,703.125,91.44615633954741,67.13525928065297,34.85804416403786,84.58740967294497,2538,1799.99609375,1.4100030599024738,1.0,0.23226315629841388,0.20731238581808467,-0.1953786196422228,1.0550441661267904,1.1721189007817727,2.5370899403388063,5043.5723598856775,4189.901816068917,1.2037447609256149,9235.12869027005
day_custom_segments_004.csv,8,0,722.4507404618474,714.84375,100.8139755494012,71.98780460832313,37.00281237444757,83.05064503310395,2491,1799.99609375,1.383891892126502,1.0,0.2382201029194712,0.2066589835441483,-0.19053879932995488,1.0571605998882587,1.1536611686839957,2.4945820205820213,5447.817778365805,4688.806194919583,1.161877363212117,10138.63160277893
day_custom_segments_004.csv,9,0,753.6003585636516,746.09375,93.18282849604267,80.51610943954633,43.401759530791786,79.61779651267535,2389,1799.99609375,1.3272251024850314,1.0,0.24587034709466263,0.20327408748522982,-0.17998190002930717,1.0547825569716187,1.152034450933865,2.511013213119298,6283.536324945038,5371.457781919567,1.1698009330159023,11655.596233220247
day_custom_segments_004.csv,10,0,688.4119068120934,679.6875,85.27898190477389,67.33818192392472,30.053598774885142,87.15712120356656,2614,1799.99609375,1.4522253737529813,1.0,0.2205548119739641,0.2121519954060077,-0.21550547055604272,1.0583314288605719,1.1701908284701579,2.520477862254975,5001.249765842973,3626.195419290934,1.3792002877828677,8627.930273554584
day_custom_segments_004.csv,11,0,736.5767626893164,730.46875,98.399443872758,73.81018771189648,38.20638820638821,81.45790505382483,2444,1799.99609375,1.3577807243505302,1.0,0.2306935557481478,0.207313714523466,-0.20113541030733717,1.052325825234993,1.153989589467574,2.505390673684271,5716.863928644826,4655.620308793575,1.2279489196846156,10374.293117741146
day_custom_segments_004.csv,12,0,713.764880952381,707.03125,88.56620842740557,66.61699521057031,36.720921000396984,84.06129469404775,2521,1799.99609375,1.4005585949622286,1.0,0.2350610488516853,0.20723646355527414,-0.19308166523395429,1.0555650368247522,1.166752801464991,2.526366855210519,5088.09090967277,4298.127482897206,1.183792460767841,9387.801215641342
day_custom_segments_004.csv,13,0,734.9811147407105,726.5625,93.91212281838328,72.2422033702752,41.299019607843135,81.63475060330909,2450,1799.99609375,1.3611140649176756,1.0,0.2251009203393603,0.20756354876572358,-0.20463451560049825,1.0530014358094004,1.1715598248710768,2.561832530073985,5862.658419355175,4822.646691475652,1.215651652383703,10685.949612777662
day_custom_segments_004.csv,14,0,697.8535322924748,691.40625,78.79297139098534,57.41037996564213,31.74233604967016,85.97792691956114,2580,1799.99609375,1.4333364438724912,0.9996122528111672,0.23513224241906966,0.20755041611913527,-0.19023185341697332,1.0615303723270533,1.2005229360707195,2.6215129416041685,4957.695927174987,3266.189366347989,1.5178838000805555,8224.143695842236
day_custom_segments_004.csv,15,0,707.3015999803382,699.21875,83.04135764193315,65.5558548817234,33.75295043273013,84.82944192642559,2544,1799.99609375,1.4133364004696192,1.0,0.22902102038719552,0.2091728022452219,-0.2007760069621245,1.0566633791803208,1.169857623716295,2.521667087314458,5020.134259099145,3954.953220663227,1.2693283533344277,8976.227849339924
day_custom_segments_004.csv,16,0,692.407235956137,687.5,78.10286956430188,58.804570854197415,28.67590454195535,86.65420706810885,2600,1799.99609375,1.4444475790963087,1.0,0.21885908898915973,0.21009398379949465,-0.207970179356727,1.0564089457538837,1.2183705768868565,2.6565311650881553,4733.4924795564275,3018.6828641977904,1.568065508204468,7753.159276734141
day_custom_segments_004.csv,17,1,701.9666894264534,695.3125,76.67158988902993,62.024729754561925,28.415300546448087,85.47414130009987,2564,1799.99609375,1.4244475356934367,1.0,0.20977246489456197,0.21195410322998942,-0.21923494806562807,1.055306535118922,1.2254654918637065,2.679912166883652,4669.992638557357,3134.6306313353466,1.4898063560898558,7805.35161834604
day_custom_segments_004.csv,18,2,682.0685652009098,679.6875,70.2888705360619,50.78797248464574,22.22222222222222,87.9676957144718,2639,1799.99609375,1.4661142927827535,1.0,0.20519341123668605,0.21233595572803812,-0.2210749285993406,1.0543718461491185,1.2493589382185135,2.7490200239801212,4572.128114643458,2216.5759895596325,2.0626985657964303,6789.707355131204
day_custom_segments_004.csv,19,2,653.4490782782419,644.53125,72.7310993621861,45.65789462704302,17.36918604651163,91.8204677219725,2754,1799.99609375,1.5300033203197057,1.0,0.1969146290929045,0.21552194912404488,-0.232161994467177,1.0576172475196561,1.260771055847946,2.7644009172179635,3903.7050792903983,1844.7810747828185,2.1160804025214603,5749.463700761504
day_custom_segments_004.csv,20,2,687.7956565366973,683.59375,81.10139808775163,49.69091633050669,23.135755258126196,87.23521212989618,2617,1799.99609375,1.453892044036554,1.0,0.20223522971274185,0.21303322520355705,-0.22728397869636388,1.055205930262374,1.2466800735457317,2.7457014190406324,4721.52261127296,2211.818502585247,2.1346790461126384,6934.614626563294
day_custom_segments_004.csv,21,2,710.7322328131173,710.9375,72.47003787814748,63.27957257572817,28.023715415019762,84.41997876263005,2532,1799.99609375,1.4066697193353284,1.0,0.2077256768005208,0.21054732116288077,-0.21926967427740404,1.0516280531898619,1.2435461908310204,2.747030693973264,5527.348400463303,2857.9102140910168,1.9340525021431871,8386.168229825671
day_custom_segments_004.csv,22,3,645.4324766774309,628.90625,78.99404794202734,41.97071847270154,12.203876525484565,92.960924911726,2788,1799.99609375,1.5488922502001958,1.0,0.18649217987526112,0.2185764853363285,-0.244214331583732,1.0583684037511023,1.27258549498983,2.79122908567957,3948.27001324352,1342.9481319353781,2.9400018655623765,5291.95536164624
day_custom_segments_004.csv,23,1,711.6405631922469,703.125,83.29939102209212,57.85420707653776,31.22279382667194,84.31222600754313,2529,1799.99609375,1.4050030490517558,1.0,0.2144862605041594,0.2108467513079106,-0.21580010211986486,1.056928032064948,1.2158797597391882,2.662557601538427,4826.936085227233,3192.8949768130888,1.5117741486270628,8019.907862121542
day_custom_segments_004.csv,24,0,686.6802985501716,679.6875,80.65401290040383,57.601934983849176,31.755725190839694,87.37690614785588,2622,1799.99609375,1.4566698278425083,1.0,0.23096764726658683,0.20829285068651132,-0.1964184066531035,1.0569143336041225,1.1826771611554032,2.5604551338210118,4632.787254160504,3507.57383555958,1.3207953620800725,8141.431506993005
day_custom_segments_004.csv,25,0,724.8533188960515,718.75,98.2771919338303,73.99238607079288,38.37162434502217,82.77536769974337,2483,1799.99609375,1.379447438036975,1.0,0.23876865290827295,0.2059709022648179,-0.1877752501941307,1.0582855005258924,1.1652614116860756,2.5373005636154633,5428.659645352929,4765.070169202723,1.1392612181115553,10194.086184292333
day_custom_segments_004.csv,26,0,713.1607956797463,707.03125,82.80143071906144,65.89612463025468,36.28072957969865,84.13249909904434,2524,1799.99609375,1.4022252652458014,1.0,0.23413072897069026,0.20740065687702747,-0.19389969127185241,1.0559102389180604,1.1729986298906954,2.535646559147462,5084.328252651323,4224.361111238046,1.203573302274162,9309.289133486283
day_custom_segments_004.csv,27,2,673.3822394273952,667.96875,71.64155708373639,56.30214934499821,20.816173717708725,89.10243913029319,2673,1799.99609375,1.4850032226632437,1.0,0.2015548316037787,0.2131614508330627,-0.2254713198039282,1.0539955299917458,1.2566300292133294,2.7559815444065303,4491.165522974713,2281.828505560103,1.9682309656624701,6773.14664560844
day_custom_segments_004.csv,28,3,676.7262156696764,671.875,83.33227304009986,48.155310579783674,20.286036883703424,88.66214816375194,2660,1799.99609375,1.477780984767762,0.9996239187664535,0.20289888517193702,0.213759456867514,-0.2286048301624728,1.0522181412020193,1.2192102083260163,2.649125974269238,4598.5550665375085,2095.4957268685175,2.1944950817960063,6695.494368339494
day_custom_segments_004.csv,29,3,690.8499280230326,679.6875,90.75465271815092,61.66301430618141,24.15514592933948,86.84954223227426,2606,1799.99609375,1.4477809196634541,1.0,0.20598268818973117,0.21232097325621815,-0.22575280832342146,1.049520972694078,1.1999871098261736,2.6009301181121187,5157.26526789774,2954.5198576208472,1.7455510595385446,8113.19559516218
day_custom_segments_004.csv,30,3,683.8000451177811,683.59375,69.02316119935186,47.354457358988924,18.510072215887497,87.7449488756107,2633,1799.99609375,1.462780952215608,1.0,0.19984902866967852,0.21198718858500057,-0.22382381809869512,1.0520934726463382,1.2772634425184026,2.833988782897603,4816.489059290223,1721.348858570519,2.798090018365039,6538.102432669664
day_custom_segments_004.csv,31,3,661.5105124080883,656.25,68.45774837599785,41.702156249905435,15.336520779698418,90.7015064380198,2721,1799.99609375,1.5116699472004063,1.0,0.18770290137029746,0.21669440202915644,-0.24304865690172622,1.054715418933124,1.2754489737357497,2.807971217174621,4005.9772474890638,1507.982325045473,2.6565147223249213,5514.812803187689
day_custom_segments_004.csv,32,3,642.5279017857143,632.8125,72.59497951703622,43.79125256555168,14.469453376205788,93.38115875318087,2801,1799.99609375,1.5561144880956772,1.0,0.19533908314444456,0.21618206100339357,-0.23255719820319018,1.0576457333395846,1.264473203258211,2.758909920324523,3937.721246287018,1651.4633837033882,2.384383017597836,5590.036323267284
day_custom_segments_004.csv,33,3,646.2191877693965,644.53125,60.8532380798933,37.971537827640816,11.462450592885375,92.84775372750309,2785,1799.99609375,1.547225579916623,1.0,0.18784286817241663,0.21772425168063553,-0.24069494602893277,1.0604814535781015,1.29401599280352,2.8444942121860834,3515.904882322273,1215.852281723386,2.8917204295070467,4732.730982826131
day_custom_segments_004.csv,34,3,661.5894990808823,656.25,73.83777166344979,52.03418870652734,14.049282824567854,90.69067765337178,2721,1799.99609375,1.5116699472004063,1.0,0.1894021145350825,0.21615713845838805,-0.23763116736653125,1.0559569410720697,1.28842317115855,2.841053945046425,4272.218605586418,1730.5165647442223,2.46875337261962,6004.069408777595
day_custom_segments_004.csv,35,2,676.7394422498119,664.0625,89.04041842876454,61.69830003969821,21.528039141889348,88.66041530035658,2659,1799.99609375,1.477225428006571,1.0,0.20727682096802996,0.21322827851766527,-0.22136062800433204,1.0552474142560897,1.2228329889944682,2.653783772669302,4625.234158269496,2748.529253571103,1.6828033219075376,7374.906481863331
day_custom_segments_004.csv,36,2,659.0734849871842,656.25,65.68033602729463,46.548340968019474,18.791208791208792,91.03688946182794,2732,1799.99609375,1.517781071573506,1.0,0.19871096019083176,0.21487576796068092,-0.23095422302765037,1.0551854324412628,1.250913468782796,2.732719183874241,4020.364994510004,1949.127774937302,2.062648250261237,5970.830114891622
day_custom_segments_004.csv,37,1,694.1359549749325,687.5,76.60120603112058,53.9888293761244,28.16358024691358,86.43839808322103,2594,1799.99609375,1.4411142385291635,1.0,0.21446011762232323,0.21164272079265714,-0.21484954911716367,1.0596644362627046,1.221805943245046,2.6726666261342147,4479.223133519201,2856.0505613937808,1.5683276739097,7336.0261316091855
day_custom_segments_004.csv,38,1,684.360438855078,675.78125,86.75011946036884,55.442212521187805,23.515981735159816,87.67309825854174,2630,1799.99609375,1.4611142819320355,1.0,0.2115347394168474,0.21303411234621425,-0.2188108233956765,1.0629193970691873,1.2385002267762821,2.723850072249768,4180.29469559421,2616.1568305303745,1.5978761849482612,6797.656030372414
day_custom_segments_004.csv,39,1,680.5754184001513,671.875,81.01720276915215,49.914706653739,25.425652667423382,88.16069222870813,2645,1799.99609375,1.4694476333498987,1.0,0.2155364377651047,0.21240138085656438,-0.2151599937063852,1.0600030024143388,1.2159352426119094,2.646666765494062,4211.044136323385,2698.688606501776,1.5604038665957933,6910.090438133901
day_custom_segments_004.csv,40,1,707.7258310385523,703.125,72.27611015208501,60.474815113166244,29.634002361275087,84.77859273831082,2543,1799.99609375,1.4127808437084282,1.0,0.21186587010860788,0.21038123507068174,-0.2151058308463299,1.0528693096478945,1.2278726431801108,2.699575988558871,4993.272390830704,3059.52742243726,1.6320404106242647,8053.575975789956
day_custom_segments_004.csv,41,1,710.9529336230739,707.03125,78.67832861975471,62.844226380070396,29.130434782608695,84.39377230534112,2532,1799.99609375,1.4066697193353284,1.0,0.21732900507175432,0.20976049694108675,-0.20728898684243574,1.058988773359545,1.2358259489334706,2.728099420870635,4921.156062756296,3105.6962038682514,1.584558095742535,8027.4619427102325
day_custom_segments_004.csv,42,0,704.8111290638465,691.40625,94.67304751200996,65.60784705250067,31.504702194357364,85.12918926194311,2554,1799.99609375,1.418891968081528,1.0,0.22840737070926354,0.21005622426321324,-0.206068332364923,1.0552548623114437,1.1485148360610067,2.469160634481758,4977.458800561077,3823.2468799968547,1.301893117758896,8801.918600101879
day_custom_segments_004.csv,43,0,684.3648963484214,679.6875,89.35502948745317,57.71157195017941,30.2130898021309,87.67252721485734,2630,1799.99609375,1.4611142819320355,1.0,0.22627002862656928,0.21155634271357943,-0.20915491256591695,1.0624937463110569,1.1681496233836188,2.520821638226318,4581.142960290101,3516.641583398031,1.3027039724257234,8098.833520427057
day_custom_segments_004.csv,44,1,686.1830186880244,679.6875,75.87094162675767,56.259233303217165,25.791682563906903,87.44022857738369,2623,1799.99609375,1.4572253846036993,1.0,0.21317206204241032,0.21257075965651528,-0.21555873004691403,1.0620207479160177,1.234483691194139,2.7119477845855005,4310.700877970262,2691.1221526714444,1.6018228208968817,7003.105145974327
day_custom_segments_004.csv,45,1,696.8314291247095,691.40625,73.97390575502875,57.404200273733096,27.12127082526153,86.10403821102909,2583,1799.99609375,1.4350031141560637,1.0,0.2159293351097662,0.21125606051628718,-0.20898806771931305,1.0614196508014933,1.2398677035541046,2.7247926245749006,4447.606233789318,2789.418982433597,1.5944561436622382,7238.530207636394
day_custom_segments_004.csv,46,0,702.1537739071039,699.21875,81.81319406941402,67.20699596479824,34.55681374463101,85.4513672498442,2563,1799.99609375,1.423891978932246,1.0,0.22815790044755677,0.20850978041787746,-0.20146572322143305,1.0541965261081974,1.1722363784083847,2.535254489248383,5002.890364775045,4082.035418046135,1.2255872015852516,9085.735522837791
day_custom_segments_004.csv,47,0,685.9914101219977,683.59375,70.02387092180132,60.85957385613458,31.69336384439359,87.46465205640041,2624,1799.99609375,1.4577809413648901,1.0,0.23100834466949952,0.20948210380449225,-0.1964195522856112,1.0605687786850835,1.1881729008190791,2.5615837568124618,4453.05606392005,3643.2642721480083,1.2222709447576259,8096.993315439011
day_custom_segments_005.csv,0,0,694.5556734851409,691.40625,77.77857930454164,61.24732518684743,32.54826254826255,86.38616354385537,2592,1799.99609375,1.4400031250067817,1.0,0.22960336377423246,0.2093329673611807,-0.20012447689425752,1.0566636598111931,1.176294330624878,2.5328823595350323,4591.553683555927,3813.2478030576285,1.2041057703814104,8405.794727186749
day_custom_segments_005.csv,1,0,704.7897081864473,699.21875,82.55671007458204,63.80743001442637,34.56112852664577,85.13177661800846,2554,1799.99609375,1.418891968081528,1.0,0.23144660061103794,0.20812150473104468,-0.19819140113529599,1.0586545988633396,1.1830782299009812,2.572352135036509,4888.038489131883,3942.3468411604167,1.2398803773675846,8830.482719845422
day_custom_segments_005.csv,2,0,693.8662986887775,687.5,86.72279928245234,64.70503921422865,33.06327160493827,86.47199051659378,2594,1799.99609375,1.4411142385291635,1.0,0.2315975615132739,0.209012726172856,-0.19934248655151168,1.0592219649790642,1.1702784670889965,2.5296468922518147,5008.553105464135,3970.905336366088,1.2613126431383617,8980.356639526966
day_custom_segments_005.csv,3,0,714.2420727471218,707.03125,93.38661526366764,64.95453436895681,36.656076250992854,84.00513255852833,2520,1799.99609375,1.4000030382010378,1.0,0.2300675271379897,0.20842183184768456,-0.20082936513333877,1.0542789659067273,1.1686078884881592,2.5272517722579084,5023.967646602686,4277.5120781860405,1.174506945806964,9301.724367117771
day_custom_segments_005.csv,4,0,704.3098703522505,699.21875,78.67367719938929,65.15574523838347,35.121378230227094,85.18977587236121,2556,1799.99609375,1.4200030816039098,1.0,0.241519576884538,0.20716819173334927,-0.18672744224813762,1.0608234920531538,1.1690314101082886,2.529252020427099,4815.089997014711,4001.5245008882725,1.2033138859816654,8818.749136971875
day_custom_segments_005.csv,5,0,696.1254835589942,683.59375,92.94559734312809,62.91120150128635,33.746130030959755,86.19135689911172,2586,1799.99609375,1.4366697844396363,1.0,0.2341194821490873,0.2081147888596212,-0.19557407810832725,1.057428373697164,1.1632110769655872,2.5140883037666195,4962.46122321554,3890.0320263133476,1.2756864698408543,8854.584914196526
day_custom_segments_005.csv,6,0,714.840646106476,714.84375,75.73610971076616,67.3442236202863,36.84419713831478,83.93479067929631,2518,1799.99609375,1.398891924678656,1.0,0.241120334399609,0.2061183780320081,-0.18542741634474413,1.0581013847699121,1.1693558526162542,2.5274106482445737,5091.0980429873525,4178.858251547391,1.2182988119068572,9270.507917829473
day_custom_segments_005.csv,7,0,698.8243325242719,687.5,94.96522190251576,61.501470828621216,33.21678321678322,85.8584871870014,2576,1799.99609375,1.4311142168277275,1.0,0.23459174214086406,0.20810595567925838,-0.19379103957530552,1.0576868266561914,1.1683144810976527,2.5200262624653624,4645.814382034782,3937.2749347811996,1.1799568125137692,8583.206297740104
day_custom_segments_005.csv,8,0,696.2724337267802,691.40625,85.08331079410947,66.06966820954142,33.79790940766551,86.17316598167122,2585,1799.99609375,1.4361142276784455,1.0,0.23477653128225756,0.20786916826557397,-0.1915117596263912,1.061599799634337,1.1879673208964676,2.584138404227121,4931.180283538382,3932.9814839991986,1.2538020592266248,8866.184711702517
day_custom_segments_005.csv,9,0,731.9324018510985,726.5625,87.66605175611511,71.36322124778097,39.11273911273911,81.97478325629062,2459,1799.99609375,1.3661140757683936,1.0,0.2449609237598066,0.20493174374290984,-0.18210621777070196,1.056231937345269,1.1569097891507114,2.5033650900543853,5219.433175985023,4562.354250915796,1.1440218994255722,9781.884981890431
day_custom_segments_005.csv,10,0,694.7814069138664,695.3125,71.05131831919483,58.43585839563122,31.491499227202475,86.35809680991987,2590,1799.99609375,1.4388920114844,1.0,0.22531833619982042,0.2098151891504205,-0.2047222449492233,1.0552190774485162,1.1833708307541904,2.5493279061617646,4587.220317340309,3374.904525669762,1.3592148407309266,7963.120056574883
day_custom_segments_005.csv,11,0,650.3518024936755,648.4375,67.69953927385036,54.14645838980133,21.11352133044107,92.2577592157646,2768,1799.99609375,1.537781114976378,1.0,0.2058322844674202,0.21553333844661227,-0.22807536967653586,1.0578326732240064,1.2045380756455415,2.5784365997735628,4103.76058604291,2606.344936835075,1.574527042850349,6710.5850981140275
day_custom_segments_005.csv,12,0,723.9625251509054,718.75,96.43812760178692,74.06418806562368,38.12399355877617,82.87721797132161,2486,1799.99609375,1.3811141083205476,1.0,0.2345918064406826,0.20687465266309382,-0.19254527713238506,1.053971872596608,1.1602880704482756,2.504728968755501,5562.620218177077,4726.260782805669,1.176960069239962,10289.474462800868
day_custom_segments_005.csv,13,0,704.3225699882537,703.125,76.4918374146945,60.7123275801839,35.01762632197415,85.18823981602726,2555,1799.99609375,1.4194475248427187,1.0,0.2329812710188737,0.20819399114704623,-0.19842873314597373,1.0570947456910014,1.1693673815749093,2.5296612325425945,4719.983516753855,3854.053851995058,1.2246802193255673,8575.383572423832
day_custom_segments_005.csv,14,0,690.6987480813507,683.59375,81.83856783181432,62.10163878608379,31.93857965451056,86.86855183489226,2607,1799.99609375,1.448336476424645,1.0,0.22372056149313474,0.2096597720377277,-0.2061369364369984,1.0548591303047872,1.1870261705126333,2.568741313977777,4944.628715263996,3574.2991925422657,1.3833841122144748,8519.891497395807
day_custom_segments_005.csv,15,0,727.3333249090174,722.65625,81.46310890747438,68.04418893657363,35.80097087378641,82.49312652834303,2474,1799.99609375,1.374447427186257,1.0,0.22892846587310933,0.2071392443487699,-0.19860724823839698,1.0504217296960214,1.1730973328595864,2.541142820649102,5645.062717524891,3948.9224793384656,1.4295197606590058,9595.489297234393
day_custom_segments_005.csv,16,0,692.6196232678984,691.40625,70.42172960618198,57.0699468261729,27.18521370812476,86.62763511797382,2599,1799.99609375,1.443892022335118,1.0,0.21426579578877356,0.2104709331852886,-0.21013987848653112,1.0547157485574035,1.22954781193617,2.69030575123717,4493.687241283135,2897.954623228239,1.5506409952952593,7393.109472531969
day_custom_segments_005.csv,17,1,705.7056688897607,703.125,72.49672607697349,59.92556519605117,27.59026687598116,85.02128103121797,2550,1799.99609375,1.4166697410367644,1.0,0.20895365057541065,0.21194030468848019,-0.21847760033471172,1.0592639666270014,1.2462370092265118,2.7529448340850373,4796.299433471813,2738.8235514302814,1.7512261536407,7536.677524759931
day_custom_segments_005.csv,18,2,692.5429416859123,687.5,72.70192142273798,54.596477536688276,23.103581055063536,86.63722693344796,2599,1799.99609375,1.443892022335118,1.0,0.20118965279400247,0.21225749314656472,-0.2240813019558203,1.0524080816339614,1.256140654449381,2.766082974195521,4785.462017021852,2331.287202072857,2.0527123439646875,7118.153858186473
day_custom_segments_005.csv,19,2,662.342369293078,660.15625,68.69802688901629,52.17703860489346,18.268876611418047,90.58759152617453,2717,1799.99609375,1.5094477201556427,1.0,0.20044744470300635,0.21383734974652202,-0.22780924849964476,1.0544138279564452,1.2532580038757717,2.7424408478827638,4247.269080935157,2091.552996602206,2.030677246923688,6339.145528658582
day_custom_segments_005.csv,20,2,652.7576197387518,644.53125,71.02706537583619,45.531935110477335,17.422867513611614,91.9177320733741,2757,1799.99609375,1.5316699906032782,1.0,0.2009986533688608,0.21499538964263512,-0.22911587639562583,1.0593038260945022,1.257008269122773,2.7627475846915908,3854.1127887463704,1835.7910155787572,2.099428941551558,5691.35805727094
day_custom_segments_005.csv,21,2,668.1573175826217,660.15625,78.2387427597378,53.79301789630599,19.46508172362556,89.79921108561479,2694,1799.99609375,1.4966699146482523,1.0,0.19789010862324927,0.21416844583344566,-0.22984084375545624,1.056132545546147,1.2625407426050954,2.773500014173267,4517.951756591776,2223.788532102524,2.0316463060092276,6742.368930768997
day_custom_segments_005.csv,22,3,619.9872932460372,613.28125,63.63223024558319,41.050667599726964,9.341606342640468,96.77617695333872,2903,1799.99609375,1.612781277737148,1.0,0.1825469581305347,0.21980018897749284,-0.24808736630169134,1.0576231480690803,1.2881053705312504,2.8060072939617933,3422.8402826998017,1252.2209700177982,2.7334155589577387,4675.484878442114
day_custom_segments_005.csv,23,1,696.8208389814098,691.40625,75.89377376667993,55.3075321954773,27.392483533514138,86.1053468029258,2583,1799.99609375,1.4350031141560637,1.0,0.21849808527655612,0.2106902774941268,-0.2071068905854978,1.0608411686633377,1.2334017918242712,2.7062877162015737,4313.500849858498,2768.1520611840215,1.558260079113387,7082.683564508066
day_custom_segments_005.csv,24,0,687.0719382397862,679.6875,82.83964951926536,62.25201021680913,32.0855614973262,87.32710020687844,2620,1799.99609375,1.4555587143201265,1.0,0.23300235341642403,0.20915078397614664,-0.19596980503121464,1.0621396798109783,1.1797873123290605,2.5555211369792343,4605.653091744181,3732.6676554925693,1.2338770865300654,8339.606308066084
day_custom_segments_005.csv,25,0,710.0079543212313,707.03125,80.34766904357859,68.30889521664629,36.399526253454404,84.50609550897228,2535,1799.99609375,1.4083363896189012,1.0,0.23332500490896896,0.20753309917280835,-0.1949757101201683,1.0558742763013362,1.1736701702879708,2.539613576658011,5134.18831835411,4194.633982974707,1.223989587456949,9330.359599683537
day_custom_segments_005.csv,26,0,698.7198539402174,687.5,91.98193012449282,68.52427882256264,33.747572815533985,85.87132548423851,2577,1799.99609375,1.4316697735889183,1.0,0.22691044418230036,0.20974671833424366,-0.20493925438952734,1.056838933871852,1.1689574073307945,2.5287460824757964,5150.590649896634,4246.135751515724,1.2130065902999099,9398.32759772287
day_custom_segments_005.csv,27,2,658.7888479494691,656.25,62.40304422931703,42.88522361645241,17.802197802197803,91.07622296089956,2732,1799.99609375,1.517781071573506,1.0,0.1948636595225099,0.2154483888688773,-0.23376774116456192,1.055967307733773,1.2634853102249208,2.7728757460186064,3868.8291358361785,1779.3163039095975,2.1743346741303977,5648.688727910201
day_custom_segments_005.csv,28,3,627.5424005929543,621.09375,63.228243287838616,40.25481821091594,14.096301465457085,95.61106937683734,2869,1799.99609375,1.5938923478566576,0.9996513249651325,0.19323979852134862,0.21962813727308028,-0.24540876938313166,1.0586961591917337,1.2144813628483768,2.592671734064003,3391.0744031113068,1664.142235871425,2.0377311085645133,5055.937890549588
day_custom_segments_005.csv,29,3,624.0000650364204,621.09375,60.456327394305,38.76316608696815,12.387231089521165,96.15383613220943,2884,1799.99609375,1.602225699274521,1.0,0.19145775222793474,0.21976021721302574,-0.24365867654209064,1.0613901383918416,1.2472096955846188,2.688450261046649,3081.7713313893,1567.2289422910999,1.9663823505480453,4649.832185623965
day_custom_segments_005.csv,30,3,645.1797239153818,640.625,67.18555382311087,45.04020297362517,13.127690100430417,92.99734287351731,2790,1799.99609375,1.5500033637225776,1.0,0.18620234366655128,0.21767750413598294,-0.244445779467708,1.0548146041376376,1.2716700042047504,2.787886622335947,3837.4487829239183,1504.2378139122407,2.5510918203441735,5342.230951771858
day_custom_segments_005.csv,31,3,665.3419593345657,660.15625,70.83423065281133,41.9523239685574,15.680473372781064,90.17919155438254,2706,1799.99609375,1.5033365957825429,1.0,0.19120139916089135,0.21606494999921544,-0.23741653258393802,1.0570685362898111,1.271145753913915,2.8011405936789884,4091.637059946678,1516.8078220140658,2.697531619077275,5608.461248368337
day_custom_segments_005.csv,32,3,663.1798861960929,652.34375,77.56342042592384,41.418795517103064,16.887905604719762,90.47319022920254,2715,1799.99609375,1.5083366066332609,0.9996315401621223,0.1969371289294778,0.21480810582453383,-0.2310750997385044,1.056597986526405,1.26195095911901,2.7690886071323075,4411.099683802075,1655.0169562634233,2.665289722324739,6066.407046128203
day_custom_segments_005.csv,33,3,645.0004481893152,636.71875,68.51491010138137,41.760383487275675,12.553802008608322,93.02319117519326,2790,1799.99609375,1.5500033637225776,1.0,0.18523385803261774,0.21700107024655216,-0.2427832377599647,1.0532384047213044,1.2795648490049094,2.806158249658718,3859.6080268250416,1368.129914116902,2.8210829885379227,5228.507271587748
day_custom_segments_005.csv,34,3,621.0600521911663,617.1875,58.31531294912948,40.4281969289881,8.422506040731792,96.60901516417549,2899,1799.99609375,1.6105590506923844,1.0,0.18417777951311157,0.22002653503361677,-0.24528233311702496,1.0605197698885225,1.2912866547201944,2.814548255665493,3244.3919415611226,1216.0605783228107,2.6679525669977595,4461.47224059321
day_custom_segments_005.csv,35,2,673.2755192739521,664.0625,75.97019158832973,54.41648092927742,20.66641707225758,89.11656265878031,2673,1799.99609375,1.4850032226632437,1.0,0.2034632512988424,0.21287122423067775,-0.22265746494573524,1.0551798528912248,1.2549353548722963,2.758273022667766,4522.314976134283,2243.0867010149477,2.0161124285066796,6765.762973301759
day_custom_segments_005.csv,36,2,693.5039393793369,687.5,82.72010770977127,55.22956014920461,24.373312765136905,86.5171725681876,2595,1799.99609375,1.4416697952903543,1.0,0.2084004552993078,0.21085034532805386,-0.21768330654926651,1.053067995694732,1.2428058066334386,2.739205503292561,5165.393083493787,2369.1237232478247,2.180296889017077,7534.859432577627
day_custom_segments_005.csv,37,1,681.6539417613636,671.875,83.99828840033899,59.988472676713165,26.828344069723382,88.02120302416598,2641,1799.99609375,1.4672254063051353,1.0,0.21347275794754836,0.2118442921850832,-0.21674425046892215,1.055639315261268,1.2209085873025138,2.6613484441193154,4879.841948204937,3060.4820529697495,1.5944684084880567,7943.900257248668
day_custom_segments_005.csv,38,1,677.2558336469702,671.875,73.26063295696932,51.4064761069626,23.795180722891565,88.59281385131028,2658,1799.99609375,1.4766698712453803,1.0,0.21038109394958507,0.21300563455337773,-0.2178705848036315,1.0596938263730875,1.2358079394438182,2.702866950799447,3979.580145878489,2503.605847307251,1.5895394037998112,6484.446934107249
day_custom_segments_005.csv,39,1,722.9528676175171,722.65625,77.43580117455342,55.89235139687653,30.104501607717044,82.99296217985733,2490,1799.99609375,1.3833363353653112,1.0,0.2121714020713038,0.20950785685489745,-0.21533155759107148,1.0509380279812264,1.2227042962853154,2.6908295612671265,5078.438532756784,2772.151262254852,1.8319485671305005,7850.938781513338
day_custom_segments_005.csv,40,1,708.6759058684521,703.125,74.6490563248571,57.098726217823945,29.353821907013394,84.66493569648394,2540,1799.99609375,1.4111141734248556,1.0,0.21426800751521716,0.21000172790843935,-0.21290251005888142,1.0554752860893224,1.2308318360689974,2.713672193696136,4784.876835943458,2870.1841868324123,1.6670974838113561,7655.438192393324
day_custom_segments_005.csv,41,1,690.5740163147792,683.59375,82.10089476050163,55.806691541037694,27.265745007680493,86.8842420689206,2606,1799.99609375,1.4477809196634541,1.0,0.2072790445509545,0.21272256671111792,-0.22427469849246542,1.0552367410849923,1.228967066013312,2.693832596489925,4650.471587509315,2825.3597887844176,1.6459750032437934,7476.786388568075
day_custom_segments_005.csv,42,0,703.0670166015625,703.125,93.59523510132502,63.168314439895696,32.23915592028136,85.34037095072945,2561,1799.99609375,1.4227808654098641,1.0,0.22076081833169597,0.21152400837482885,-0.21544383458985142,1.0599005115441806,1.1762353739763851,2.564398405729085,4911.947849838434,3812.819834042505,1.2882716896252056,8725.20474577719
day_custom_segments_005.csv,43,0,707.5750221195439,703.125,84.61367370302223,64.7543793174239,32.769472856018886,84.79666201368974,2544,1799.99609375,1.4133364004696192,1.0,0.23133249216416196,0.20795684366321723,-0.19553630462841004,1.059032665824244,1.1848358151440932,2.576493770449082,5160.268002167998,3778.383874228858,1.3657341799928078,8939.799410399059
day_custom_segments_005.csv,44,1,687.0301761168384,687.5,66.66864878682341,52.44864237962108,25.89763177998472,87.33240851097088,2620,1799.99609375,1.4555587143201265,1.0,0.21172378747172244,0.2121144816757488,-0.21546943641535402,1.0594172418028471,1.2405884691487494,2.7249659816583214,4205.491740676905,2521.8364414217594,1.6676306486815358,6728.682907341177
day_custom_segments_005.csv,45,1,681.0063398940197,671.875,78.26534365011132,50.84083334169965,25.55850056796668,88.10490664350847,2643,1799.99609375,1.468336519827517,1.0,0.21300395878987033,0.21238453603037624,-0.2160803829531449,1.0584261362280276,1.2275216070180366,2.6829980259971227,4378.022373451108,2591.1040236546996,1.6896358978579318,6970.608935790244
day_custom_segments_005.csv,46,0,750.9276528589315,746.09375,90.72263439207484,79.14022642588004,42.92275574112735,79.90117259840947,2397,1799.99609375,1.3316695565745584,1.0,0.2478767812253501,0.20324652716794,-0.1773832533880918,1.0550881413730704,1.153073834067364,2.5072331776643684,5928.371485561535,5232.234115660782,1.1330478251760794,11161.170438986283
day_custom_segments_005.csv,47,0,718.8342738713544,714.84375,87.89476516659512,73.58140599942976,37.609912070343725,83.4684741405887,2504,1799.99609375,1.3911141300219836,1.0,0.23379973871357532,0.20639070006599317,-0.19311442704241932,1.0507742280121575,1.162271184201076,2.507455558978551,5560.727908632138,4564.777317554125,1.2181816377434282,10125.999439892474
day_custom_segments_006.csv,0,0,690.5338641596317,687.5,78.42739362441371,62.514899705516115,32.66794625719769,86.88929408700182,2607,1799.99609375,1.448336476424645,1.0,0.23137215569095268,0.20968914378351194,-0.20033247696434334,1.059583581784591,1.16972095211962,2.5209744046170424,4680.835665846533,3729.569185078386,1.2550606875920318,8411.081401508975
day_custom_segments_006.csv,1,0,691.0657282066052,687.5,80.42036906421792,66.66109596960366,32.88513253937764,86.8224215889086,2605,1799.99609375,1.4472253629022633,1.0,0.2299924092053152,0.20937073513441312,-0.1993561967954897,1.0595698943314906,1.1778058676354197,2.5459466904545773,4781.143109572818,3892.586938803969,1.2282688054853992,8675.211903055853
day_custom_segments_006.csv,2,0,674.7995592648163,667.96875,78.06692041134251,56.83885068600467,28.930581613508444,88.91529221709789,2667,1799.99609375,1.4816698820960983,1.0,0.22621277295357667,0.2100039341715537,-0.20228943076185357,1.0574109784547936,1.191530772488157,2.5675449654752316,4325.504282240133,3356.3673006380473,1.2887458060438892,7683.055957791198
day_custom_segments_006.csv,3,0,696.8843798412083,687.5,87.2403104932144,60.27029244905197,33.59163115071678,86.0974958481227,2583,1799.99609375,1.4350031141560637,1.0,0.23518120503478196,0.2083434317366375,-0.19423069193115247,1.060304117635191,1.1733875903919289,2.5381670376531296,4621.7642627347195,3833.3061103850628,1.2056861961046086,8456.388664112781
day_custom_segments_006.csv,4,0,694.9518998648126,687.5,80.0840126908548,61.30835964090228,32.766615146831526,86.33691052815549,2590,1799.99609375,1.4388920114844,1.0,0.2348982931038675,0.20820487838175686,-0.192696827854277,1.061773911270956,1.183079731494499,2.5645440892806666,4706.303448686137,3795.5327893504987,1.239958580226491,8503.21810228033
day_custom_segments_006.csv,5,0,706.6079578916372,699.21875,92.66358229766998,65.07045515319167,35.4281225451689,84.91271479453304,2548,1799.99609375,1.4155586275143826,1.0,0.23005626754373154,0.2080946319051462,-0.19947556344365977,1.0565116677204751,1.1750197361891737,2.553620595350361,5061.067307573074,4108.494842401399,1.2318543655795122,9171.406277991928
day_custom_segments_006.csv,6,0,697.393611865064,691.40625,82.95003045772812,60.09292749589716,33.74709076803724,86.03462804819779,2580,1799.99609375,1.4333364438724912,1.0,0.22660053675868697,0.20926109590192304,-0.2036045950646591,1.0575389944652984,1.1829184262795793,2.5651303515357893,4632.200344870726,3769.3698484105626,1.2289057670538739,8401.995978566978
day_custom_segments_006.csv,7,0,691.6089186202921,691.40625,70.59859969617477,57.154443621845175,32.48750480584391,86.75423116245449,2603,1799.99609375,1.4461142493798815,1.0,0.23395768913819964,0.20892151595548245,-0.19510026197214633,1.059900700131811,1.1760135329330967,2.5319740684531644,4427.1578956496,3533.431178044138,1.2529345196133597,7960.90334172457
day_custom_segments_006.csv,8,0,685.1080540746383,675.78125,87.0294987401988,59.556671081521166,31.276190476190475,87.57742613468587,2627,1799.99609375,1.4594476116484627,1.0,0.23158410940677107,0.2095782519958779,-0.19925397109157333,1.0597184940886515,1.1730801395334438,2.5323915129905132,4355.566423876062,3632.808399755502,1.1989529709767253,7989.1703351623355
day_custom_segments_006.csv,9,0,703.1753736811254,699.21875,81.82266946560418,63.454433719863786,34.910086004691166,85.32722027209202,2560,1799.99609375,1.4222253086486734,1.0,0.2285053261253827,0.20949102228791874,-0.20393025489919211,1.0563205031333474,1.162774613813135,2.5081876871282254,4853.124484063132,3997.7238207553905,1.2139719254408396,8851.865028493914
day_custom_segments_006.csv,10,0,694.6081684362935,691.40625,79.69351109767928,63.39388224464902,30.243337195828506,86.37963491715394,2591,1799.99609375,1.4394475682455907,1.0,0.22136322041398387,0.20920786971730232,-0.2056334243899982,1.0499576965302548,1.1857871378892368,2.559055494408837,5067.620082593707,3438.1217446179153,1.4739501562231272,8506.44651909547
day_custom_segments_006.csv,11,0,706.8025540275049,699.21875,82.78725194030726,64.74619982047692,33.0188679245283,84.88933671519405,2546,1799.99609375,1.4144475139920007,1.0,0.22756191108501794,0.20956440500467002,-0.20489578445519985,1.0588586913816045,1.1745230458190947,2.5556768910101044,4939.524613598522,3789.375624388792,1.3035193929594253,8730.613620448901
day_custom_segments_006.csv,12,0,719.8457508003202,714.84375,90.55328310797161,71.87415522954926,37.30984787830264,83.35119007550209,2500,1799.99609375,1.38889190297722,1.0,0.23776754437948525,0.20673733266446373,-0.1926970678207635,1.0534961976749262,1.1485120566343048,2.474375601811141,5492.531811943201,4495.520120817979,1.2217789408856683,9989.16471091872
day_custom_segments_006.csv,13,0,726.2913640032284,718.75,95.86785500213854,73.93938422251318,38.837303189341945,82.61147381580776,2479,1799.99609375,1.3772252109922114,1.0,0.23988976139230422,0.20629823242074843,-0.18976177624505466,1.0574130956250256,1.1507081134711454,2.4957226901635337,5543.281735206452,4755.268411110607,1.1657137423104582,10300.047986509593
day_custom_segments_006.csv,14,0,711.6575603243671,707.03125,88.32363250002754,63.36783791897101,34.98219232291254,84.31021230583505,2529,1799.99609375,1.4050030490517558,1.0,0.2342208181533568,0.20722383130732142,-0.19306966524717153,1.0556674777825426,1.172626812971911,2.5306002647832506,5099.13309057435,4038.838417702191,1.2625246576403992,9139.56370721446
day_custom_segments_006.csv,15,0,669.4568452380952,660.15625,84.34474780354404,54.20217939307866,24.897655377744695,89.62489580439012,2689,1799.99609375,1.4938921308422979,1.0,0.22347817738366843,0.2121831120958797,-0.2074163953200088,1.0614370300541616,1.187034576463849,2.558314967992508,4212.817968553911,2919.582352128953,1.4429522652381883,7132.9148179259255
day_custom_segments_006.csv,16,0,695.2128815687789,687.5,88.79461801707278,59.19579608911703,29.068419018167763,86.30449980243075,2589,1799.99609375,1.4383364547232091,1.0,0.21942999632246363,0.21084172177882748,-0.21134215195138048,1.0573030607808138,1.1952036182189008,2.5912622114692634,4866.476731842518,3264.789579535701,1.4905942981276608,8131.992643223123
day_custom_segments_006.csv,17,1,705.4427083333334,699.21875,77.15704885117668,53.39149633910886,29.894076108277755,85.05297353169182,2551,1799.99609375,1.4172252977979554,1.0,0.21797747139679946,0.20954367974897076,-0.20785790691323006,1.0536515902607646,1.215641707921031,2.6579331631063687,4773.165078656641,2933.7891421562763,1.6269625550350424,7707.189798770978
day_custom_segments_006.csv,18,2,681.9382581501137,679.6875,78.13974462787675,47.57470258185457,22.032612817595755,87.98450487696837,2639,1799.99609375,1.4661142927827535,1.0,0.20338302065416794,0.21249366952516416,-0.2237152599891177,1.0542495485740515,1.2515909971879402,2.757616235375975,4467.811988651363,2089.5272616332722,2.1381927245874324,6557.811006896256
day_custom_segments_006.csv,19,2,657.4831019364267,652.34375,67.74725193505965,49.3972678181952,17.87280701754386,91.25709820265695,2738,1799.99609375,1.5211144121406512,1.0,0.1999689936125585,0.21408419593816883,-0.2278091478615741,1.055579396989885,1.2596835744767398,2.7626575667020696,4087.861903227965,2018.4063004232162,2.025291886163271,6107.182681496706
day_custom_segments_006.csv,20,2,622.6238105536332,621.09375,52.33738059700053,37.559091417586444,12.56490134994808,96.36637562358621,2891,1799.99609375,1.6061145966028572,1.0,0.19644248828573305,0.2174663287155454,-0.23295462101272799,1.0602070859729749,1.2653487705045547,2.7467261550764097,3210.2127544570885,1457.6521881762249,2.2023173844191324,4668.765652240475
day_custom_segments_006.csv,21,2,668.1936640973254,667.96875,65.97591165445432,47.37548825144474,19.769602378298032,89.79432644135449,2693,1799.99609375,1.4961143578870615,1.0,0.19579741156195896,0.21439696852896054,-0.23334742794162,1.0535067426386255,1.2600143739602456,2.7749093643643046,4164.141060651298,1938.265712689672,2.148385039981359,6102.961913794556
day_custom_segments_006.csv,22,3,641.7872591865859,632.8125,73.44205932338711,44.477721324088584,11.527480371163454,93.48892353526185,2804,1799.99609375,1.55778115837925,1.0,0.18186906841966832,0.21934867917504758,-0.252169506522928,1.0573042917394129,1.2738704441535162,2.793635976747695,3906.0122840418117,1400.2262642769351,2.7895579333807476,5306.535344248212
day_custom_segments_006.csv,23,1,707.4505996854109,699.21875,85.97708467377495,59.01548616695248,28.835562549173876,84.81157557387158,2544,1799.99609375,1.4133364004696192,1.0,0.21654089508128893,0.20980989808988743,-0.2087889638054839,1.055809146674058,1.2278941632730382,2.695157521666711,5131.0080651465505,3010.0116156850295,1.7046472639537695,8143.179295425164
day_custom_segments_006.csv,24,0,720.5592599079264,714.84375,91.13716182058904,65.80139416239851,36.96435722867441,83.26865441666358,2499,1799.99609375,1.3883363462160292,1.0,0.23166937565199386,0.20772194735131827,-0.19955160089929544,1.0556094703771834,1.165527892016343,2.530758472585204,5124.230562431514,4283.792582259164,1.196190166548429,9408.252843234226
day_custom_segments_006.csv,25,0,699.5712393037728,691.40625,87.3134680351813,67.58114285140957,33.5408560311284,85.76681920159152,2572,1799.99609375,1.428891989782964,1.0,0.23126160709267946,0.20835178673387153,-0.19744277207742172,1.0549766896990618,1.1601727139674274,2.4950833546101463,5123.621416377426,4103.183028729119,1.2486943381524875,9229.276036880303
day_custom_segments_006.csv,26,0,735.3567506129955,730.46875,84.26730685918733,74.88306869356346,40.26982829108749,81.59304983599297,2448,1799.99609375,1.3600029513952938,1.0,0.24350223936033233,0.204732279446116,-0.18314530500295065,1.0550201219381345,1.1598150380580539,2.512497207242228,5603.0539037844555,4808.123185141167,1.165330772119132,10412.34771206256
day_custom_segments_006.csv,27,2,689.2001915708812,687.5,74.72977151638806,48.269384251362204,23.265619011115373,87.05743372363712,2611,1799.99609375,1.4505587034694085,1.0,0.2020846730956488,0.21261110455282467,-0.2251379779840675,1.0540036205302081,1.2553673481566943,2.768308354940318,4528.12173796555,2125.275706346389,2.130604384383591,6653.575546166935
day_custom_segments_006.csv,28,3,653.6709097928779,644.53125,70.17096843331598,44.372159432701224,17.484551072337332,91.7893072815671,2753,1799.99609375,1.5294477635585146,1.0,0.19573742313363363,0.21700564274830375,-0.2380971650379161,1.0574839218713186,1.2333821829162146,2.673305825292289,4015.9766617708665,1843.7861627603363,2.1781141126249364,5859.839394690205
day_custom_segments_006.csv,29,3,668.054298904974,660.15625,72.85777323569529,45.39713382237064,16.30152246565169,89.81305875637301,2695,1799.99609375,1.497225471409443,1.0,0.19630367596992473,0.21491238512177682,-0.23172153747704685,1.0582666440576842,1.2728183224136715,2.8081569154198784,4262.4246799394805,1623.6551461525314,2.625203196651621,5886.764066403472
day_custom_segments_006.csv,30,3,658.13385511883,652.34375,70.02189500091175,46.972055703450394,15.28895391367959,91.16686451142472,2736,1799.99609375,1.5200032986182697,1.0,0.1890608385603792,0.21589246118776564,-0.2400162388301818,1.0528840397219419,1.2748184926734552,2.7994143541126806,4081.902524956101,1658.096197285562,2.4618007879389063,5741.474232356656
day_custom_segments_006.csv,31,3,668.5522923634337,652.34375,82.85209369884825,47.639785629480315,17.732342007434944,89.74615850600243,2692,1799.99609375,1.4955588011258705,1.0,0.198730709769311,0.2163088150058883,-0.2355364424352487,1.057375380862275,1.2260582756533023,2.657379270932077,4173.819580532286,2097.5098507280777,1.989892719256355,6272.397542674835
day_custom_segments_006.csv,32,3,639.6414918207681,621.09375,85.2338586543824,49.109865644386595,12.913553895410887,93.80254528080616,2814,1799.99609375,1.5633367259911588,0.9996445076430857,0.18876247842008217,0.2178113871493155,-0.24384808882978184,1.0558003727653613,1.2574485078098117,2.7438876936914887,4211.827298576673,1707.1504033266117,2.4671682649457023,5919.446248100232
day_custom_segments_006.csv,33,3,646.4780587495509,636.71875,76.54260420119033,47.604783234374295,11.96980589503954,92.81057444711256,2784,1799.99609375,1.5466700231554322,1.0,0.18560778600329542,0.2176787723836256,-0.24307484900914547,1.05602702418174,1.281621548695889,2.818176323138021,3987.9438848203235,1527.5140043834047,2.610741291651918,5516.743667518189
day_custom_segments_006.csv,34,3,649.4754061371841,644.53125,73.10926771999429,45.37067624262723,13.326110509209101,92.38225101833436,2771,1799.99609375,1.5394477852599506,1.0,0.18818080317245856,0.21582105631368587,-0.2379268599095435,1.0520564791560651,1.2813482959116373,2.8154824019813067,4070.881378282305,1500.6543406666747,2.7127375491905696,5573.107559675929
day_custom_segments_006.csv,35,2,678.1930244063325,679.6875,63.21264793048038,50.11828945276227,22.88838612368024,88.4703879880245,2654,1799.99609375,1.4744476442006167,1.0,0.20942777128204665,0.2128357801503916,-0.21915716802494314,1.058633662055377,1.237604686416346,2.701217609841676,4300.3781070161795,2251.103517922689,1.910342226724675,6551.68589078018
day_custom_segments_006.csv,36,2,692.9230065485363,691.40625,71.28912091819024,48.637195955802795,26.473988439306357,86.58970684039087,2597,1799.99609375,1.4427809088127361,1.0,0.2100989073583132,0.21252478654588214,-0.22061072286514063,1.0581590532901708,1.2242572191221497,2.6784623586003486,4634.867931231231,2443.7391130931314,1.8966295978152536,7078.864448795539
day_custom_segments_006.csv,37,1,700.07870235317,695.3125,81.04332454808412,58.70176894718917,29.494163424124515,85.70464977483587,2572,1799.99609375,1.428891989782964,1.0,0.21982234711609708,0.21038329035542944,-0.2098163160497373,1.0587934308589033,1.2127086778009224,2.6532123980936873,4889.010347674373,3129.4334873044822,1.562266898308643,8020.865214891208
day_custom_segments_006.csv,38,1,679.3570619335347,675.78125,68.04517901752932,51.48265499885619,23.913864752550058,88.31879929124831,2649,1799.99609375,1.4716698603946623,1.0,0.21211469877785158,0.21223437708020043,-0.21315346549959008,1.0601101400014379,1.2492367264863136,2.7353991390079924,3930.33218312893,2469.6858072094674,1.591430040070509,6401.57744260158
day_custom_segments_006.csv,39,1,719.9046875,718.75,79.87281796659887,58.675860750750275,33.493397358943575,83.34436633321685,2501,1799.99609375,1.389447459738411,1.0,0.22640082352952537,0.20710305629148495,-0.19529698441665388,1.0554782835643226,1.2115823607835443,2.656236457183191,5200.862168067177,3210.495379110994,1.619956285222042,8412.788840134634
day_custom_segments_006.csv,40,1,667.2341547663204,660.15625,70.04148156212092,49.428690117317714,22.226345083487942,89.9234542647375,2697,1799.99609375,1.4983365849318249,1.0,0.20790025015863828,0.21406076896828288,-0.22232982661758321,1.059723673692934,1.2394555547559702,2.7048315346116243,3848.799983928755,2321.562665672878,1.6578488450206124,6170.650126605365
day_custom_segments_006.csv,41,1,664.9012033444199,664.0625,65.27184147353917,51.43778590347569,21.922365988909426,90.23897038868782,2707,1799.99609375,1.5038921525437339,1.0,0.21099577826814986,0.21386683831925324,-0.2182054245344619,1.0620262361375763,1.2420398431306983,2.711154029391547,3880.4110267047054,2367.1535992595136,1.6392730188351803,6248.012102883542
day_custom_segments_006.csv,42,0,698.0550572148952,687.5,88.78101576900359,56.362010214734994,29.414047341870393,85.95310553208856,2579,1799.99609375,1.4327808871113001,1.0,0.21989028511502354,0.21201842350159228,-0.21526061166028432,1.0585958516582266,1.168433028095318,2.5221070607148763,4604.239836535383,3375.0789340609776,1.3641873053900546,7980.292728571791
day_custom_segments_006.csv,43,0,687.0197355861015,675.78125,91.94107739347247,59.56191593388808,28.57142857142857,87.33373568783081,2620,1799.99609375,1.4555587143201265,1.0,0.21680483947528287,0.21295543063886205,-0.21895498172133634,1.0543113596515599,1.1601114725993542,2.4839813877335426,4610.074335626146,3453.7302720362222,1.3348101827616596,8064.370102489722
day_custom_segments_006.csv,44,1,696.2935976199691,687.5,84.49322308909497,58.65073569407054,26.519550909794816,86.17054674219118,2585,1799.99609375,1.4361142276784455,1.0,0.2091234815569345,0.21218973308281242,-0.22098634808193535,1.0550484815567478,1.2221408123767041,2.6766372828490215,4729.211305588694,2883.2007659463306,1.6402643067543934,7614.521877337096
day_custom_segments_006.csv,45,1,678.3751060520362,671.875,70.91599558375381,51.837976270574316,24.745379102225577,88.44664178375315,2653,1799.99609375,1.473892087439426,1.0,0.2120430235344317,0.21253050681867766,-0.2180036160744393,1.058784994998948,1.2302907439597837,2.6911730240147578,4160.475262603861,2534.1098993117034,1.6417895939453528,6695.359249017872
day_custom_segments_006.csv,46,0,708.603596396219,699.21875,96.5024501291721,65.6705105963641,35.38219070133964,84.67357533202629,2540,1799.99609375,1.4111141734248556,1.0,0.22909434581834212,0.2083851545352632,-0.20092943952082093,1.056979939426533,1.1713566123132524,2.546973810586769,4938.508412476853,4217.322722282007,1.1710055733663678,9156.851818634275
day_custom_segments_006.csv,47,0,674.8728197674419,667.96875,84.11522214498095,59.808870824735145,29.380863039399625,88.90564005922735,2667,1799.99609375,1.4816698820960983,1.0,0.22332622247355788,0.21102545073687315,-0.2062372979802994,1.0592581593467112,1.190333167647521,2.562464354793254,4530.0889195127575,3500.3326436717134,1.2941881188642888,8030.932712328916
day_custom_segments_007.csv,0,0,691.6029136241352,683.59375,89.00150248695748,61.93813808645473,31.987697039600153,86.75498442536659,2603,1799.99609375,1.4461142493798815,1.0,0.2343094512301694,0.2086020662041236,-0.19411888513767958,1.0574345118410438,1.1669919706099001,2.5061768969686633,4701.071624595239,3798.513772886933,1.237608155629339,8500.196057033001
day_custom_segments_007.csv,1,0,733.3494700366898,726.5625,91.4280947104481,73.44225029703799,39.76345840130506,81.81638148180318,2454,1799.99609375,1.3633362919624392,1.0,0.2448232835887131,0.2039985255288743,-0.18033632206684644,1.0549340873659143,1.1582358296035808,2.51425774580049,5630.458927382388,4840.016837375508,1.163313913270495,10472.339181076308
day_custom_segments_007.csv,2,0,713.7715068425229,707.03125,91.77497476209304,65.22291996778819,36.23015873015873,84.06051435902668,2522,1799.99609375,1.4011141517234196,1.0,0.2309797795550875,0.20789030403962974,-0.19914517175784743,1.0551840063971845,1.1644378991808524,2.5217490997459566,5268.354086019206,4264.615311905891,1.2353644351721695,9533.428233418617
day_custom_segments_007.csv,3,0,701.1148105765485,691.40625,91.25357399107749,63.69533388031558,34.138737334372564,85.57799535094706,2568,1799.99609375,1.4266697627382003,1.0,0.2309845689013624,0.20889653320569357,-0.1986147147158628,1.06022085082941,1.183223767173038,2.5695354350611104,4741.405134427061,3939.285421115465,1.203620613274695,8681.554579673799
day_custom_segments_007.csv,4,0,695.6584130897138,687.5,85.39552097710042,59.9876020105574,32.64990328820116,86.24922644651788,2587,1799.99609375,1.4372253412008273,1.0,0.22930748963322997,0.20926830909048763,-0.20247764749598487,1.0560816536672997,1.168559259462487,2.5193328298027953,4704.851421195109,3794.987112077473,1.2397542553496455,8499.99281607556
day_custom_segments_007.csv,5,0,710.5056997631267,707.03125,82.38586939651428,60.513074303100886,35.8609794628752,84.44689468360805,2534,1799.99609375,1.4077808328577102,1.0,0.23304483405344326,0.20769288996356808,-0.1950192280036773,1.0588622879718426,1.1713842183897727,2.54368483407258,4863.6063058469545,3981.9115273592947,1.2214250046565895,8846.132633884623
day_custom_segments_007.csv,6,0,712.690979100634,710.9375,81.86074276617104,64.9762944824946,36.504161712247324,84.18796050388598,2525,1799.99609375,1.4027808220069922,1.0,0.23602731514505856,0.20704137368172137,-0.19218761238224094,1.0583756069058816,1.173422798108121,2.549154734266241,4924.043366254007,4149.355807552937,1.1867006818964358,9076.640348188364
day_custom_segments_007.csv,7,0,688.185647705545,683.59375,82.38190341883669,60.494284526545236,32.21117061973986,87.18577639630213,2616,1799.99609375,1.453336487275363,1.0,0.22765709579441185,0.2103226934308213,-0.20353975683995829,1.059533201530748,1.1771296517941703,2.539541226912522,4554.837563815985,3686.7402479102657,1.2354647351132964,8242.791017775493
day_custom_segments_007.csv,8,0,693.8316501156961,687.5,83.04547455620325,62.1886326937381,32.48456790123457,86.47630875587043,2594,1799.99609375,1.4411142385291635,1.0,0.2355516806367778,0.2081894024288037,-0.19260107509909855,1.058651547986383,1.1715697274214483,2.5269552968068427,4750.480907186478,3868.3875735966867,1.2280261004896293,8619.356033897799
day_custom_segments_007.csv,9,0,702.7496337890625,699.21875,82.2522679295839,63.126766832517,34.15396639312232,85.37891322190232,2561,1799.99609375,1.4227808654098641,1.0,0.23293478139824486,0.20793043233304978,-0.19623340195204048,1.054758636543682,1.1625583478066883,2.503932027050729,4873.641381938899,3946.2898421671084,1.2349932662985887,8819.981356707809
day_custom_segments_007.csv,10,0,701.463511208577,691.40625,92.91005734990232,63.00986339965482,33.61934477379095,85.53545414874655,2566,1799.99609375,1.4255586492158185,1.0,0.23232009125559816,0.20799098283238823,-0.19668977267136076,1.0549084660251529,1.1680767380371102,2.525100017858755,4926.909140199544,3831.0273070710714,1.2860542996145607,8758.275290142557
day_custom_segments_007.csv,11,0,703.6856545756747,703.125,100.28805043406905,60.93749216273373,33.05946791862285,85.26534484517842,2558,1799.99609375,1.4211141951262916,1.0,0.22092264850585872,0.21131145216589634,-0.21671086828963032,1.0529688640371329,1.139820609636852,2.453310123856362,4943.385883043146,3937.8928990410222,1.255337818925189,8881.889229580516
day_custom_segments_007.csv,12,0,669.8767916976917,664.0625,75.62745599064428,57.82388203296654,28.60335195530726,89.56870986370485,2687,1799.99609375,1.492781017319916,1.0,0.22308695201307197,0.2119185642367404,-0.2084853026314025,1.0587692181195583,1.182528792802293,2.532751457886546,4190.926294502475,3314.25117672217,1.2645168006389143,7506.027695903591
day_custom_segments_007.csv,13,0,694.4482987451737,691.40625,76.51676054226583,62.633667626442396,32.98570876786404,86.39952046598198,2591,1799.99609375,1.4394475682455907,1.0,0.23586271148923066,0.2078902616888467,-0.1935401774279814,1.0561413413332084,1.1670204426939688,2.512720908620165,4700.980347764075,3765.3155159892426,1.2484957310487192,8466.507811787706
day_custom_segments_007.csv,14,0,708.3830585629921,707.03125,76.48508731994198,59.42429451635805,34.738085860575026,84.69993638994484,2541,1799.99609375,1.4116697301860464,1.0,0.23478615368459632,0.2075153634191214,-0.19461419601533922,1.056915149267885,1.1754253553274905,2.5525215512471164,4846.179250813626,3685.998052773297,1.3147536112145866,8533.177466387424
day_custom_segments_007.csv,15,0,688.5176573259373,683.59375,75.59140685762141,51.661606897341905,29.468044393417525,87.14373460373959,2615,1799.99609375,1.4527809305141721,1.0,0.2239878735786989,0.21033014032465003,-0.2041411533206883,1.0614795501513243,1.2108311967926737,2.641910002201158,4223.89850324008,2967.2325895891536,1.423514461946822,7191.965971579504
day_custom_segments_007.csv,16,0,737.4564370643707,734.375,103.37673460070208,75.49691111603218,38.228055783429035,81.36073805097556,2440,1799.99609375,1.3555584973057668,1.0,0.23222948271897828,0.2063371415931181,-0.19578630158695465,1.052852483772719,1.1646296814474566,2.5392659757265057,6215.582084838396,4549.774587414753,1.3661296764089095,10768.552057238314
day_custom_segments_007.csv,17,1,697.1929505813954,691.40625,81.91710782087077,58.51847465324239,26.483132997285768,86.05938994358085,2581,1799.99609375,1.433892000633682,1.0,0.21286539489945172,0.2108965432201208,-0.21233471283628638,1.0569947806482314,1.2421374967674228,2.732843815301028,4708.115656420085,2846.478209775611,1.6540142974750638,7556.798592129013
day_custom_segments_007.csv,18,2,648.3910472972973,644.53125,71.25970615012015,50.339657487339764,16.43835616438356,92.53674962061757,2776,1799.99609375,1.542225569065905,1.0,0.19629675561486523,0.21637621404360297,-0.23392722168053864,1.0602534669023744,1.262059250921486,2.7721843178267416,3884.4755505068797,1943.1465931700764,1.9990645915034606,5828.111438200133
day_custom_segments_007.csv,19,2,665.2456430288462,660.15625,72.71151222505604,49.87081250814618,19.126896041435444,90.19224797447986,2705,1799.99609375,1.502781039021352,1.0,0.20036750645100765,0.2139615812929103,-0.2278295179961801,1.0557122686139144,1.254478780071784,2.755566485493977,4204.5464923484715,2031.8994823264597,2.0692689421498356,6236.801981065995
day_custom_segments_007.csv,20,2,647.0019777058612,644.53125,64.73020874696644,46.45078153307176,16.258992805755394,92.73541977838758,2782,1799.99609375,1.5455589096330504,1.0,0.20107920111058267,0.2149428334533539,-0.2261598004688867,1.0576607743473034,1.2603037561616257,2.7577399481852436,3715.7476838266284,1782.5001350325297,2.0845707727022518,5498.61444286604
day_custom_segments_007.csv,21,2,683.8758433105284,675.78125,81.92694200958705,55.2740056245071,23.954372623574145,87.7352235598059,2632,1799.99609375,1.4622253954544173,1.0,0.20493623864412217,0.21194629200575868,-0.22250525357538778,1.0538443428390931,1.2436563904845417,2.7395189157556943,4995.849582078106,2460.929823110333,2.030065845503845,7458.602265559484
day_custom_segments_007.csv,22,3,651.9205729166666,648.4375,61.613183221503256,44.955549683247845,12.830735773831098,92.03575173515755,2761,1799.99609375,1.5338922176480418,1.0,0.18732109858568805,0.21722276761024156,-0.2397620739386356,1.057127913723528,1.286792340941817,2.8304305695403946,3966.245981872704,1455.5560275814355,2.724900935942021,5422.597206298657
day_custom_segments_007.csv,23,1,687.3955149025602,683.59375,69.03042260442663,60.82939682064251,26.949541284403672,87.28599285159015,2618,1799.99609375,1.4544476007977447,1.0,0.2169332602692562,0.21143364978651047,-0.21050604075957352,1.058699210480384,1.2224247709986802,2.661740185260675,4332.099162671662,2958.558660494411,1.4642600197583089,7290.6890850342825
day_custom_segments_007.csv,24,0,738.0841750410173,734.375,91.366411296456,72.61256579192204,40.91095609355765,81.2915410314354,2439,1799.99609375,1.3550029405445758,1.0,0.23963449094375824,0.2051042814462202,-0.18800978613436184,1.0539482256544133,1.1605138565117263,2.5204263477229936,5731.352620048077,4846.537276742886,1.182566499086092,10580.700900337608
day_custom_segments_007.csv,25,0,697.7874176037224,687.5,95.29152834732453,67.86991508004581,33.4755624515128,85.98607324569781,2580,1799.99609375,1.4333364438724912,1.0,0.23213782705922548,0.20871652226864143,-0.19714417293805792,1.058153771014457,1.1706013825825918,2.52926926704964,4907.186339499705,4133.241309782817,1.1872489341198316,9041.917114068186
day_custom_segments_007.csv,26,0,705.6541053921569,703.125,78.48178794075942,65.04144847462142,35.70027461749706,85.02749369913448,2551,1799.99609375,1.4172252977979554,1.0,0.23455661797262853,0.20735617203203627,-0.19293980228225488,1.0578434291328778,1.178844514815903,2.5565499859485192,4953.0590792696985,3934.482444005361,1.2588845292260122,8887.884706579618
day_custom_segments_007.csv,27,2,658.5863149707175,656.25,60.956226746766866,50.469082209037296,17.173196631270596,91.1042313453898,2733,1799.99609375,1.5183366283346968,1.0,0.1961109617315064,0.21518222009919036,-0.23371159837962457,1.0560587831376014,1.2659475410403036,2.774998902675313,3999.4317660968804,1914.8310984916898,2.0886603362809537,5916.130278996512
day_custom_segments_007.csv,28,3,705.7010714986269,703.125,79.93154287477962,52.977402021618055,25.941915227629515,85.02183491458216,2551,1799.99609375,1.4172252977979554,0.9996078431372549,0.20842882460219186,0.21077561119911564,-0.217809875569826,1.0509085111242944,1.232804439237465,2.70110194298239,5209.610247915217,2495.5795010310403,2.0875352781840384,7706.01732849548
day_custom_segments_007.csv,29,3,647.627856243253,640.625,74.86331507800718,39.86909928258637,12.670986321094313,92.64579869687329,2780,1799.99609375,1.5444477961106686,1.0,0.18508794951449892,0.21713103055286384,-0.24254817233256915,1.0538423468984213,1.2840666290146905,2.8172107409238127,3864.7056314270903,1358.2319148247195,2.8453945082904584,5223.912780507124
day_custom_segments_007.csv,30,3,657.137071011318,652.34375,73.71601038306801,45.38167316096022,16.106647187728267,91.30515176637572,2740,1799.99609375,1.522225525663033,1.0,0.19298387905770326,0.21632341590179566,-0.23626010216934654,1.057744502953124,1.264056046087306,2.772059010781628,4131.8956837920405,1658.2728109718703,2.491686323537105,5791.203912626801
day_custom_segments_007.csv,31,3,645.6276920315865,640.625,65.6659007346097,40.90043307974699,14.721723518850988,92.93281676193124,2787,1799.99609375,1.5483366934390048,1.0,0.1963591901109752,0.21676998488552798,-0.2330568058898825,1.0594249231540842,1.2666306329008505,2.7669141782693276,3765.935511838659,1575.8619055860408,2.389762388753322,5342.839681929505
day_custom_segments_007.csv,32,3,648.8798232960693,644.53125,61.88505743883966,44.26424284882701,14.357864357864358,92.46704527692387,2774,1799.99609375,1.5411144555435232,1.0,0.1913708443009205,0.21654177232271665,-0.23649810671909355,1.0561770766668688,1.276087469382603,2.7915335241096506,3894.8608081532675,1582.916511990998,2.4605598454806046,5478.412113293296
day_custom_segments_007.csv,33,3,623.2959221240471,617.1875,60.93802809067908,31.604845327451276,8.492201039861353,96.26246197076662,2887,1799.99609375,1.6038923695580936,1.0,0.1782251115217386,0.22081259879631474,-0.2535668987532963,1.059295737665436,1.292229869240428,2.829040634027749,3217.496511162956,989.0131120451425,3.253239488918016,4207.572216659238
day_custom_segments_007.csv,34,3,644.143980404438,632.8125,76.31050605179878,42.478418044240584,12.925170068027212,93.1468768245383,2795,1799.99609375,1.552781147528532,1.0,0.18374302339168475,0.2177166390654667,-0.2454747098566708,1.0542445332296881,1.2760532409926513,2.800782176212375,4102.220814889656,1426.4432491826708,2.875838780996134,5530.826657649384
day_custom_segments_007.csv,35,2,697.9383848913886,695.3125,77.38878835687147,61.247756942433085,25.223127667830813,85.96747406196472,2579,1799.99609375,1.4327808871113001,1.0,0.20683914347041102,0.21212948299436363,-0.22230735646889635,1.0540039430372516,1.2395600539591842,2.7224056766648626,5279.676458541388,2629.355453004964,2.007973647118536,7909.23914587977
day_custom_segments_007.csv,36,2,666.328125,660.15625,76.05581629646818,52.57784820673448,21.378288254909226,90.04572634540978,2701,1799.99609375,1.5005588119765885,1.0,0.20697381116293506,0.21355758211709638,-0.22232347738530062,1.055238976304679,1.2284218691252107,2.6658548599955156,4357.122747158926,2387.168404876642,1.8252263804505584,6746.0638509166165
day_custom_segments_007.csv,37,1,728.3614933225415,722.65625,79.47700572423471,66.81533689483231,34.81781376518219,82.37667772125084,2472,1799.99609375,1.3733363136638752,1.0,0.21903768738168733,0.2084831500589542,-0.20982069733692332,1.0541602007743551,1.2109027898462406,2.669535094141327,5558.793385830653,3568.5910064936766,1.5576997688206506,9132.050668798096
day_custom_segments_007.csv,38,1,709.1514337800552,703.125,86.16152086816287,55.923555445572035,29.692429022082017,84.60816285765154,2538,1799.99609375,1.4100030599024738,1.0,0.2138616123068319,0.21027426450311565,-0.213033554751901,1.0539136160336404,1.223981587323477,2.687333333984163,4827.244193341448,2914.9742881442176,1.656016045484454,7743.981432012818
day_custom_segments_007.csv,39,1,690.8574256238004,683.59375,80.09391386934439,58.66166498954081,24.001536098310293,86.84859968874737,2606,1799.99609375,1.4477809196634541,1.0,0.20662413596513968,0.2116974803942896,-0.21969388394208966,1.052708797312831,1.2452652252938199,2.736810642524626,4758.976290668603,2637.735172648994,1.8041903296490955,7400.090346889918
day_custom_segments_007.csv,40,1,704.4082199490995,699.21875,80.60071386535317,51.99169759599518,28.554641598119858,85.17788166119867,2555,1799.99609375,1.4194475248427187,1.0,0.217828838981204,0.20971253092682418,-0.20801910172578664,1.0545276682132247,1.2193665632067743,2.6740456416115514,4619.928513650787,2748.293159775215,1.6810173606183463,7368.610964393418
day_custom_segments_007.csv,41,1,700.491436356559,699.21875,69.89669197113707,49.94386986506984,28.34890965732087,85.65415205084568,2570,1799.99609375,1.4277808762605821,1.0,0.21143158317946167,0.21095158383837098,-0.21609542398551648,1.055870740588589,1.2367923173961985,2.7227954611235057,4451.447957546798,2627.938366489687,1.693893591383155,7079.694347401521
day_custom_segments_007.csv,42,0,707.7670320487613,707.03125,93.08529366605478,65.22363665374326,33.79228953579859,84.77365754988476,2544,1799.99609375,1.4133364004696192,1.0,0.22293154315106095,0.21082291947603898,-0.21521002924471902,1.05460035656929,1.1454453334180739,2.4790893216887997,5098.539659182447,4082.2037066986327,1.2489674757817875,9181.591055901035
day_custom_segments_007.csv,43,0,679.1595885239714,675.78125,69.41318995968213,50.89918338936431,26.774924471299094,88.34447899115874,2650,1799.99609375,1.4722254171558533,1.0,0.22317458313234745,0.211229198835883,-0.20740062127421277,1.0594386243054863,1.1920082353352153,2.5747795122460775,4182.269362111642,2748.0985788999515,1.5218774880287524,6930.879364014503
day_custom_segments_007.csv,44,1,694.0390504436729,687.5,81.51135826915333,49.5230335841798,26.66923967580085,86.45046696096462,2593,1799.99609375,1.4405586817679725,1.0,0.21628840926236115,0.21050845066563503,-0.2098250986418574,1.0590778387579243,1.232957123222173,2.7098461424666858,4337.286407770465,2561.9585528191456,1.692957289647708,6899.440393571624
day_custom_segments_007.csv,45,1,723.0062274005625,722.65625,71.89512353166421,58.11481565056907,30.184887459807076,82.98683707845657,2490,1799.99609375,1.3833363353653112,1.0,0.2127539652666495,0.21055250191035202,-0.2148705196006367,1.0574730134333057,1.2394274078297267,2.740553587016483,4648.8562314973215,2917.81529050217,1.5932661147639786,7568.201088960499
day_custom_segments_007.csv,46,0,698.197092064416,691.40625,86.62265387033563,64.47154894131366,33.85093167701863,85.93562001610911,2578,1799.99609375,1.4322253303501093,1.0,0.2336885786864603,0.20785876458479977,-0.19405626258089534,1.0562979409378839,1.1767289465185138,2.5364046006663306,5020.850911888194,3902.376803916403,1.2866135599333455,8924.885277602383
day_custom_segments_007.csv,47,0,725.884660008071,722.65625,93.0434457899251,75.71791070401679,38.67581752119499,82.65775997984703,2479,1799.99609375,1.3772252109922114,1.0,0.23750888279261498,0.20603417571985067,-0.1903695829112818,1.0554129292949284,1.1637471816067364,2.524935843191766,5574.548978680199,4739.760102852677,1.1761247104732357,10315.351133742966
day_custom_segments_008.csv,0,0,731.8984470313136,722.65625,98.28281875268621,71.51990082524114,39.54434499593165,81.97858629618455,2460,1799.99609375,1.3666696325295844,1.0,0.23736564779066022,0.20621189573468487,-0.1904538480486374,1.0556826309494398,1.1584409375011764,2.5170455983898257,5622.928425383014,4704.639174822803,1.195188029610113,10329.40486190582
day_custom_segments_008.csv,1,0,742.2567940387788,734.375,93.32396858766398,73.69545813774111,40.94098225340487,80.83455817699841,2425,1799.99609375,1.3472251458879034,1.0,0.23677959828579162,0.20585143299461126,-0.1906359543663583,1.0552433940692674,1.159968352996393,2.5247726239623147,5752.9633002149185,4955.347293819271,1.1609606671545507,10708.805960079997
day_custom_segments_008.csv,2,0,725.1061190044337,718.75,92.66564225714217,68.80940753981953,38.58870967741935,82.7465089970274,2482,1799.99609375,1.378891881275784,1.0,0.23388939950408674,0.20653073192945753,-0.19346343061376772,1.0534443794740689,1.1696698351026809,2.535606450795363,5335.909830951065,4444.518306156687,1.200559759999097,9781.145922725591
day_custom_segments_008.csv,3,0,692.6271410700539,683.59375,84.89808266241872,57.141557457633745,32.999614940315745,86.62669485822454,2599,1799.99609375,1.443892022335118,1.0,0.23336419746920628,0.2082335025839098,-0.19610425960617026,1.0560816797009713,1.1718033832664736,2.5291160534061725,4589.460947573914,3700.339002311167,1.2402812133448902,8290.801195541755
day_custom_segments_008.csv,4,0,661.6354549632352,656.25,75.37512743892637,56.410006733248046,27.03199705774182,90.68437845933451,2721,1799.99609375,1.5116699472004063,1.0,0.22447351195117493,0.21160742348328793,-0.20546586286683402,1.062892956116158,1.1983751449620292,2.586802184203902,4033.350943971481,3206.867753345313,1.2577228792063546,7240.8842858645185
day_custom_segments_008.csv,5,0,715.4836605367793,710.9375,83.2411897363445,68.15461060792596,36.87350835322196,83.85935739606693,2516,1799.99609375,1.3977808111562742,1.0,0.24312352201063647,0.2055670821369251,-0.18303175000679653,1.057619600219409,1.1652856965147642,2.5242656419013243,5024.786170522235,4327.092321160497,1.1612384940228457,9354.215405911862
day_custom_segments_008.csv,6,0,726.0675191686844,722.65625,86.48107498129959,64.7341636104803,38.4739604360113,82.63694273047413,2479,1799.99609375,1.3772252109922114,1.0,0.2404147853615103,0.2052088672933437,-0.1850570915370905,1.05267719636335,1.1587372706367844,2.4968310900717854,5293.135564306617,4371.37526916812,1.2108627693531124,9665.454454468221
day_custom_segments_008.csv,7,0,715.6035575775657,707.03125,94.05952671240172,67.68860630242852,37.12693991245523,83.8453070344001,2515,1799.99609375,1.3972252543950834,1.0,0.23681335459205835,0.20705823081707922,-0.1919360406337032,1.0592176429786706,1.1646778415593841,2.536601710136775,5235.359362242342,4357.178050576232,1.2015481812936177,9593.226504840808
day_custom_segments_008.csv,8,0,695.6839485890994,687.5,85.65975106582067,64.17754938725996,33.101314771848415,86.24606061658405,2588,1799.99609375,1.4377808979620181,1.0,0.23277222600235958,0.20904748276739893,-0.1963706712631197,1.0594854034329888,1.1740916701977318,2.5291296372771384,4679.294843579963,3928.060642820394,1.1912481168366518,8607.72538683745
day_custom_segments_008.csv,9,0,675.3851976154713,671.875,72.1185407987079,58.396245911372475,29.63936889556724,88.83819220770195,2664,1799.99609375,1.4800032118125257,1.0,0.2233617885053908,0.21109099726978683,-0.20730038646897234,1.0569845514738097,1.1848919978081414,2.5445508595514474,4317.998168948821,3345.8167181586314,1.2905662601044177,7664.623575698165
day_custom_segments_008.csv,10,0,717.7450014958117,707.03125,98.85712458734119,71.70250949238448,36.11332801276935,83.59514852065483,2508,1799.99609375,1.3933363570667472,1.0,0.23074568950749033,0.20726236413505758,-0.19807473906724113,1.057018032876538,1.179276477369826,2.5805171850902524,5751.767835764787,4314.420678068017,1.3331495152995627,10068.215349744883
day_custom_segments_008.csv,11,0,679.4692572668931,671.875,83.80131380945626,62.32550195434396,29.796072507552868,88.30421591308614,2650,1799.99609375,1.4722254171558533,1.0,0.23296065510699426,0.20972734734644277,-0.19821470957141593,1.062125486139777,1.174804878492401,2.537185232837628,4545.885998314703,3551.4813801292157,1.2799971368987741,8098.204681818262
day_custom_segments_008.csv,12,0,723.775015084473,714.84375,99.49196050314609,74.24699802632107,38.028169014084504,82.89868916378289,2487,1799.99609375,1.3816696650817384,1.0,0.23755757333319918,0.2070912056674077,-0.19132915424440933,1.059268133408468,1.16419761463177,2.524648009250289,5583.120711742516,4755.568022215293,1.1740176327331182,10342.621096207604
day_custom_segments_008.csv,13,0,709.4618740141956,707.03125,79.75441557857519,64.17793733286702,36.646942800788956,84.57114074434317,2537,1799.99609375,1.4094475031412828,1.0,0.23413511598928163,0.2075946615536022,-0.19483363118890876,1.0580523491219525,1.1765985240312211,2.553446924125262,4989.526774656127,4022.604860525181,1.2403720841735142,9012.907913365982
day_custom_segments_008.csv,14,0,681.2139104505869,671.875,80.8147280983032,53.81575516143507,29.280303030303028,88.0780604734175,2642,1799.99609375,1.467780963066326,1.0,0.2266547751423613,0.21059094783190552,-0.2047461308190116,1.0610679350808205,1.1835099661298403,2.562208750008151,4369.078469489254,3173.615399808575,1.3766880730893813,7543.583783202918
day_custom_segments_008.csv,15,0,663.6331150866839,660.15625,76.11936490926013,57.570096098711886,25.166051660516604,90.41140147468799,2712,1799.99609375,1.5066699363496883,1.0,0.21669735922512287,0.21281907478456819,-0.21441160425493472,1.0571243023781927,1.1954170078375088,2.571468743516204,4192.614105737235,2998.8155648245506,1.3980900175774995,7192.952682012408
day_custom_segments_008.csv,16,0,691.389742604687,679.6875,87.82756504791993,55.87669546882046,28.747117601844735,86.78173293974648,2604,1799.99609375,1.4466698061410723,1.0,0.2208734266115558,0.21138851977488549,-0.21178488739753368,1.0582261286980292,1.1858172282517143,2.5701664701276665,4674.88500780067,3195.083166400045,1.4631497098299144,7870.845482903102
day_custom_segments_008.csv,17,1,710.2867153572838,707.03125,78.60707672174786,55.84045527355794,30.134281200631914,84.47293001927987,2534,1799.99609375,1.4077808328577102,1.0,0.2172269793392642,0.20953632187876167,-0.20952435336005115,1.054175404167516,1.2221075814472546,2.683519164570868,5047.373294003612,2898.477219143228,1.7413879469770626,7947.01944069789
day_custom_segments_008.csv,18,2,649.6676372336584,640.625,69.78600254899492,45.13275585779364,17.232658959537574,92.35491590051376,2770,1799.99609375,1.5388922284987598,1.0,0.1998524741418326,0.2154274678526397,-0.2300258597222204,1.0588832935140835,1.2518919287358652,2.734587804949466,3924.0533758894207,1835.5912691777949,2.1377598824857658,5760.225952565081
day_custom_segments_008.csv,19,2,634.3270840676771,628.90625,61.026105888704166,39.91111445907176,14.351198871650212,94.58842528880342,2838,1799.99609375,1.5766700882597402,1.0,0.20094786203820678,0.21614955264233712,-0.2276838575070723,1.0619103051292025,1.2617887039896232,2.7519284111553834,3515.9399265147485,1573.5271988310656,2.2344322545721824,5089.708893939845
day_custom_segments_008.csv,20,2,640.5207035421859,636.71875,61.64571189316969,47.99474664978226,14.850427350427351,93.67378707384482,2810,1799.99609375,1.5611144989463952,1.0,0.1967853734432893,0.21589285003487238,-0.23139526643372432,1.0577106075220812,1.2677690385278029,2.7663976162896016,3679.876416194974,1793.2007835510772,2.0521273746644875,5473.481722492481
day_custom_segments_008.csv,21,2,661.4731732536765,656.25,72.32881382066843,47.340082750841965,18.90400882677455,90.70662640008511,2721,1799.99609375,1.5116699472004063,1.0,0.1986919803596183,0.2153999606218382,-0.2320508619389488,1.0583097126049217,1.254465856063393,2.7527598505836823,4126.807403033564,1980.5903063240685,2.0836249626470336,6108.109772409871
day_custom_segments_008.csv,22,3,697.9429305663305,695.3125,68.78786227164302,46.45781074877793,20.294916569654635,85.96691415917677,2579,1799.99609375,1.4327808871113001,1.0,0.1936708628318958,0.2115888558938216,-0.22842338419932393,1.0475300741457312,1.2808632781799478,2.8504158576658756,5037.810800997917,1680.931437599967,2.9970352676554732,6719.976735403834
day_custom_segments_008.csv,23,1,667.8933509651076,664.0625,72.66275038899349,50.42433943280956,23.431117712588193,89.83470177282024,2695,1799.99609375,1.497225471409443,1.0,0.2086903210209922,0.213131673962144,-0.22006173274709742,1.057032425515577,1.2314046875968157,2.6848890359911866,4102.599282362439,2423.9387427574934,1.6925342253885869,6528.206791657737
day_custom_segments_008.csv,24,0,714.2283606150794,707.03125,95.76667391774373,63.29195285435781,36.24454148471616,84.00674533328413,2521,1799.99609375,1.4005585949622286,1.0,0.22690589014590498,0.20864535487326796,-0.2034654503488504,1.055672104215299,1.1812152739935318,2.566076766901871,4969.180669961192,4199.021085741094,1.1834140787802618,9170.038343168257
day_custom_segments_008.csv,25,0,678.4870498680241,671.875,80.91052374806966,60.93441312704003,30.177291588079967,88.43204894134811,2653,1799.99609375,1.473892087439426,1.0,0.2301776707244139,0.20961503245092583,-0.19963098604722593,1.0605032171735211,1.1821780129701254,2.5539901248315062,4624.844849808551,3584.1754954486446,1.2903511158093117,8210.93355623457
day_custom_segments_008.csv,26,0,739.4629187217427,734.375,89.21834970047853,70.02359566215138,40.29605263157895,81.139971296624,2434,1799.99609375,1.3522251567386214,1.0,0.23333196294163097,0.20688039771929256,-0.1954941252635761,1.0570529049459034,1.169760434999464,2.5488338939984865,5522.19594090723,4769.624436831844,1.1577842268384702,10295.613999239104
day_custom_segments_008.csv,27,2,691.3867337624904,679.6875,89.75986764003329,57.9495294290267,24.067666282199156,86.78211060470186,2603,1799.99609375,1.4461142493798815,1.0,0.20290075770543778,0.21238319872189598,-0.22593174689860981,1.0535737516161388,1.2414587963197126,2.7357189380098323,5051.427500997024,2743.9595807584783,1.8409263519839172,7797.878914436217
day_custom_segments_008.csv,28,3,671.6153612770725,664.0625,78.00716070224402,50.242079451118386,20.881583862532686,89.33684882655211,2680,1799.99609375,1.4888921199915799,0.9996267263904441,0.20006994925619734,0.21428388797205433,-0.23212806754473983,1.0546328439522858,1.234187756553332,2.7031577725938933,4662.96966252918,2215.821540084694,2.104397659366986,6879.6752366314595
day_custom_segments_008.csv,29,3,676.9598852520692,673.828125,76.49529604633268,51.664271424451236,20.286036883703424,88.63154421278406,2659,1799.99609375,1.477225428006571,1.0,0.19818229625063777,0.21410988438713546,-0.22986736739505442,1.0533895120848649,1.2547690930593831,2.7481430663875073,4672.303591631573,2052.4936347612615,2.2764034501744206,6725.077757256944
day_custom_segments_008.csv,30,3,669.0171933085502,664.0625,74.28727000083065,48.723696553039744,19.709929341762734,89.68379378006216,2691,1799.99609375,1.4950032443646797,1.0,0.20077120185566408,0.2139444507428628,-0.22701811890433193,1.0531865479288673,1.2383933538522696,2.694844588939295,4432.058024495515,2034.0835127388189,2.178896784099052,6467.30452180229
day_custom_segments_008.csv,31,3,660.2895642201835,656.25,75.45156692857415,48.56199270759129,15.7856093979442,90.86922352144293,2726,1799.99609375,1.5144477310063607,1.0,0.19346540724403874,0.21556144880757133,-0.2353912522229836,1.057590702942167,1.2699943706388406,2.7976810709788746,4405.0118741263,1785.5385124030363,2.467049488727012,6191.694216640875
day_custom_segments_008.csv,32,3,658.8527358058608,652.34375,80.34478270688899,42.73394686454652,15.976548186148772,91.06739145070462,2732,1799.99609375,1.517781071573506,0.9996338337605273,0.19693847294231603,0.21536910353933386,-0.2322687450571886,1.0582579069662197,1.260609229666115,2.767990623107751,4302.779189072546,1611.9993527303268,2.6692189310031087,5915.806701483974
day_custom_segments_008.csv,33,3,661.5454900698786,652.34375,82.3865275127699,50.46569339008662,15.121412803532008,90.69671080920261,2720,1799.99609375,1.5111143904392155,1.0,0.19057771232112367,0.21587370860056537,-0.23717450173324128,1.0546770469612117,1.2732804952512102,2.8074888092293313,4514.995342579228,1700.2409618338838,2.655503216267266,6216.882796513155
day_custom_segments_008.csv,34,3,665.197550831793,656.25,84.34775415179884,53.520593415436785,15.088757396449704,90.19876865898453,2706,1799.99609375,1.5033365957825429,1.0,0.18259777988402529,0.21653172726205427,-0.24623770528690014,1.0505602229023587,1.2794762600538416,2.8262414789580217,4623.518381605767,1794.172337147965,2.57696447876092,6419.06700629475
day_custom_segments_008.csv,35,2,677.092644429808,671.875,77.9223114183767,54.9523772251244,21.64909638554217,88.61416601346642,2658,1799.99609375,1.4766698712453803,1.0,0.19704164658343265,0.21357923665643586,-0.23181718984421582,1.0511332274304725,1.255706184033824,2.76495004254214,4753.028585896948,2226.9709694127023,2.134301996379602,6981.586373188948
day_custom_segments_008.csv,36,2,645.6315034086832,644.53125,60.62043571671388,44.83537970903585,17.15721464465183,92.93226814866273,2788,1799.99609375,1.5488922502001958,1.0,0.20260744067172892,0.21541062259892668,-0.22765232908416114,1.059130875447752,1.2443080998886773,2.7011192825719887,3687.9730121661078,1887.3032294311358,1.954096699806805,5576.605267571185
day_custom_segments_008.csv,37,1,723.3768966036978,718.75,86.95047613203386,63.621505548467404,31.88580619219944,82.94431337481741,2489,1799.99609375,1.3827807786041202,1.0,0.22231878137141425,0.20781249220530576,-0.20194519373799916,1.0554210080648887,1.2222260656719917,2.695255176229383,5285.091323863649,3343.758281913363,1.5805841446288451,8631.123500194628
day_custom_segments_008.csv,38,1,715.0921601748807,710.9375,78.79257157960399,56.97322087265864,28.58846918489066,83.90526891712334,2517,1799.99609375,1.3983363679174652,1.0,0.21271124490780352,0.21107635783238657,-0.21402601495074045,1.0598987314900685,1.2485594623923921,2.766905998224438,4462.220392045005,2782.7104363662297,1.6035518226150558,7246.208488016817
day_custom_segments_008.csv,39,1,691.7590435242122,683.59375,78.95507160632472,57.25069311811697,25.75932333717801,86.73540383993542,2603,1799.99609375,1.4461142493798815,1.0,0.21258526471162578,0.2120137314146995,-0.21559073632393475,1.0597094502029134,1.2403851309772984,2.723967039645536,4604.4244236956965,2783.7138901690914,1.6540580696732485,7390.10062804646
day_custom_segments_008.csv,40,1,689.6852832630368,679.6875,80.70255853156326,58.45588763298981,24.62600690448792,86.99620168220524,2609,1799.99609375,1.4494475899470267,1.0,0.20956098777055363,0.2130684542750305,-0.21900047611845902,1.0612038350525501,1.239881803867914,2.7255258556459556,4243.594480034793,2741.370531322298,1.547982817918415,6987.500810332454
day_custom_segments_008.csv,41,1,663.2446784002949,660.15625,65.74244704615562,46.57565005864563,22.382005899705014,90.4643519262247,2714,1799.99609375,1.50778104987207,1.0,0.20801141203634163,0.21389735737193002,-0.22301622301456625,1.059649251045997,1.2339325435073902,2.6963284780639323,3880.1815937373385,2249.0107520074075,1.7252837009667432,6130.344426837119
day_custom_segments_008.csv,42,0,717.2678357911518,710.9375,88.67281701070614,63.023855614126745,35.76555023923445,83.65076057511982,2510,1799.99609375,1.394447470589129,1.0,0.22435747929672303,0.20918578702150778,-0.20627411494961978,1.0578468513405803,1.1860161831594025,2.591081930262511,5156.944272603685,3911.713448269913,1.3183338556878488,9068.805659486083
day_custom_segments_008.csv,43,0,701.2838084795321,695.3125,93.24145900895118,66.69972632064561,31.084243369734786,85.55737245679069,2566,1799.99609375,1.4255586492158185,1.0,0.22829567079603957,0.2091828108985387,-0.20279771848388892,1.055525701033064,1.1658024093416355,2.5172384531981327,5081.614389603079,3848.8357226026874,1.3202991127318766,8933.654539815765
day_custom_segments_008.csv,44,1,698.7044902912621,691.40625,89.08200709833515,55.37818985368224,27.972027972027973,85.8732136886488,2576,1799.99609375,1.4311142168277275,1.0,0.21509920213171557,0.21068533829908948,-0.21391374429191878,1.0544953369999228,1.2097308527803852,2.6455094775267534,4790.804666003112,2894.865588584986,1.6549316434221264,7686.460064306928
day_custom_segments_008.csv,45,1,687.10310828877,675.78125,86.27252140145622,54.77650644537856,24.68475353458158,87.32313866172134,2619,1799.99609375,1.4550031575589357,1.0,0.20943093453822131,0.212652420057158,-0.22095497703147976,1.0583139041018637,1.2322482848054837,2.700272015144837,4484.1874507726,2692.545917232642,1.66540797765907,7178.422319841562
day_custom_segments_008.csv,46,0,676.4332706766917,671.875,79.77410086385503,61.36152502222155,30.011282437006393,88.70054534718122,2661,1799.99609375,1.4783365415289529,1.0,0.23103343662230294,0.20957551450143608,-0.19728539950052554,1.0605757464867125,1.1842047572615408,2.5496022649646517,4627.65037879748,3452.3726761292664,1.3404260816899733,8080.79460412723
day_custom_segments_008.csv,47,0,691.1526363810988,683.59375,83.44813206161113,61.266515112843074,32.12913143735588,86.81150420573125,2604,1799.99609375,1.4466698061410723,1.0,0.22649433216128967,0.20945510412127608,-0.2017990391102568,1.0562445729388878,1.187796116804127,2.563656181895174,4692.474440184991,3700.9152786205123,1.2679226858535586,8393.50524953359
day_custom_segments_009.csv,0,0,737.522412909836,734.375,93.19896977342037,76.94399830668806,40.59040590405904,81.35345984032509,2441,1799.99609375,1.3561140540669576,1.0,0.23452804864950932,0.20599694397018167,-0.193595240316261,1.053027913046297,1.1628987644071962,2.5238176716140326,5826.419733207351,5011.995939898274,1.1624949028441565,10840.644499504513
day_custom_segments_009.csv,1,0,708.0028163124754,699.21875,87.97703976959973,66.97209098534395,35.669291338582674,84.74542560791049,2542,1799.99609375,1.4122252869472374,1.0,0.23382459730928984,0.20802996808668417,-0.19710036200854877,1.056775075078554,1.1644032021120658,2.5198954047230173,5037.090384145208,4136.872431587628,1.2176083423998887,9174.258043832078
day_custom_segments_009.csv,2,0,696.5949235385211,691.40625,84.66836930351569,66.55887524541663,33.6560805577072,86.13327196703587,2584,1799.99609375,1.4355586709172545,1.0,0.22771908156923795,0.20996234575199108,-0.20348766617471037,1.0596820024266125,1.175633330604678,2.5409005925625023,4915.25947986828,4027.3672882864707,1.2204646678648428,8943.855995553953
day_custom_segments_009.csv,3,0,706.5159378680801,703.125,76.27657299228068,65.36301012789876,35.86017282010997,84.92377423367219,2548,1799.99609375,1.4155586275143826,1.0,0.23813168267828555,0.20692565938613175,-0.18990690557983786,1.058231946700043,1.1722056625799615,2.5409536294412782,4915.728353385543,4016.869745652062,1.223770912339496,8934.489234785846
day_custom_segments_009.csv,4,0,698.7363470873786,695.3125,80.82335079810314,68.42522791701685,33.72183372183372,85.86929855603584,2576,1799.99609375,1.4311142168277275,1.0,0.23536604992751048,0.20839071497105738,-0.19333632601912865,1.0618533113035997,1.1808935731582433,2.5606065095576693,5009.418844635423,4026.509633539551,1.2441094894964486,9036.785602427904
day_custom_segments_009.csv,5,0,724.3027249396135,718.75,93.57152427608777,71.26383568982068,38.38099073701168,82.8382911371793,2485,1799.99609375,1.3805585515593566,1.0,0.23495985403634362,0.20648120358174765,-0.1939694443310168,1.0534445978576852,1.1574861369316398,2.5061960789917266,5497.371490005261,4554.414239587357,1.2070424868738638,10052.553154833433
day_custom_segments_009.csv,6,0,704.0587710289515,699.21875,88.7927209309309,66.01985185969595,34.794520547945204,85.22015841420823,2557,1799.99609375,1.4205586383651005,1.0,0.22545813712836524,0.20935415666652984,-0.20484754326743002,1.056584856463417,1.1751061940647898,2.5492287518826875,4994.7793066545355,4092.8154106238453,1.2203773699858134,9090.29148988845
day_custom_segments_009.csv,7,0,691.9861778846154,681.640625,89.88823032022496,64.41846739433349,32.28164678722585,86.70693420989782,2601,1799.99609375,1.4450031358574997,1.0,0.23034043197323753,0.20897066770447323,-0.20031245719048196,1.0579767281023371,1.1764207028369902,2.5468105791265914,5000.373215937163,3858.728987038863,1.2958601738378062,8859.640667839501
day_custom_segments_009.csv,8,0,711.3344577896402,707.03125,84.28049006232457,63.295778877075854,35.75949367088608,84.34850771385454,2530,1799.99609375,1.4055586058129466,1.0,0.24106902290170842,0.20562748198408082,-0.18406065619701054,1.0549338052958477,1.1633106944508642,2.5061897924024863,5050.977281852705,4105.397813033487,1.2303259055230331,9157.339570630324
day_custom_segments_009.csv,9,0,705.3606428851431,699.21875,85.74916717521751,68.6452574295593,34.66666666666667,85.06286905175408,2552,1799.99609375,1.4177808545591462,1.0,0.23379650312168224,0.2076327581508533,-0.19349968211569094,1.0558221280563826,1.1716567544866676,2.5315930590240883,5157.5301938200555,4215.847935136931,1.223367226041216,9375.201604974387
day_custom_segments_009.csv,10,0,678.7474066390041,671.875,78.67072284255617,56.62616214991979,27.660377358490567,88.39812780590314,2652,1799.99609375,1.473336530678235,1.0,0.2203338520061558,0.21169054939061205,-0.20972426665647687,1.0599448072835551,1.2002606887943672,2.5898929987199195,4376.292832579978,3210.2977173946765,1.3632046675507612,7588.226660113364
day_custom_segments_009.csv,11,0,684.5108566400304,671.875,89.80181890635151,60.628087820887586,29.158736200989722,87.65383254038396,2629,1799.99609375,1.4605587251708445,1.0,0.2201493845064275,0.21157137187372815,-0.21402649611112876,1.0576999517385766,1.1808389674231012,2.5531887165850375,4716.562796842946,3396.5552592992763,1.3886312563087795,8114.812546642296
day_custom_segments_009.csv,12,0,675.0527673545967,667.96875,81.11571297548495,59.326381563002215,29.241741741741738,88.88194064462336,2666,1799.99609375,1.4811143253349075,1.0,0.2283832564722006,0.21072650728472742,-0.20175030374914396,1.0596275804524216,1.1782453228838465,2.522513019876031,4347.518264139109,3476.03028904492,1.250713573423332,7823.852599241816
day_custom_segments_009.csv,13,0,679.7332475443899,675.78125,78.42200418775074,56.59634459570934,29.894179894179896,88.26992090905736,2648,1799.99609375,1.4711143036334715,1.0,0.2286260199970933,0.20966330095278585,-0.20025131941000535,1.056663570047731,1.182075053346616,2.5412080680308695,4426.000836648578,3466.123499781783,1.2769310836521626,7892.525234848215
day_custom_segments_009.csv,14,0,693.5415863531226,687.5,86.72861389391346,64.89758449454955,30.69803316621674,86.51247622438964,2595,1799.99609375,1.4416697952903543,1.0,0.23565212078646033,0.20835197230596267,-0.1915056756498619,1.0623549682313502,1.1837866183774148,2.5682609886158647,4878.315749101981,3684.8266886433557,1.3238928615386338,8563.50897476287
day_custom_segments_009.csv,15,0,731.5548780487804,726.5625,93.2692833705562,73.69278952478689,35.82757218381456,82.01708689310273,2461,1799.99609375,1.3672251892907754,1.0,0.22890413879721816,0.20780747242308306,-0.20306726700496822,1.0507734205235164,1.1461290313603258,2.47205365011344,5736.611801587685,4547.090023477963,1.261600665913336,10286.008569095986
day_custom_segments_009.csv,16,0,707.4751769563508,703.125,82.84408574746834,60.66496056772813,31.156569630212434,84.80862926969073,2544,1799.99609375,1.4133364004696192,1.0,0.2262141014837333,0.20892095503072364,-0.19900820216394155,1.0558450313981618,1.2006467063672002,2.600887260899094,4637.365813461953,3421.587885184555,1.3553256467681878,8060.853519411471
day_custom_segments_009.csv,17,1,676.305509868421,667.96875,76.33571965667552,50.14013627385112,23.881158330199323,88.7173017585992,2661,1799.99609375,1.4783365415289529,1.0,0.21541549899206255,0.21237667114488465,-0.21265725538622485,1.0605304050015478,1.2272648682396412,2.6759580740738715,4044.9720481916092,2579.339679966396,1.5682199904140999,6625.21191231181
day_custom_segments_009.csv,18,2,637.148935463881,632.8125,67.40766731589906,46.29964545743225,14.948636202621323,94.16950521359117,2825,1799.99609375,1.5694478503642586,1.0,0.19773553297907895,0.21606235047679506,-0.2301291548715049,1.0580116622807265,1.2588266084695519,2.744651431914368,3716.216221532802,1792.5252030086353,2.073173763635445,5509.585974336123
day_custom_segments_009.csv,19,2,678.9342570754717,671.875,80.14485809827038,53.17615095375098,22.04605511513779,88.37379963481543,2651,1799.99609375,1.472780973917044,1.0,0.20256002954076258,0.2132225106901869,-0.22633779487557057,1.0554058991460664,1.2531660859640645,2.7640076876426645,4641.486897131084,2280.406545867501,2.0353769399330472,6924.72618634141
day_custom_segments_009.csv,20,2,692.0417668269231,687.5,80.32578650216296,53.184475949739166,24.355521354367063,86.69996938928364,2601,1799.99609375,1.4450031358574997,1.0,0.2050908319972592,0.21140177435517504,-0.22069106987045814,1.0515798239631615,1.2474066810704967,2.745754553041514,4941.93228642517,2346.5583403372984,2.1060342721821304,7289.399151340765
day_custom_segments_009.csv,21,2,637.540972714387,632.8125,62.14889875116315,45.046130847292694,14.214817440623891,94.11159841938425,2823,1799.99609375,1.5683367368418768,1.0,0.19484486483309632,0.21662678394788729,-0.23417719587862762,1.0578623412701598,1.268447166278689,2.7729921672287348,3518.0365183891963,1688.285402981616,2.08379253423392,5207.020662881729
day_custom_segments_009.csv,22,3,672.0924192192753,667.96875,69.66703948420734,42.92626398681742,15.881913303437967,89.27343663494669,2678,1799.99609375,1.487781006469198,1.0,0.18924503342754254,0.21565652624849416,-0.24094472848338758,1.0559211244576268,1.274787430052146,2.824139891659924,4441.361401808262,1483.2228138054447,2.9943993312867407,5924.794962374546
day_custom_segments_009.csv,23,1,710.2959682195026,707.03125,81.49066898968029,60.40931420438536,29.265402843601894,84.47182960984824,2534,1799.99609375,1.4077808328577102,1.0,0.21228801391531413,0.21119334773796217,-0.2155810413319711,1.0594555426675332,1.2401417137283817,2.7391644434443285,4817.844016078974,2998.8281654520906,1.606575552271651,7817.425254842086
day_custom_segments_009.csv,24,0,701.9138187402496,695.3125,85.9151379690424,65.5370280936875,34.99804916113929,85.48057952140648,2565,1799.99609375,1.4250030924546278,1.0,0.23676048007490172,0.20729263128817968,-0.19089505815354912,1.0580376451076996,1.172200352189488,2.534922861808656,4971.104347011365,4046.6969705101783,1.2284350380662785,9018.1155629154
day_custom_segments_009.csv,25,0,689.2324540405974,679.6875,84.15766523506679,56.567164221282965,32.56704980842912,87.05335862850396,2612,1799.99609375,1.4511142602305995,1.0,0.23264647342966813,0.20954120658363648,-0.19933019410024164,1.059718508176815,1.1625971344564032,2.5052794887347054,4552.887287257031,3647.144095401581,1.248343133192197,8200.132429817615
day_custom_segments_009.csv,26,0,723.9923918511066,718.75,93.00099834837411,69.78537495186332,38.64734299516908,82.87379905552842,2486,1799.99609375,1.3811141083205476,1.0,0.23227753935784515,0.20721288139903438,-0.19715532565286728,1.0579853510828334,1.1714051432341,2.5616716381186255,5471.220090133393,4618.609136905842,1.1846034007109643,10091.816280910127
day_custom_segments_009.csv,27,2,631.6507746664325,625.0,69.39126786011495,41.61168374168946,13.206884439761152,94.98919720582201,2849,1799.99609375,1.58278121263284,1.0,0.18991413268111793,0.21783616997454405,-0.24104387725879411,1.0551434839859368,1.2611843881597662,2.7457729110276747,3514.902974899372,1539.7251578650275,2.282811940134246,5055.120192245808
day_custom_segments_009.csv,28,3,720.2934222377902,714.84375,81.31972552909093,63.85837076448971,30.316379655586704,83.29938626066229,2499,1799.99609375,1.3883363462160292,1.0,0.2115369081616694,0.21004927332716422,-0.21546511581607514,1.0538550542982883,1.2266687452142324,2.7038480492674153,5660.228812417836,3251.128687390602,1.7410042347357246,8912.365275398724
day_custom_segments_009.csv,29,3,692.4782885873749,687.5,76.25521553826835,55.18163360589978,23.21909896033885,86.64531580101573,2599,1799.99609375,1.443892022335118,1.0,0.20129009726630104,0.21328349134337057,-0.22979569973910408,1.0517712844193265,1.224250414402987,2.673533143693058,4928.466017268997,2423.010674962324,2.034025713628204,7352.502801993434
day_custom_segments_009.csv,30,3,653.2724591651543,648.4375,72.29302060136543,49.38237876472174,15.758896151053015,91.8452923557755,2756,1799.99609375,1.5311144338420872,1.0,0.19418867738135334,0.21525611893284946,-0.23330214180973313,1.0534047799771087,1.2647616622247408,2.76657221800984,4067.9492011091997,1813.0270952214833,2.2437332634635836,5882.046973797035
day_custom_segments_009.csv,31,3,646.6001729249011,636.71875,73.23516393908194,43.015698405659975,15.636232925952553,92.79304663435136,2784,1799.99609375,1.5466700231554322,1.0,0.1946319749553446,0.21618359657339625,-0.237436533394795,1.0530283769209683,1.234483566456258,2.6660011694190735,3928.0140200372452,1779.0457172913839,2.207933153071349,5707.53109967564
day_custom_segments_009.csv,32,3,675.4205377252252,667.96875,78.49521232232799,54.69059079766954,18.963574915508826,88.83354391632257,2665,1799.99609375,1.4805587685737165,1.0,0.1962897659834014,0.21422679800484773,-0.23642564278835973,1.0526392232956263,1.243698322110351,2.7373173989680146,4961.636961269405,2085.874989161565,2.3786837595975863,7048.501189490777
day_custom_segments_009.csv,33,3,634.5169201940035,625.0,69.35178219070666,37.27191848106231,10.903316866619619,94.56012612186133,2836,1799.99609375,1.5755589747373584,1.0,0.18061369453712672,0.21905170643517888,-0.25040478391644205,1.052886765406505,1.2758240265963532,2.783366896884457,3626.791567878544,1201.3011551973575,3.0190527597409256,4828.422824297689
day_custom_segments_009.csv,34,3,678.1361859457422,679.6875,72.84660143303933,43.30899730024234,16.73577082548059,88.47780319571474,2655,1799.99609375,1.4750032009618077,1.0,0.19359154649461352,0.21275467879716695,-0.2303237658910447,1.048744544058741,1.2749407554710985,2.8171244903781862,4646.72012234561,1550.2577329510502,2.9973855466601513,6197.250334643208
day_custom_segments_009.csv,35,2,657.0888878743608,656.25,68.21975300256473,45.863560301773525,20.131530873218853,91.31184700763399,2739,1799.99609375,1.5216699689018423,1.0,0.21205834271472623,0.21324249758797145,-0.21610861633585768,1.056236330246461,1.2221207306363204,2.6381452499904907,3868.7671708980815,2187.6982927385543,1.768418974288804,6057.776098118168
day_custom_segments_009.csv,36,2,661.3564061925763,656.25,73.67500589772662,47.65555547724991,19.33823529411765,90.72264128417464,2722,1799.99609375,1.512225503961597,1.0,0.20393031922547025,0.21363039931139913,-0.22379601002317104,1.0568982192816654,1.2544432948818403,2.747175658965546,4059.737091471457,2034.25235271921,1.9956900067215146,6094.305137142762
day_custom_segments_009.csv,37,1,721.2706663326653,714.84375,92.39078475100867,63.03095797471632,32.31756214915798,83.18652456098461,2497,1799.99609375,1.3872252326936474,0.9995993589743589,0.21688678746672752,0.20955791443536695,-0.2136543786139831,1.0549115269700169,1.2034458104261063,2.649551635819979,5416.558943369151,3416.550976736971,1.5853880068671824,8834.359777535572
day_custom_segments_009.csv,38,1,705.0138371865204,699.21875,83.0446760746033,56.556726254432164,30.184241473931788,85.10471261023808,2553,1799.99609375,1.4183364113203372,1.0,0.21820490647641802,0.2091794174538305,-0.2076044775055439,1.0555128714680364,1.2251843806497282,2.6927673299758594,4973.679417952482,3045.1538863749556,1.6333097122632783,8021.0872108070935
day_custom_segments_009.csv,39,1,687.4358408135981,679.6875,81.09554440800412,57.935025178402604,23.65303782957585,87.28087253784796,2619,1799.99609375,1.4550031575589357,1.0,0.20836344143405902,0.21304149368108846,-0.22049176090432096,1.0593053645234014,1.238779461950462,2.7221112602927353,4346.1558734617465,2628.079626366685,1.6537382771275841,6974.907017332521
day_custom_segments_009.csv,40,1,718.4535992412141,718.75,82.49672719434028,55.21236186216246,31.92169396723931,83.5127001428739,2505,1799.99609375,1.3916696867831744,1.0,0.2220300346700129,0.2077922603244112,-0.20329195741781197,1.052889994801346,1.208699940896155,2.655504143404255,5067.241889245459,3023.5347442980365,1.6759330776011647,8091.0920525387555
day_custom_segments_009.csv,41,1,694.1234447337963,687.5,75.48115453928243,59.64004556851087,26.823620223851798,86.43995596923057,2593,1799.99609375,1.4405586817679725,1.0,0.21096812184136773,0.21212085828542865,-0.21781705308807373,1.0589439559463367,1.2378947463784626,2.7196792236968537,4534.533828487734,2890.258702499862,1.5689024046759878,7426.8821628463675
day_custom_segments_009.csv,42,0,678.718302224736,671.875,80.66123293943762,60.406170450736525,27.64994341757827,88.40191844441068,2653,1799.99609375,1.473892087439426,1.0,0.21611842860511726,0.21235293247695602,-0.21662984012544173,1.0605120439153897,1.1967165423817323,2.6005058420777334,4526.75792476366,3253.7283103870213,1.391252585630057,7780.673045840361
day_custom_segments_009.csv,43,0,690.2175868188795,687.5,83.59802043550089,56.035973682439995,29.712092130518236,86.9291092342807,2607,1799.99609375,1.448336476424645,1.0,0.22155465190426193,0.2112748670813923,-0.21051934324123006,1.0565485722505477,1.1729359928843919,2.5301327197672916,4482.836239427808,3264.7502661212993,1.3731023429101856,7748.497432496855
day_custom_segments_009.csv,44,1,676.9481282919488,671.875,69.57694810221447,57.531277177034255,22.544222807677833,88.63308352944242,2659,1799.99609375,1.477225428006571,1.0,0.2102165116951651,0.21344526549888393,-0.216620555870599,1.0624599637840006,1.2528645262718914,2.750647156117331,3949.535967210124,2500.893430805057,1.5792500066421213,6451.184741775077
day_custom_segments_009.csv,45,1,720.8495115230461,718.75,83.31024500578401,62.47287825597566,31.3953488372093,83.2351261128402,2496,1799.99609375,1.3866696759324564,1.0,0.22247421661908293,0.20755277220453539,-0.2008293464736574,1.0535280435252592,1.2235332081357941,2.6926359901996437,5155.143542705717,3221.2613020903186,1.600349384683719,8376.983545537456
day_custom_segments_009.csv,46,0,725.9177638216304,718.75,98.30259252822952,70.57244492036445,38.19136051675414,82.65399056241164,2479,1799.99609375,1.3772252109922114,1.0,0.24002527760479572,0.20579424538462412,-0.18889724848211462,1.0556354578410638,1.150228388620437,2.4925616204515832,5566.1384869854155,4615.9014840087,1.2058616299045182,10183.941610016635
day_custom_segments_009.csv,47,0,725.8707518152481,722.65625,92.66287236599634,65.46723320399141,38.57949959644875,82.65934376051491,2480,1799.99609375,1.3777807677534022,1.0,0.23900824894410178,0.20559913107381814,-0.18832372764525052,1.0540240367151061,1.1569263228179363,2.503853667906585,5242.816242996253,4435.617474553917,1.1819811498789161,9679.141129573949
day_custom_segments_010.csv,0,0,717.3628063969709,707.03125,93.23318653806099,69.93717526760986,37.00159489633174,83.63968617408007,2510,1799.99609375,1.394447470589129,1.0,0.2352408295696496,0.20722974318131543,-0.1937174236561519,1.0548593598914426,1.1550107226004365,2.4980558067748126,5416.873416501255,4428.082106695409,1.2233001299390454,9845.9947800716
day_custom_segments_010.csv,1,0,717.3996336722488,710.9375,92.02191685004249,65.05577371428511,37.13601914639011,83.63539258149608,2509,1799.99609375,1.393891913827938,1.0,0.232834512334981,0.2075534697418772,-0.19643624299571055,1.056343864921249,1.1691846089246625,2.534555128762634,5153.719390789175,4239.192437233684,1.2157314080679649,9395.088904698961
day_custom_segments_010.csv,2,0,709.9617082675612,699.21875,98.05939397772497,66.60294487502755,35.057244374259774,84.51160013462018,2535,1799.99609375,1.4083363896189012,1.0,0.23628025630493588,0.20684393294376444,-0.19206388879983932,1.0531803797737695,1.1559788839714369,2.484765343578339,5060.821444833859,4260.403996729842,1.1878736027659331,9322.977735019533
day_custom_segments_010.csv,3,0,677.8469279661017,671.875,76.65859353955413,57.46311862597148,29.577995478522983,88.5155593756715,2656,1799.99609375,1.4755587577229985,1.0,0.226555577266124,0.21097199139468142,-0.2041284495410105,1.0595686599321286,1.1758014995600936,2.5190313629937813,4375.17339490619,3410.192696032571,1.2829695518368451,7785.75679093265
day_custom_segments_010.csv,4,0,701.7005289586583,695.3125,85.21439451822017,61.25775939619665,34.25673039406945,85.50656230663179,2565,1799.99609375,1.4250030924546278,1.0,0.2351774678146804,0.2082351137244376,-0.19357663392234678,1.0580743787823297,1.1651789910423886,2.511514907187577,4707.558111037695,3953.5444192518253,1.1907184065301486,8662.502044314291
day_custom_segments_010.csv,5,0,709.8634738658777,703.125,91.73735439507206,71.48874423405734,35.47750591949487,84.52329526583932,2536,1799.99609375,1.408891946380092,1.0,0.23308118614757237,0.20844978532282035,-0.1959360088465313,1.0589509986040733,1.1712204314853258,2.5306135590068606,5145.482126580141,4339.884067316432,1.185626631211338,9486.072380726546
day_custom_segments_010.csv,6,0,701.802087397581,691.40625,94.01308541000249,60.496120972369596,34.15300546448087,85.4941885717264,2564,1799.99609375,1.4244475356934367,1.0,0.23195038090475084,0.20839169205096172,-0.19850902468446244,1.0548531026270163,1.1617677200104901,2.497312840049546,4948.303454133475,3983.3658520134727,1.2422417719005787,8932.74546443538
day_custom_segments_010.csv,7,0,686.1433115707206,683.59375,75.4132317459556,58.68237560779759,31.46453089244851,87.44528874390379,2624,1799.99609375,1.4577809413648901,1.0,0.23148965418171974,0.20910196143760557,-0.19803785910932095,1.0623662195389214,1.1876148955504293,2.574497769548381,4526.391245220262,3518.7004655450346,1.2863815177058953,8045.6083307178205
day_custom_segments_010.csv,8,0,706.4392545151159,699.21875,89.96972197862793,66.93750918556022,35.54595443833464,84.93299263385732,2548,1799.99609375,1.4155586275143826,1.0,0.2336805969977042,0.2075449410543287,-0.1955893540203668,1.0571926434471846,1.1704118287555636,2.5396056200962227,5185.081516106692,4163.15124624071,1.245470368339074,9348.821757641019
day_custom_segments_010.csv,9,0,732.6143246131921,726.5625,91.017847402867,72.72244038142938,39.307535641547865,81.89848052954599,2457,1799.99609375,1.3650029622460118,1.0,0.23792886862740434,0.20617680119159884,-0.1901636517128642,1.0581218351566866,1.1675885458550066,2.5433138784158147,5468.044656213523,4712.13760005516,1.1604170167164716,10180.916376479207
day_custom_segments_010.csv,10,0,707.6705104248623,699.21875,86.7460803899395,65.79809002639519,34.31719795356159,84.78522012168905,2543,1799.99609375,1.4127808437084282,1.0,0.2365883215940724,0.20708770510152405,-0.1897575079223367,1.0579631077913285,1.1752004586364309,2.5482349830915614,5113.4802883708135,3934.003116212307,1.2998160238607328,9049.072139804308
day_custom_segments_010.csv,11,0,684.775435216895,679.6875,77.73371122259336,55.83767829378686,28.13094784925771,87.61996548692737,2629,1799.99609375,1.4605587251708445,1.0,0.22181975734801285,0.21048124060954695,-0.20444793362613112,1.0572828474791587,1.20197856467608,2.598228251677703,4573.397862881195,3029.4958828855874,1.509623395997173,7603.756408079496
day_custom_segments_010.csv,12,0,742.2132838283828,738.28125,87.85572905998102,78.30567480087525,41.188609162195625,80.83929688042798,2425,1799.99609375,1.3472251458879034,1.0,0.23266139237208114,0.2064903168933963,-0.19864480424161865,1.054828614964161,1.1627204576406638,2.5375062839590394,5706.147152024678,5023.492919894661,1.1358923448317175,10729.679813780982
day_custom_segments_010.csv,13,0,698.0060996313542,691.40625,83.1942329025083,65.8352336383839,33.69565217391305,85.95913421342374,2578,1799.99609375,1.4322253303501093,1.0,0.23689062807030534,0.20727177452652648,-0.19041250717511254,1.0574643674714452,1.170883378724185,2.524359941142172,4936.884027729078,3962.3114442378187,1.2459606210179488,8899.61168807785
day_custom_segments_010.csv,14,0,710.814079778831,699.21875,102.40234071446181,68.08216523827174,34.53180561043066,84.41025819109962,2533,1799.99609375,1.4072252760965194,1.0,0.2332527841280497,0.20776949789563956,-0.19800569690924105,1.0572060477089955,1.1638141056457814,2.529738309795024,5469.369476081356,4169.781988389212,1.3116679700067906,9643.456304257876
day_custom_segments_010.csv,15,0,674.5040658980128,667.96875,74.18199079290525,53.46070277596043,25.84396099024756,88.9542451017222,2668,1799.99609375,1.482225438857289,1.0,0.22196511231403232,0.21160692421449612,-0.2069263792853399,1.0575284816327926,1.1899252601137673,2.548849060662105,4363.042298140761,2796.2400555089957,1.5603246543675457,7160.558203271443
day_custom_segments_010.csv,16,0,698.4954265333851,695.3125,86.01409709491836,56.674943047592166,30.718446601941746,85.89891604269833,2577,1799.99609375,1.4316697735889183,1.0,0.22507925420748304,0.20965134475573138,-0.2041194998470418,1.0588227506081704,1.197043801174158,2.609543925303625,4611.835062759951,3197.1326132333793,1.4424910132507236,7809.709327920467
day_custom_segments_010.csv,17,1,708.7042577817178,703.125,79.6753296369897,60.329522028841474,28.85297595585337,84.66154865190623,2539,1799.99609375,1.4105586166636646,1.0,0.21529619638810749,0.20981259010012268,-0.21015862062395807,1.0528160713277865,1.222904066894068,2.6787491464461035,4868.081110462867,3020.3235669819287,1.6117746997972533,7889.181312365785
day_custom_segments_010.csv,18,2,683.2406594189138,675.78125,81.27739508989676,48.276831774953955,22.30243161094225,87.81678779338034,2634,1799.99609375,1.463336508976799,1.0,0.19989770239025428,0.21268416407628096,-0.22722894353564907,1.0538153645891843,1.2567754505778177,2.779341426903153,4534.09771175743,2129.8124397616452,2.128871832613043,6665.005469376142
day_custom_segments_010.csv,19,2,696.1919729206963,691.40625,75.15538756682066,54.66292924709129,23.45201238390093,86.18312524961364,2586,1799.99609375,1.4366697844396363,1.0,0.20291115876026886,0.2117763759210719,-0.22172958909329857,1.0520666032163581,1.2575717076127764,2.7732688920155915,4730.281181427716,2324.0015202996433,2.0354036518951246,7056.325397256776
day_custom_segments_010.csv,20,2,656.2428744071507,644.53125,77.39778266467336,49.91435491461891,18.21167883211679,91.42956417500754,2742,1799.99609375,1.5233366391854148,1.0,0.19762811566906863,0.2146650624891809,-0.23092179548958391,1.0544700042787167,1.2542805529550165,2.7484115660902444,4270.816261523998,2036.8825610033314,2.0967415320303355,6309.310842488914
day_custom_segments_010.csv,21,2,697.3428415697674,695.3125,81.841375712231,55.991790668440906,24.50562233423808,86.04089183010154,2581,1799.99609375,1.433892000633682,1.0,0.2060527459200343,0.21178156340026563,-0.2213687021860387,1.056572499896513,1.2478297834397032,2.758212357998872,4958.687324284485,2453.377117980094,2.0211680006076906,7412.727628518375
day_custom_segments_010.csv,22,3,663.1222931256912,660.15625,73.56558578262354,44.95930870253117,15.523598820058998,90.4810479484624,2714,1799.99609375,1.50778104987207,1.0,0.18438069585911493,0.21557185443570048,-0.24270733934943098,1.0480253490858573,1.2817768941586867,2.8282712453056784,4424.894125655615,1557.4242757757124,2.8411616503484196,5983.235929638894
day_custom_segments_010.csv,23,1,714.3349136219222,710.9375,81.13465601274129,60.95977432379886,32.2606277314263,83.99421455655792,2519,1799.99609375,1.399447481439847,1.0,0.22542070626165697,0.20837801467548733,-0.20100480733558632,1.0567367699501922,1.2031916998864884,2.627860769556912,5162.765206291368,3294.128496654271,1.5672628470732104,8457.741738333152
day_custom_segments_010.csv,24,0,715.4976391650099,710.9375,89.47835494473797,65.00151949281208,37.23150357995227,83.85771904156157,2516,1799.99609375,1.3977808111562742,1.0,0.23025889638725308,0.20849125511419817,-0.20167097314345517,1.058583500766419,1.1688453524892972,2.5474965828417733,5128.969872428196,4275.320995363329,1.199668955381518,9405.539105709648
day_custom_segments_010.csv,25,0,685.8237661966464,683.59375,75.00783726582152,54.36107588624273,32.06252382767823,87.48603206438925,2625,1799.99609375,1.458336498126081,1.0,0.22709375772645568,0.21017460686751085,-0.20326996146717183,1.0588929247782914,1.178873881807221,2.5428156630423406,4431.36195938729,3421.022545140826,1.2953325799274653,7853.129106294044
day_custom_segments_010.csv,26,0,683.0138928435839,675.78125,82.98871220781923,63.76392792813647,30.877326243828335,87.8459437335933,2635,1799.99609375,1.46389206573799,1.0,0.23118475954068615,0.20962875956415167,-0.19894377354226842,1.0607382114419612,1.1792125256282884,2.5423970352440715,4690.010619458461,3735.584913894933,1.2554956526388767,8425.893609436696
day_custom_segments_010.csv,27,2,708.296936515748,703.125,80.35246801583632,62.42110210625657,28.869633714060654,84.71023508184548,2541,1799.99609375,1.4116697301860464,1.0,0.21960790384673518,0.2094496514679058,-0.2069914344828552,1.0521511649466884,1.1950421948892622,2.5908816432922186,5303.0105621016355,3259.906285803297,1.6267371197742522,8566.804348202822
day_custom_segments_010.csv,28,3,665.3727695081361,656.25,78.82409983321011,45.91344388872762,20.791712911579726,90.17501579506151,2705,1799.99609375,1.502781039021352,1.0,0.21054313687002998,0.21405749984997222,-0.22360803127476803,1.0552844826934578,1.1946804440889227,2.567274018696818,4330.980624681431,2247.7158755156033,1.9268363372163078,6579.2537296383925
day_custom_segments_010.csv,29,3,670.3599455104322,664.0625,78.4338917446496,50.76114303827926,18.635855385762206,89.50415430073794,2685,1799.99609375,1.4916699037975343,1.0,0.2016143163504131,0.21506691637269423,-0.23006640073155046,1.0570326593218278,1.2261152698916649,2.6706932838037774,4665.2114559657675,2015.7906517634196,2.3143333122835084,6681.421455039472
day_custom_segments_010.csv,30,3,634.4152053225238,628.90625,65.00188368309416,40.88976234778854,11.001410437235542,94.5752868099957,2838,1799.99609375,1.5766700882597402,1.0,0.1853866578504927,0.21839490855496219,-0.2425687335587464,1.0582879335753541,1.2855890392440776,2.8159848131603984,3697.762125992559,1325.8033193275496,2.789072913068337,5023.802651567139
day_custom_segments_010.csv,31,3,634.8758931721948,628.90625,61.36324773948122,44.55140309374732,13.554535827744441,94.50665971928225,2835,1799.99609375,1.5750034179761674,1.0,0.1907671363767312,0.2173800384815905,-0.2416350847268838,1.0532147574932975,1.2442319643152813,2.6837623182658885,3627.7782585900604,1657.4926748027494,2.188714504588556,5285.90400006352
day_custom_segments_010.csv,32,3,662.4870511049724,652.34375,81.7237392439933,49.369779177883956,16.58069270449521,90.5678079291136,2716,1799.99609375,1.5088921633944519,1.0,0.19246448805065114,0.21483318113955835,-0.23489689778516995,1.0542154763200395,1.2714044947846064,2.7998275600839864,4570.162845805784,1777.8146801395276,2.570663240021792,6348.0315514875365
day_custom_segments_010.csv,33,3,644.9962464144854,640.625,64.44613948972167,41.67563416258248,12.374461979913917,93.02379716709699,2790,1799.99609375,1.5500033637225776,1.0,0.18664196859845658,0.2168283547530884,-0.24003367619411056,1.0540985764133164,1.283926548705914,2.809899362669262,3838.4948888639506,1370.5857548095964,2.8006236569978062,5209.353553038524
day_custom_segments_010.csv,34,3,686.6519815909958,683.59375,69.69968391328781,38.0181543212894,18.85496183206107,87.38050949911771,2622,1799.99609375,1.4566698278425083,1.0,0.1968736322042125,0.2136553600429236,-0.2288975674402161,1.0560059670687416,1.2779685711730409,2.8385848068016695,4679.643147789174,1444.61658241505,3.239366905207429,6124.359896074138
day_custom_segments_010.csv,35,2,669.8942432985853,664.0625,70.64589342541137,53.40604659418318,20.22346368715084,89.56637648438009,2687,1799.99609375,1.492781017319916,1.0,0.20053299880230505,0.21402906288551227,-0.2290269954196163,1.0557982220103097,1.2559861795148397,2.7610218429656803,4373.587462465457,2180.5801404804233,2.0056990253528917,6556.05569720185
day_custom_segments_010.csv,36,2,644.5830347545683,636.71875,66.60150232875314,43.62032453333644,15.878136200716847,93.08343031840052,2792,1799.99609375,1.5511144772449592,1.0,0.2007595453279425,0.2156390470272685,-0.22683591444767814,1.0611094177770295,1.2628412978883274,2.7625639362301793,3741.918430642813,1718.9852015439112,2.176818292142363,5462.2888084389015
day_custom_segments_010.csv,37,1,684.7486800799087,679.6875,75.60066594629697,49.85861535544661,26.456033498287017,87.6233890556724,2630,1799.99609375,1.4611142819320355,0.99961962723469,0.21759443143534615,0.2115225280512188,-0.2100436780827984,1.0635934815291415,1.2348066772103756,2.713421946791049,4258.1562236317695,2660.4304296025143,1.6005516161037017,6919.024403191154
day_custom_segments_010.csv,38,1,682.7620967741935,675.78125,81.2191147573972,56.25601205097662,25.24677296886864,87.8783404695113,2636,1799.99609375,1.4644476224991807,1.0,0.21511851746710273,0.21148057325562267,-0.21211820977159732,1.0597442214420838,1.2261492478868894,2.6852869524401544,4479.350036909116,2718.7154327138405,1.6475979732964543,7200.056734846259
day_custom_segments_010.csv,39,1,734.2379385964912,730.46875,73.35718469860856,54.83739479284019,31.755102040816325,81.71737913011015,2452,1799.99609375,1.3622251784400574,1.0,0.21421249527654124,0.20889551643441315,-0.20990523968700078,1.0552404514385458,1.244600819145942,2.761431574742318,5039.8750705779275,2813.286629452905,1.7914545278872005,7853.456808471463
day_custom_segments_010.csv,40,1,674.036682746347,671.875,66.63681944592064,50.33101060551469,23.163418290854572,89.0159267823991,2670,1799.99609375,1.4833365523796709,1.0,0.21112592630851734,0.21310090459617684,-0.216530801753861,1.0639639390288012,1.2534398446176909,2.7577451959913906,3871.460829096014,2362.273797913074,1.6388704952475093,6234.04894835776
day_custom_segments_010.csv,41,1,738.2828528929011,738.28125,93.301704486916,72.07459328884084,33.86699507389162,81.26966482411842,2438,1799.99609375,1.354447383783385,1.0,0.21753355060956964,0.20832903429746777,-0.20900114126019564,1.0538575144587499,1.2182410504657486,2.695932434990261,5935.505413256335,3754.050930354958,1.5810934703262305,9690.102202433693
day_custom_segments_010.csv,42,0,755.5986303526448,750.0,88.16318367573811,75.21119207527092,42.88114237715246,79.40723763884729,2383,1799.99609375,1.323891761917886,1.0,0.24167441649856022,0.20339930380132012,-0.1823982430498687,1.0526914421466813,1.1624240224110192,2.5380304808524206,6279.974484608852,4969.147668037467,1.2637930897089014,11250.385123167865
day_custom_segments_010.csv,43,0,724.9603394439968,722.65625,80.41964011433627,71.60411952704008,37.88794840790004,82.76314818272208,2483,1799.99609375,1.379447438036975,1.0,0.2348073638772776,0.20674578165117743,-0.19309046805449173,1.0550201122026317,1.16888087924957,2.5301863289846627,5503.881917870974,4424.73423663579,1.2438898301055208,9929.46399389545
day_custom_segments_010.csv,44,1,684.2816898060099,675.78125,82.06434961446003,53.61289448769437,25.72298325722983,87.68318792368925,2630,1799.99609375,1.4611142819320355,1.0,0.21840727992929582,0.21092358511226586,-0.20846733163954706,1.0581793229824352,1.2206690714938067,2.6660669743092726,4455.994725138835,2651.0566149478227,1.680837255611207,7107.65180153302
day_custom_segments_010.csv,45,1,690.8902169738864,683.59375,77.35240627517327,57.64881057764102,27.660391855551286,86.84447764045822,2605,1799.99609375,1.4472253629022633,1.0,0.21657599885435255,0.2108420411546497,-0.20993187900489046,1.0589672639839518,1.2288853782594722,2.692218264835376,4616.617071684838,2843.8467094454045,1.6233705763223618,7461.3511538366165
day_custom_segments_010.csv,46,0,667.6469735621521,660.15625,81.2638556499287,55.89469775016117,28.210838901262065,89.86785288619978,2696,1799.99609375,1.497781028170634,1.0,0.2273811334882015,0.211035232206791,-0.20361218768054448,1.0601140047792112,1.1774186749083635,2.527172189826245,4209.525888377142,3231.6803191637623,1.3025811567483288,7442.75772894001
day_custom_segments_010.csv,47,0,705.1967978243825,703.125,80.27388552317473,63.577802701887414,34.588235294117645,85.08263251493379,2552,1799.99609375,1.4177808545591462,1.0,0.22561956317778253,0.20932218534054112,-0.2068163194300655,1.0561880988225252,1.1778423735095356,2.557350123482602,4810.08282753811,4010.1380352339906,1.199480612706002,8820.837769457154
day_custom_segments_011.csv,0,0,718.778080071885,714.84375,80.7947150762621,68.71552987149539,37.79464642429085,83.47499967444666,2505,1799.99609375,1.3916696867831744,1.0,0.2439687344041155,0.20542657161582026,-0.18158135208312914,1.057737262270124,1.1676636712176827,2.5230367555864697,5275.398826454139,4340.6175488257295,1.2153567475395977,9617.4609440825
day_custom_segments_011.csv,1,0,728.4903213562753,722.65625,94.27974553787551,74.57230239119468,39.3681652490887,82.3621100254212,2471,1799.99609375,1.3727807569026842,1.0,0.23649736320106832,0.2065715945307367,-0.19146157813371253,1.0565797530620977,1.1665542553549966,2.5307998070512023,5565.964844640228,4823.182204359309,1.1540026084043795,10390.299653790978
day_custom_segments_011.csv,2,0,722.4930973895582,714.84375,96.11290045874702,73.61717079814719,37.926878264363204,83.04577610054153,2491,1799.99609375,1.383891892126502,1.0,0.2358317855779135,0.20667575411823041,-0.19333639792328847,1.054731108664957,1.1584842921367366,2.512237730401503,5608.5599831148575,4689.567836099857,1.1959652102568352,10299.941685059099
day_custom_segments_011.csv,3,0,698.9895954739704,687.5,95.02288797345086,68.95084338233964,34.045860862806066,85.8381875617408,2575,1799.99609375,1.4305586600665365,1.0,0.22919736033131954,0.20908829848091393,-0.20140790936229513,1.0577214639938834,1.1690985809514327,2.5353148116631847,5008.671851363482,4106.218411687164,1.2197772619955494,9115.80664476714
day_custom_segments_011.csv,4,0,675.8282071750564,667.96875,80.9169995129833,60.270396898640186,29.87598647125141,88.77995822458843,2663,1799.99609375,1.4794476550513347,1.0,0.23007550216107253,0.21054654325675962,-0.2006290660528764,1.0614668559437397,1.180326112651044,2.5399033152314394,4402.574666300892,3562.810939599246,1.2357025789294631,7966.073775749259
day_custom_segments_011.csv,5,0,704.3175146771038,695.3125,89.79365869409118,66.25759068250399,34.37744714173845,85.18885126334983,2556,1799.99609375,1.4200030816039098,1.0,0.23501096948904812,0.2077448432594577,-0.19441795389636343,1.0567808479161567,1.157683417394529,2.498004613473999,5026.383222992554,4088.9026762762887,1.2292743606140355,9116.09838436986
day_custom_segments_011.csv,6,0,697.6980539937961,691.40625,84.0001122953206,59.905000840877136,33.436772692009306,85.99708664306166,2580,1799.99609375,1.4333364438724912,1.0,0.22939732176850758,0.20937817388680008,-0.20177224704053043,1.0580045007668029,1.173242516320163,2.5280255719652343,4621.7417604664215,3788.7378195042943,1.2198631788860794,8411.163765398745
day_custom_segments_011.csv,7,0,701.7142404446178,695.3125,83.12824979888595,56.2969901702032,34.25673039406945,85.50489150965927,2565,1799.99609375,1.4250030924546278,1.0,0.2395546755228387,0.20698461486665642,-0.18711501946384837,1.061388274520079,1.1777161710714352,2.560475546101553,4542.719351919062,3731.0026864412125,1.2175599252253821,8274.00007462231
day_custom_segments_011.csv,8,0,720.7829402043269,714.84375,92.91292170402113,71.69156153101379,37.635270541082164,83.2428136867269,2497,1799.99609375,1.3872252326936474,1.0,0.24074807378908133,0.2057659696428924,-0.18602850778092786,1.0558320986363714,1.1598103193369835,2.504723572968089,5469.019377490926,4476.828000690543,1.2216282101182665,9946.5074575925
day_custom_segments_011.csv,9,0,721.4564955894145,714.84375,88.55724429065289,70.54449535608359,37.90613718411552,83.16509778040225,2495,1799.99609375,1.3861141191712656,1.0,0.22751709274255444,0.20826347830022043,-0.20379373088719788,1.0556826309494398,1.1732239602723888,2.5578092290374204,5498.205316416657,4519.791148896572,1.216473313763391,10018.170518719438
day_custom_segments_011.csv,10,0,675.269507789039,671.875,71.62375955982962,55.018480423305746,26.962072850168983,88.85341231599725,2665,1799.99609375,1.4805587685737165,1.0,0.21916557317481217,0.2116581762229749,-0.21058748687521986,1.0559319211870037,1.1882025476227798,2.5562886535613063,4434.428093950823,2982.9598869163297,1.4865865657130795,7418.4307926115125
day_custom_segments_011.csv,11,0,747.8666614713217,742.1875,86.68209409977143,72.24936999364286,40.04158004158004,80.22820522840061,2407,1799.99609375,1.3372251241864674,1.0,0.23127598414012054,0.20546763006904376,-0.19429010599712396,1.048704690858876,1.159097599129777,2.5181988411000256,6120.153635816654,4647.404655986381,1.3168970831780715,10769.612646665426
day_custom_segments_011.csv,12,0,707.0036222986248,695.3125,95.22228060086744,68.0891675778259,35.22012578616352,84.86519461516585,2546,1799.99609375,1.4144475139920007,1.0,0.23373303781335986,0.20790883592518877,-0.19478216341222515,1.0576869199646892,1.1703133429553545,2.531241376733463,5171.823048996228,4281.673463207589,1.2078975880430147,9455.465643515507
day_custom_segments_011.csv,13,0,726.8607954545455,718.75,99.38528978777714,73.01448474472127,39.24818108326596,82.54675499794806,2476,1799.99609375,1.3755585407086386,1.0,0.2370083408388063,0.2064809777174774,-0.1930023890619113,1.057413019517627,1.1598460539371138,2.5306338240658417,5769.387008200205,4713.178334019069,1.2240969043241094,10487.264775877404
day_custom_segments_011.csv,14,0,735.9589172463175,730.46875,89.6779370123563,72.84241540330667,39.132214490380676,81.52628984304928,2445,1799.99609375,1.3583362811117212,1.0,0.24597306638647434,0.20381265202071563,-0.1786175480237135,1.055667022887143,1.1626667613395119,2.521263290855748,5648.118880080701,4617.990263420647,1.2230685986542151,10266.695117189254
day_custom_segments_011.csv,15,0,735.9726482617586,734.375,83.91282988143178,68.75810727194201,38.297872340425535,81.52476880996831,2446,1799.99609375,1.358891837872912,1.0,0.23032731144532353,0.20670004210626133,-0.19611945967027933,1.054619841502135,1.1827460555351845,2.578543655932163,5498.108648851983,4252.4314232322,1.2929329368639095,9752.928720754353
day_custom_segments_011.csv,16,0,687.6388159151701,679.6875,82.6898054316961,56.09274583523286,24.961773700305812,87.25510923950203,2618,1799.99609375,1.4544476007977447,1.0,0.20493271237258545,0.21376862386770962,-0.22805103598743706,1.0552328719349613,1.217534775267443,2.6550534877177907,4473.029753356108,2737.5164854842433,1.6339736316016622,7213.573788232915
day_custom_segments_011.csv,17,1,669.559162169706,664.0625,76.69782407784719,53.71348246483676,23.3060312732688,89.61120001042184,2688,1799.99609375,1.4933365740811069,1.0,0.21479429313547038,0.21209630695745302,-0.21286253241301667,1.059200265730658,1.227073366919853,2.67531328797248,4224.21149098072,2571.342797886573,1.6428037111398237,6795.92626329267
day_custom_segments_011.csv,18,2,662.025269138756,656.25,72.91315623187812,50.588547914966476,19.40353460972018,90.63098162107224,2718,1799.99609375,1.5100032769168337,1.0,0.1981634837099542,0.21529269044067242,-0.23366734198085576,1.0564619531536117,1.2477199073931777,2.725670338470724,4337.981014150474,2107.7512188408728,2.0581086493386462,6445.865744466064
day_custom_segments_011.csv,19,2,653.9264057957848,650.390625,66.64380035602814,50.42380595665885,17.266448564158487,91.75344422280058,2753,1799.99609375,1.5294477635585146,1.0,0.1959520605131332,0.2158994662586777,-0.23433107628974498,1.05750194497016,1.258533070717761,2.752763018273783,3979.0610061112725,1988.3650624444365,2.001172260198303,5967.51170569333
day_custom_segments_011.csv,20,2,669.9807960893854,660.15625,84.08414961317985,55.551769786442456,21.013412816691503,89.5548056753482,2686,1799.99609375,1.492225460558725,1.0,0.20770223104231986,0.21240835280599754,-0.21885880484142237,1.0569158741038898,1.245207961301909,2.7326490138906876,4774.586302678221,2356.883820130658,2.02580469257646,7132.63227841924
day_custom_segments_011.csv,21,2,671.5251865671642,664.0625,78.58681900367131,51.614172591833814,20.492721164613663,89.34884528563987,2681,1799.99609375,1.4894476767527707,1.0,0.19580698310610423,0.21398703089502477,-0.23224849048846896,1.0536592032951957,1.261898664932477,2.7836073511332544,4425.524520368206,2148.0755934624976,2.060227551505612,6575.116358074007
day_custom_segments_011.csv,22,3,689.5676624185512,683.59375,72.81593304010562,52.16984652862801,19.210122699386503,87.01104078685961,2610,1799.99609375,1.4500031467082177,1.0,0.1959471697285246,0.2133454982574108,-0.23091703777626488,1.0541382788210136,1.2751934007494867,2.836986976669325,5041.661474370232,1879.6589396134484,2.6822214222581513,6921.493508636501
day_custom_segments_011.csv,23,1,696.554091656988,691.40625,82.44896709005121,55.28629305910507,27.575522850503486,86.13832108468394,2584,1799.99609375,1.4355586709172545,1.0,0.2164853480282163,0.21079958253008502,-0.2102680811635071,1.0613959157105615,1.2394016665174825,2.7305686673543748,4625.876608290962,2766.515088661673,1.6720952028238432,7393.269596257012
day_custom_segments_011.csv,24,0,706.0612004707729,699.21875,89.55278985758682,71.27014868731862,35.32182103610675,84.97846923183775,2550,1799.99609375,1.4166697410367644,1.0,0.23248372666633618,0.20865974308222002,-0.19919531641587257,1.059681948260246,1.1648410933655553,2.5236576073788304,5321.296037256688,4317.364894873758,1.232533308355509,9639.204576782944
day_custom_segments_011.csv,25,0,713.3909099920697,707.03125,88.39160483628741,64.24053024662285,36.572788575961916,84.10536097336448,2523,1799.99609375,1.4016697084846104,1.0,0.23712956417414066,0.20747014640351225,-0.1912219841880632,1.060755547414812,1.1689699689099127,2.5330497222965245,4914.7272537875,4203.119770364707,1.1693045933261728,9118.629906454384
day_custom_segments_011.csv,26,0,739.5961775585697,734.375,86.1873119495446,72.02925899579165,40.58388157894737,81.12535167239761,2434,1799.99609375,1.3522251567386214,1.0,0.2388409248982609,0.20561993121102054,-0.18822244175844535,1.0557434476053258,1.16623619166094,2.539028465337321,5517.167207801151,4794.368518347657,1.150759935680247,10311.870083401014
day_custom_segments_011.csv,27,2,723.6791658286404,718.75,78.34736827393367,60.14279521068087,28.53118712273642,82.90966886036811,2487,1799.99609375,1.3816696650817384,1.0,0.21101723935778438,0.2088632829289042,-0.21308330406885873,1.050470255336541,1.238032921230738,2.7435989849268663,5339.498694571146,2707.8745911313026,1.9718412041897395,8047.648487438335
day_custom_segments_011.csv,28,3,692.0074427664487,683.59375,83.67445216469623,56.30712299783656,23.13317936874519,86.70426976932082,2601,1799.99609375,1.4450031358574997,0.9996153846153846,0.20956309357445152,0.21153969633176864,-0.21870414085591722,1.0536902169864613,1.2192720550771752,2.6563318731233534,5012.175326616186,2550.79490886676,1.9649464208954932,7564.3171339897
day_custom_segments_011.csv,29,3,674.251826526789,667.96875,76.41837975020306,56.274880329327786,19.640179910044978,88.9875231173973,2670,1799.99609375,1.4833365523796709,1.0,0.20343066819094427,0.21310268341663813,-0.22591046286348695,1.0540079740284143,1.2383867711704015,2.708207354091958,4673.000157035245,2217.229910181551,2.1075848452056154,6891.7572056601675
day_custom_segments_011.csv,30,3,645.1430891577061,640.625,69.64359182764592,44.270490049745064,15.166726425242022,93.00262377193802,2791,1799.99609375,1.5505589204837684,1.0,0.19352303389843595,0.21775244162731558,-0.23981976975810515,1.0586289996191274,1.247181076694816,2.7044737767463656,3820.064451612572,1729.5178896730422,2.208745266193655,5549.901043707043
day_custom_segments_011.csv,31,3,693.4903864687741,687.5,79.75853417712801,55.39860647285351,20.97956035480139,86.51886337677679,2595,1799.99609375,1.4416697952903543,1.0,0.1979835396867326,0.2124678565648619,-0.22780866357724627,1.0499680515801586,1.2667144314647574,2.804746235106838,5151.483606866976,2064.3164841097714,2.495491193584366,7216.9913330654435
day_custom_segments_011.csv,32,3,640.5026254894981,636.71875,65.96590327689366,42.72098636131745,13.425925925925927,93.67643099689961,2810,1799.99609375,1.5611144989463952,1.0,0.19091574584827709,0.21707260216911192,-0.23763570859712374,1.0582647358541502,1.27750062674852,2.7963929896629405,3804.6692209045573,1540.9390725955686,2.4690588281962023,5347.068286084443
day_custom_segments_011.csv,33,3,690.681981765835,687.5,68.10286789356766,44.98359741937448,19.508448540706606,86.87066057029713,2606,1799.99609375,1.4477809196634541,1.0,0.19100729085495594,0.21330028689808997,-0.2345118142552794,1.0493890180999172,1.2777701654250455,2.844896482152102,4861.436157971428,1605.7999131624788,3.0274233533848345,6468.0164770910305
day_custom_segments_011.csv,34,3,645.5950618945102,632.8125,77.12124873075362,47.47638203001096,12.455132806891601,92.93751384022197,2788,1799.99609375,1.5488922502001958,1.0,0.1840926318855896,0.21819120364148178,-0.2458882052554318,1.0561158705660654,1.2789739463163559,2.800495358436232,4004.7653966830376,1533.8842855664411,2.6108653921075513,5538.96295590957
day_custom_segments_011.csv,35,2,679.9694704270597,677.734375,75.40222317136046,50.19933415042858,21.247637051039696,88.23925574528599,2647,1799.99609375,1.4705587468722805,1.0,0.19907861918418068,0.21359453268577971,-0.22947922549964223,1.0529913276721254,1.2571021828628361,2.7665700071908668,4513.274057003728,2128.520587513115,2.12038073931757,6642.365195174293
day_custom_segments_011.csv,36,2,654.0093375136314,644.53125,78.0458705820482,44.953885581062146,16.03636363636364,91.74180941835472,2752,1799.99609375,1.5288922067973238,1.0,0.19040109329686516,0.21620770660062058,-0.24037383454720027,1.0537184834127307,1.2640970779365253,2.7731976008065167,3979.3205339159404,1725.5866935437575,2.306068161515429,5705.443527106145
day_custom_segments_011.csv,37,1,715.175998608903,710.9375,74.11145383342796,58.06713315945585,31.888667992047715,83.895432895828,2518,1799.99609375,1.398891924678656,0.9996027016289233,0.22036852316726843,0.20965844529656139,-0.2051858723765467,1.0598691166402885,1.2241713894618487,2.6892652137497683,4942.8099112357695,3064.563175123556,1.6128921574724877,8008.241971087595
day_custom_segments_011.csv,38,1,686.0167270301182,679.6875,79.02390502823582,58.74739501483274,25.667429443173152,87.46142424216112,2624,1799.99609375,1.4577809413648901,1.0,0.21434780226001132,0.211679249739721,-0.21187219573955599,1.0601108883618997,1.2408114873946676,2.7158660362746256,4445.090663124005,2845.979184362039,1.561884460557088,7293.945906724226
day_custom_segments_011.csv,39,1,679.7391309478852,671.875,75.5307083412398,54.18938715504561,22.553834529656214,88.26915689895765,2649,1799.99609375,1.4716698603946623,1.0,0.20785265592898972,0.21286838627316562,-0.22089637087313008,1.0566134689087188,1.2421310821565161,2.719373534980154,4386.278723477231,2451.734848769307,1.7890510165399833,6839.518460866836
day_custom_segments_011.csv,40,1,703.883020344288,699.21875,81.54357581639762,57.59851742250869,28.493150684931507,85.2414368095602,2557,1799.99609375,1.4205586383651005,1.0,0.20612432628523564,0.21173965815791326,-0.22314257956536002,1.0520052517199352,1.2260529778667526,2.688146184870377,4878.337429803248,2927.909065844675,1.6661505941940489,7807.455994422317
day_custom_segments_011.csv,41,1,723.8100477867204,722.65625,73.72894342092076,54.992401487196446,31.964573268921093,82.89467683333369,2486,1799.99609375,1.3811141083205476,1.0,0.21472380392819895,0.20953756349387775,-0.21413106789417521,1.053180172503534,1.2181168615094793,2.690811565408944,4929.0214544583705,2978.104270631666,1.6550869299861377,7907.750079033394
day_custom_segments_011.csv,42,0,720.6804415298358,718.75,86.55587631201108,68.84006389703787,32.8525641025641,83.25465288420212,2498,1799.99609375,1.3877807894548382,1.0,0.2208891491050308,0.2092549751622467,-0.20799507354414584,1.052718513915314,1.1900795600592844,2.5764619852557664,5579.7138997327775,3869.0519040377576,1.442139841522872,9450.722776238224
day_custom_segments_011.csv,43,0,703.5603857059053,703.125,74.76902705929015,58.06456679521494,33.881064162754306,85.28052633293164,2558,1799.99609375,1.4211141951262916,1.0,0.23773152657603586,0.20674121474355964,-0.1880033876685548,1.0565490829835333,1.174652414886243,2.5365776228241272,4715.120027471503,3725.42688681201,1.2656589890847143,8440.931282483289
day_custom_segments_011.csv,44,1,695.2581626738795,691.40625,79.61017281263854,54.00265420952709,28.10204870506378,86.29887892181976,2589,1799.99609375,1.4383364547232091,1.0,0.21495402286219506,0.21060716657629835,-0.21216005512611574,1.0561678951778217,1.2222999566403376,2.678479729136766,4706.969103320104,2803.3780209255965,1.6790347460047488,7510.916764722471
day_custom_segments_011.csv,45,1,709.6523668639053,707.03125,73.6530256680587,62.066820839291104,30.347277032359905,84.54843920996404,2536,1799.99609375,1.408891946380092,1.0,0.20778331873865644,0.21194860298952609,-0.22158377118132716,1.056708792668885,1.2394693815526594,2.732286236181308,4865.343103649318,3081.0385122285597,1.5791244037810308,7947.246912777073
day_custom_segments_011.csv,46,0,704.8469950039186,699.21875,86.80879339196635,64.53544737588643,34.653077224617796,85.12485748721456,2553,1799.99609375,1.4183364113203372,1.0,0.23387832410867473,0.20790635874635707,-0.19428881649993188,1.0580656901388403,1.1687955774841967,2.526174138756683,4972.502727648678,4103.141227932663,1.2118770598968722,9078.530622955383
day_custom_segments_011.csv,47,0,686.8902075381679,679.6875,80.10214561478158,57.93613444808358,31.576937762504777,87.35020435804658,2621,1799.99609375,1.4561142710813175,1.0,0.23267752743333558,0.20905815828151997,-0.19713147723819963,1.0585833425668736,1.1708451543891167,2.5171954777821033,4537.715406236246,3614.566861648781,1.2553967266125967,8153.445135895243
day_custom_segments_012.csv,0,0,710.0206484220907,699.21875,95.05156986176222,66.53393863490206,36.26677190213102,84.50458466713688,2536,1799.99609375,1.408891946380092,1.0,0.22972436863621876,0.20844734029566866,-0.19995517528597886,1.055431363152702,1.170347955920988,2.5329534492838826,5282.207683955074,4210.394375653887,1.2545636376722382,9495.98475697668
day_custom_segments_012.csv,1,0,722.8539950783447,718.75,87.01639407351915,74.03764434267103,37.82154340836013,83.00431402263614,2490,1799.99609375,1.3833363353653112,1.0,0.2302698804880242,0.20742478368640033,-0.19933654137768453,1.0538629382287894,1.1650574974816177,2.524502621004118,5519.335963830175,4625.865215265484,1.1931467319056797,10146.438759550896
day_custom_segments_012.csv,2,0,734.7099581461821,730.46875,92.37770185327125,72.90927197656028,40.44117647058824,81.66487922852144,2450,1799.99609375,1.3611140649176756,1.0,0.23893519201487312,0.20536362630229696,-0.18691368448811357,1.0564756718492592,1.1733244006421966,2.566483100393603,5452.924395312024,4765.706737058823,1.1442005763613814,10221.782494248677
day_custom_segments_012.csv,3,0,706.7580427308447,699.21875,88.35011946953479,67.35766161108543,34.86635220125786,84.89468300659982,2546,1799.99609375,1.4144475139920007,1.0,0.23333459938604043,0.20764659333553234,-0.19551634674645543,1.0543798217348725,1.1658853767214679,2.5172796518540124,5108.744903086355,4221.755406632402,1.2100996886414803,9334.35304360545
day_custom_segments_012.csv,4,0,695.794361465584,691.40625,86.38410038815456,62.03634916057189,33.26885880077369,86.23237456770879,2587,1799.99609375,1.4372253412008273,1.0,0.2315376935046629,0.2086618201265645,-0.1983179463992383,1.0589495975972847,1.171668182701945,2.535192462436641,4780.346625510962,3849.5606220521704,1.2417901923993075,8632.162654928223
day_custom_segments_012.csv,5,0,725.169659045125,718.75,96.64437088204583,67.83829884792429,37.92825473599355,82.73925867086835,2483,1799.99609375,1.379447438036975,1.0,0.23403785788638662,0.2073981247702997,-0.19656331323684065,1.0556634787450938,1.1550225387133244,2.4975903872014675,5428.223097994963,4511.399815221468,1.203223682299257,9940.665489068495
day_custom_segments_012.csv,6,0,710.3052210817212,703.125,84.88214559953549,65.38798534650792,35.821484992101105,84.47072922908579,2534,1799.99609375,1.4077808328577102,1.0,0.2273739462164398,0.20958791796912768,-0.20524679899232678,1.0565977444178483,1.1665622265842954,2.516441378690876,5078.14061367335,4125.6637278187945,1.2308663402283935,9206.163933149026
day_custom_segments_012.csv,7,0,723.943661971831,718.75,89.05141259475589,70.96786969361744,38.405797101449274,82.8793774319066,2486,1799.99609375,1.3811141083205476,1.0,0.23542154444117316,0.20639165220527012,-0.19202138103100483,1.0542033768083723,1.1634918305697852,2.5181508780098265,5364.205638740645,4575.020002391877,1.1724988384610715,9939.900253013251
day_custom_segments_012.csv,8,0,686.7038406488549,681.640625,79.68787001769398,63.75586039242184,32.07331042382589,87.37391062689704,2621,1799.99609375,1.4561142710813175,1.0,0.22344671617638182,0.21125419450726587,-0.2092823358823979,1.0614991612685716,1.188701000500338,2.5800604177516493,4602.3619753937965,3738.4011336214717,1.2311043707969849,8341.5489039631
day_custom_segments_012.csv,9,0,719.1512415067946,710.9375,84.26798857147742,67.27244863379752,37.22510995601759,83.43168521031207,2503,1799.99609375,1.3905585732607926,1.0,0.23481652459295554,0.20762094185071162,-0.19366366171970578,1.0592750737209706,1.1734557614321834,2.542802672781917,5174.962325589924,4357.842908968252,1.1875054777537013,9533.093569987344
day_custom_segments_012.csv,10,0,699.3630321734059,691.40625,84.33995379416885,61.01276071400318,31.03850641773629,85.79235281215593,2573,1799.99609375,1.4294475465441547,1.0,0.23037788769006345,0.20921770214191032,-0.2000377830588369,1.054837385823049,1.1603804441514112,2.4872513286460234,4801.560554773925,3555.8609950866,1.350322906718964,8357.949252059188
day_custom_segments_012.csv,11,0,692.4042299923047,687.5,93.96889963217578,64.53310579647608,29.36874518860662,86.65458326369097,2600,1799.99609375,1.4444475790963087,1.0,0.21819356909906135,0.21227639229083672,-0.21806848810112947,1.0554985160202914,1.1648694381937088,2.5099697707651996,4834.572429044316,3593.1851569096093,1.345483802789163,8428.305090419379
day_custom_segments_012.csv,12,0,700.5466924649533,691.40625,92.75125887860213,62.77970310956947,33.541098558628754,85.64739601993291,2569,1799.99609375,1.4272253194993914,1.0,0.23338277885358905,0.20831039499211956,-0.196309229334631,1.0586514974987185,1.1681514024521227,2.5299239820674964,4909.536071169103,4039.6175943253693,1.2153467392719912,8949.718752885576
day_custom_segments_012.csv,13,0,750.316018557131,746.09375,88.03778715031949,77.20082350925503,42.720066750104294,79.9663055513341,2399,1799.99609375,1.3327806700969402,1.0,0.2383227054204571,0.20553252754281737,-0.1916098879775108,1.0545450615063146,1.1553912799904758,2.5116864820534563,5892.238524360987,5155.595391217495,1.1428822623277142,11050.762231489665
day_custom_segments_012.csv,14,0,699.8328064202335,699.21875,77.1525150902143,60.30791269965233,32.775398987933045,85.73476328854949,2572,1799.99609375,1.428891989782964,0.999611046285492,0.23011085788741512,0.20791631041939568,-0.19727385497542657,1.058858664098972,1.2000574360331793,2.6198938657216178,5003.06576603848,3478.641490271469,1.4382240251058602,8483.729341236787
day_custom_segments_012.csv,15,0,736.1571066898528,730.46875,90.70973247910908,72.48164738032445,38.23168235775686,81.50434119938252,2445,1799.99609375,1.3583362811117212,1.0,0.23021536238554244,0.2079052661571569,-0.19983331226110965,1.0589509986040733,1.175587026940583,2.565819528339476,5613.370325647777,4530.613126931037,1.2389869027396256,10145.718161835503
day_custom_segments_012.csv,16,0,680.5562121785174,664.0625,90.58036078947914,55.07315473997854,24.51759364358683,88.16318024331154,2645,1799.99609375,1.4694476333498987,1.0,0.2096646161381461,0.21394510420510418,-0.22212178485905962,1.0588597618365634,1.209412736541479,2.618071169478141,4245.185573345242,2982.789015059806,1.4232269033819427,7229.775867433032
day_custom_segments_012.csv,17,1,653.9468602326426,648.4375,76.49513149055693,48.507098092350454,19.527272727272727,91.75057431830915,2752,1799.99609375,1.5288922067973238,1.0,0.20412084855431098,0.2152225427994031,-0.22837857539758213,1.0569147360478226,1.2242993258651416,2.6566571527100504,4030.1200335867225,2150.079515513125,1.8744051113034852,6182.529841652747
day_custom_segments_012.csv,18,2,650.5100022603979,644.53125,68.67351405753834,50.165961456432285,16.678726483357455,92.23532273371889,2766,1799.99609375,1.5366700014539962,1.0,0.19595034691567975,0.21602993859256642,-0.2333444357878236,1.0609973460497895,1.2672512382397543,2.788184747573989,3916.0495692502814,1937.5292668621169,2.021156343920644,5855.41061580358
day_custom_segments_012.csv,19,2,664.2917704872647,656.25,76.66106970610508,51.013513758790225,19.571639586410637,90.32175719411578,2710,1799.99609375,1.5055588228273065,1.0,0.2004826343455725,0.21398636596698406,-0.228852640648679,1.0549523090958772,1.2504612280222502,2.739159868273061,4427.523626672345,2150.0827213201687,2.059234085632672,6579.6354848690535
day_custom_segments_012.csv,20,2,676.359844924812,667.96875,80.06339322097182,54.63301243165028,21.098157201955622,88.71017469505443,2661,1799.99609375,1.4783365415289529,1.0,0.200744111207285,0.21304800806730445,-0.22752572465744628,1.05253007991527,1.2520790107824709,2.7511731919762856,4588.93342575138,2265.1091942461667,2.025921504097107,6854.778548513995
day_custom_segments_012.csv,21,2,667.8643513363029,664.0625,62.96695826410761,44.25202235135379,19.383587077608617,89.83860252452226,2695,1799.99609375,1.497225471409443,1.0,0.2014108407848678,0.21317460289216836,-0.224810529260282,1.0536304616918295,1.2597863488178798,2.7627999410819313,4113.790689345603,1899.439113293145,2.1657923439374347,6013.7219651607475
day_custom_segments_012.csv,22,3,693.0418793335901,691.40625,73.01041272438853,45.52112646949526,19.152215799614645,86.57485469376589,2597,1799.99609375,1.4427809088127361,1.0,0.19758997157860164,0.21287892508650155,-0.2290229107642809,1.0543943864141574,1.2728871214868198,2.83665099242157,4920.067291365214,1634.701770071852,3.0097644606752683,6556.684715497188
day_custom_segments_012.csv,23,1,707.8011285405192,703.125,81.61958749257926,63.631718831121226,30.10625737898465,84.7695737978259,2543,1799.99609375,1.4127808437084282,1.0,0.21376311850177157,0.2109016315493034,-0.21473112455117052,1.0570474983909477,1.225485987584769,2.6919180176834154,5007.9420003768355,3242.0069822541204,1.5447042612150348,8250.8513576894
day_custom_segments_012.csv,24,0,743.2588548120611,738.28125,86.71348155116011,72.61557237402585,40.909090909090914,80.72557711427666,2422,1799.99609375,1.3455584756043308,1.0,0.24095337522363192,0.20530593483995047,-0.18665170784917678,1.0557758184591752,1.159168814318787,2.5190090319077476,5499.378121029101,4859.098993062695,1.1317691055235815,10359.826040011318
day_custom_segments_012.csv,25,0,694.1987967785494,687.5,87.08902023036168,59.93088076595572,32.41991509069857,86.43057331477931,2593,1799.99609375,1.4405586817679725,1.0,0.22795733717050612,0.20896870486683164,-0.2018788957188125,1.0514915728051557,1.1697406608468368,2.506315531748221,4703.015046287401,3777.1345142469577,1.2451277624739385,8481.010709898605
day_custom_segments_012.csv,26,0,663.4419346664209,656.25,80.79330201475322,57.67177317040814,27.323008849557525,90.43745483192593,2714,1799.99609375,1.50778104987207,1.0,0.22759063376288596,0.21140525629599505,-0.2025249715098592,1.0613794724957815,1.1825076602092155,2.5339107818279563,4175.2753331869335,3310.021692578593,1.2614042205669913,7486.352805137675
day_custom_segments_012.csv,27,2,612.1674570432119,609.375,56.26981897965812,42.47995487923528,12.287270251872021,98.01239727737551,2940,1799.99609375,1.6333368779012107,1.0,0.1973472913033851,0.21822328560361848,-0.23329967827186557,1.0606743097015652,1.2477328094149185,2.6919691236925885,3181.4920558783488,1625.3281420876738,1.9574459910549755,4808.66834720909
day_custom_segments_012.csv,28,3,661.1956197170158,660.15625,65.11949417234139,40.785954814217874,18.198529411764707,90.74470279412819,2723,1799.99609375,1.512781060722788,0.9996326230712711,0.20443055151121037,0.21386869668539596,-0.22340544831591788,1.056141442818711,1.2467753920482378,2.707575186348898,3968.1249156553845,1746.115174161871,2.2725447750375745,5714.803006586069
day_custom_segments_012.csv,29,3,655.666340196793,652.34375,64.11967468191627,44.11511841632182,14.947138169886983,91.509959138655,2745,1799.99609375,1.5250033094689877,1.0,0.1925127410941464,0.2156653984675312,-0.2353761526327835,1.0544809538201962,1.2689532319027468,2.7859139419543744,3935.718565990429,1616.2282695854642,2.4351254337358395,5552.917577549515
day_custom_segments_012.csv,30,3,650.4590937838815,640.625,80.4174248317238,47.35109549082872,13.774403470715836,92.24254157316051,2768,1799.99609375,1.537781114976378,1.0,0.18676615412467584,0.21745136210147223,-0.24314605172104997,1.0562690077010217,1.2724365467310046,2.7892383007567614,4117.23614820057,1688.6567834778557,2.4381722730660274,5806.005857135646
day_custom_segments_012.csv,31,3,673.7886235955057,664.0625,86.61628180493146,52.269993433067135,20.606968902210564,89.048698506996,2671,1799.99609375,1.483892109140862,1.0,0.20762029465542736,0.21397334446928912,-0.22412377684098386,1.058205815868766,1.2110682586950092,2.6197160024203394,4509.122207207587,2401.812828621839,1.877382847436502,6911.315124108793
day_custom_segments_012.csv,32,3,647.0941996402878,644.53125,60.63162949255958,42.31092651885983,13.02626844188557,92.72220340307996,2782,1799.99609375,1.5455589096330504,0.9996404171161453,0.1872827556585689,0.21774943092081353,-0.24195786201583752,1.059167254739409,1.2870635387704852,2.8373964486753978,3780.013785863115,1439.4401579589764,2.626030519547895,5220.421461882116
day_custom_segments_012.csv,33,3,683.725888445458,675.78125,77.11088738932497,50.30170114061367,17.984790874524712,87.7544656622817,2632,1799.99609375,1.4622253954544173,1.0,0.19271826267226091,0.21331407993253784,-0.23346523535106842,1.0491083357965292,1.2734767174237285,2.822237214589331,4883.35112957909,1774.171811365263,2.7524679956566596,6658.88998638861
day_custom_segments_012.csv,34,3,655.0597811248634,652.34375,71.85954421969306,40.297362829449334,13.838310269482884,91.59469368882407,2748,1799.99609375,1.5266699797525602,1.0,0.18870828081059005,0.21568720693386387,-0.23615288376140428,1.052884110971606,1.2857871537999142,2.824196027863741,4049.5004445667764,1380.936581408442,2.9324304237321446,5430.7008764879
day_custom_segments_012.csv,35,2,683.9040526415812,683.59375,79.21150663686893,56.8705538206955,22.96577946768061,87.7316047013464,2632,1799.99609375,1.4622253954544173,1.0,0.2065111816921672,0.2125730639940301,-0.22101562586679865,1.0564946407126732,1.2448201700732044,2.7307895275719916,4665.719838620811,2469.7832951956575,1.8891211418009006,7136.442402103432
day_custom_segments_012.csv,36,2,654.1988636363636,644.53125,77.35594243384678,51.75720590258104,18.87959257911968,91.7152311553861,2751,1799.99609375,1.5283366500361328,1.0,0.19997032536432333,0.21582467408921602,-0.23266199147371736,1.055753723998727,1.2312621920532996,2.667934369260522,4090.0881738112303,2314.5522191186656,1.7671185553846147,6405.612967249284
day_custom_segments_012.csv,37,1,674.8995242782153,667.96875,75.14812517996393,52.43235520476517,24.5311327831958,88.9021222294803,2668,1799.99609375,1.482225438857289,1.0,0.2068029989464617,0.21435273059383694,-0.22404501317330225,1.0629808929140323,1.2447471285314975,2.7382857477115503,4126.417539654834,2485.5768061821404,1.6601448522498221,6613.868208435126
day_custom_segments_012.csv,38,1,706.0531544348509,699.21875,86.85842124282071,64.04439643008425,27.24774244208873,84.97943762892194,2549,1799.99609375,1.4161141842755736,1.0,0.21240802069648923,0.21138388720293458,-0.21383924394017953,1.0588965709818776,1.243470322778753,2.7413881323118567,4721.465019313285,3030.067774515524,1.5582044266545152,7754.282778362041
day_custom_segments_012.csv,39,1,712.0489340126633,710.9375,73.64059708975091,54.10861666166988,28.345209817893902,84.26387167224232,2528,1799.99609375,1.4044474922905648,1.0,0.20870776296241528,0.21094741838426384,-0.21972003041780003,1.0538209151039253,1.231519664688897,2.7129849875288916,4768.202835221286,2660.725141060304,1.7920689219785957,7429.646764676936
day_custom_segments_012.csv,40,1,680.9590272520818,671.875,82.28838510741363,62.44575894089637,25.331313896251416,88.11102812179743,2643,1799.99609375,1.468336519827517,1.0,0.2159742480289815,0.2116836268570465,-0.20990555284272697,1.0605452692496729,1.23596743053284,2.7034311112447553,4569.130071542084,2896.1733435793594,1.5776438525931358,7466.645247889312
day_custom_segments_012.csv,41,1,691.6765787197232,679.6875,86.10913337914722,59.05398178932796,24.884615384615387,86.74574482637328,2602,1799.99609375,1.4455586926186905,1.0,0.2170633210694634,0.2114943804921786,-0.21084167812130006,1.06337011045133,1.2410297154199468,2.737902899474681,4353.572362068984,2804.1382869955137,1.552552661992147,7159.568660625546
day_custom_segments_012.csv,42,0,678.9536967182196,675.78125,79.25917771192724,62.41988895847576,30.18867924528302,88.37126933694462,2652,1799.99609375,1.473336530678235,1.0,0.22751314180703136,0.21073048299246827,-0.20301808574160063,1.0612262570616027,1.1867662069006364,2.554490081570083,4494.684167167954,3620.084156583732,1.241596596309402,8115.712473841599
day_custom_segments_012.csv,43,0,695.1449599111282,687.5,90.7994322042819,65.24656063420444,30.22806339389254,86.3129324963685,2589,1799.99609375,1.4383364547232091,1.0,0.21668376938330092,0.2110973913273653,-0.21533866944139674,1.054614040137144,1.1861792165288978,2.5704272535124084,5112.056388409252,3664.373893466365,1.3950695363058139,8776.895073047528
day_custom_segments_012.csv,44,1,708.5220559275306,703.125,83.88333044428765,57.984016000331245,29.432624113475175,84.6833200152868,2540,1799.99609375,1.4111141734248556,1.0,0.2203129309664443,0.20930520167057198,-0.20599071545102599,1.0574506049675432,1.2206114755967474,2.6852795816101076,4843.039535466744,2950.1366223058926,1.6416322887722117,7794.059410776785
day_custom_segments_012.csv,45,1,675.2315900562852,671.875,73.27759453875017,55.7009652664444,23.423423423423422,88.85840189289513,2666,1799.99609375,1.4811143253349075,1.0,0.2138462027752838,0.21206303328639284,-0.2132100108184457,1.0596929660516727,1.2342590908505682,2.6973052259801693,4070.44600536575,2569.5284374918556,1.5841217968145767,6640.808523163569
day_custom_segments_012.csv,46,0,704.7988885624756,699.21875,88.52850813389617,68.63743374211336,34.60031347962382,85.1306677318652,2554,1799.99609375,1.418891968081528,1.0,0.23303960357040882,0.20845137638350192,-0.19711596384122246,1.055335645514916,1.1586097117289107,2.492573655583827,5059.78821947255,4152.666096691329,1.218443308867038,9212.884545210849
day_custom_segments_012.csv,47,0,694.5478402509652,687.5,85.80543977464525,64.03947581818505,33.17883352645809,86.38713782238504,2591,1799.99609375,1.4394475682455907,1.0,0.233482099704688,0.20862897069430736,-0.19579359966042525,1.059383784061886,1.1724143684551231,2.5334126079032804,4720.648194721723,3945.3621763921196,1.1965056650486197,8666.874437184864
day_custom_segments_013.csv,0,0,686.0256624094549,683.59375,77.66285140797126,61.18625075445514,31.540808543096873,87.46028507048612,2624,1799.99609375,1.4577809413648901,1.0,0.23146789579428353,0.2092246832560506,-0.19917554011147412,1.0570159675964446,1.1768366683500135,2.5365275327960677,4543.068223337751,3612.5920499904228,1.2575646960607676,8156.934310426621
day_custom_segments_013.csv,1,0,701.5883893762183,691.40625,91.02262521690054,66.36469926386698,35.02340093603744,85.52022939453994,2566,1799.99609375,1.4255586492158185,1.0,0.23657050318645462,0.2078850037895546,-0.19294024190116268,1.0603666468207391,1.1686333701077716,2.529174143518318,5062.439152631678,4106.783337441046,1.232701785477221,9169.424472634182
day_custom_segments_013.csv,2,0,698.3286223796584,695.3125,79.60064359231507,64.15423997484973,33.86407766990291,85.91943402740831,2577,1799.99609375,1.4316697735889183,1.0,0.2312528244012806,0.20809723642859354,-0.19684796753232647,1.0550523947082535,1.1740754665251547,2.5363435316477214,4834.357175560116,3898.0833154727698,1.2401882628754928,8736.306609311985
day_custom_segments_013.csv,3,0,719.0527616859769,714.84375,86.54519601778703,69.05229262025526,37.29016786570744,83.44311182300008,2504,1799.99609375,1.3911141300219836,1.0,0.2372839282298133,0.20633774474952563,-0.1883911328631398,1.0582087300818537,1.1730811809967043,2.5471248243132245,5284.368520212298,4371.151296980735,1.2089191522293783,9657.228536390407
day_custom_segments_013.csv,4,0,675.7519127863312,671.875,77.19840525460253,54.7922148696007,29.000751314800898,88.78998174433825,2664,1799.99609375,1.4800032118125257,1.0,0.2271323598273392,0.21093882467575345,-0.20361218768054448,1.06062097480679,1.1756838238116265,2.5227537244646085,4336.000140787232,3284.6093720270574,1.3200961361537253,7622.635969373161
day_custom_segments_013.csv,5,0,697.8777758921644,695.3125,73.52325095209336,61.21260538905727,34.22584400465657,85.97494012944632,2579,1799.99609375,1.4327808871113001,1.0,0.2343639332806975,0.20879241184082925,-0.19533900756309666,1.0615303723270533,1.1788850406765203,2.5494081343286976,4644.775629707372,3765.5224757739434,1.233500970871967,8411.319491008755
day_custom_segments_013.csv,6,0,703.4702532264372,695.3125,91.00707106012557,68.89175863536232,34.97652582159624,85.2914529431948,2558,1799.99609375,1.4211141951262916,1.0,0.23538807899800385,0.2078127581535855,-0.19267933173495128,1.057779912536973,1.1686344804599405,2.520341747607745,5217.918129801748,4211.002482202959,1.239115424855325,9429.517280965934
day_custom_segments_013.csv,7,0,773.1840218091963,773.4375,88.81442166430551,80.47998479191763,47.0335339638865,77.60118976541213,2328,1799.99609375,1.2933361400523873,1.0,0.23399333052656435,0.20453612921304948,-0.19637798885123595,1.0485070374516674,1.1419611392438798,2.4964036652885286,6352.297597548963,5606.910429758056,1.1329408017354525,11960.757225090401
day_custom_segments_013.csv,8,0,679.7553834529656,675.78125,79.99330894173679,60.489486989074884,30.990173847316704,88.26704644134914,2648,1799.99609375,1.4711143036334715,1.0,0.22981476490492458,0.20991115298885224,-0.19905654600551753,1.062354685593602,1.1917549025286076,2.5792009388008084,4325.9845347538385,3575.791193990209,1.2097978601279824,7904.3172885788645
day_custom_segments_013.csv,9,0,699.3326127089001,695.3125,76.01031846795696,59.784260155202986,33.55365474339036,85.79608459497831,2574,1799.99609375,1.4300031033053457,1.0,0.24033260461297193,0.20700028587524677,-0.18663591126580228,1.0600168575212505,1.1737970044889374,2.539108889273811,4725.452959856777,3748.126682572964,1.2607505989132979,8473.90014042639
day_custom_segments_013.csv,10,0,666.7713931616012,664.0625,79.9898762104876,55.99177268485975,25.621060437523173,89.98586414378185,2699,1799.99609375,1.4994476984542067,1.0,0.21841013944934906,0.212981938108671,-0.21520751452409626,1.0594216941611292,1.1834280817872482,2.5544557524365623,4281.422608404289,2950.8027450363743,1.4509348737750047,7232.673480124683
day_custom_segments_013.csv,11,0,686.8693344465648,671.875,97.4750044196644,63.422997760320484,30.20236731576938,87.35285882043947,2621,1799.99609375,1.4561142710813175,1.0,0.22803641118728374,0.20927891480826052,-0.20027635992401743,1.053433629692767,1.1707780626022075,2.513573788260285,4766.224109364519,3785.4088362396988,1.2591041854541476,8553.737539762084
day_custom_segments_013.csv,12,0,730.6543841389115,726.5625,94.65373738230141,73.22206619943766,39.57740755790329,82.11816872995433,2463,1799.99609375,1.3683363028131572,1.0,0.24370106772657102,0.20484771459774484,-0.1826746844800134,1.0575284436942183,1.164322088557725,2.5363781639874623,5563.4323262945645,4795.743238280135,1.160077187178549,10361.558935598434
day_custom_segments_013.csv,13,0,683.2422764806378,675.78125,84.27050802302197,55.00485874269397,31.143182681352073,87.81657995324639,2635,1799.99609375,1.46389206573799,1.0,0.22721948972488637,0.20998124214949848,-0.20226054822773587,1.0575479051308636,1.179706888219103,2.5379191594116617,4543.072297398434,3454.7384251784356,1.3150264182920843,7997.934474841296
day_custom_segments_013.csv,14,0,721.8380066211878,718.75,87.78643513642166,71.30531404423891,36.812525090325174,83.12114276283502,2494,1799.99609375,1.3855585624100746,0.9995988768551946,0.23744907171418633,0.20640069362816021,-0.18987735821808158,1.059628739599572,1.1798186358005245,2.5793917338925962,5540.87132552573,4345.489189677022,1.2750857460854836,9888.42760574923
day_custom_segments_013.csv,15,0,695.8230616782675,691.40625,75.63463927063476,59.254813763673866,31.411992263056092,86.22881779066789,2587,1799.99609375,1.4372253412008273,1.0,0.22697886152222563,0.21006032751353623,-0.20325256593154423,1.0581493829689066,1.1807973261793958,2.5501142782229285,4500.13171206595,3472.641366468346,1.295881502627654,7973.314073835569
day_custom_segments_013.csv,16,0,677.3666933358434,664.0625,85.85080012428362,55.3118574539482,23.84180790960452,88.57831450866976,2657,1799.99609375,1.4761143144841895,1.0,0.20828411523962226,0.21329185797076275,-0.22131817060328343,1.0558700840436652,1.2259800680520436,2.674915398167695,4284.627013083332,2799.546665614314,1.5304717244794137,7086.168028804021
day_custom_segments_013.csv,17,1,683.580392762158,675.78125,84.98501464252038,59.31513047939098,24.705435195743064,87.77314363502545,2633,1799.99609375,1.462780952215608,1.0,0.21653951655778605,0.21090513053864215,-0.2084816114199496,1.0573066457543223,1.2258221019718019,2.6755291800734207,4596.274663928449,2858.4920457885264,1.6079368388308906,7456.048527083219
day_custom_segments_013.csv,18,2,663.9010608856089,660.15625,68.43555504878648,44.13021044801579,19.047619047619047,90.3749120689206,2711,1799.99609375,1.5061143795884975,1.0,0.2007605404712775,0.21387565590293756,-0.22472618422054272,1.0544191572319,1.2580515295038626,2.7539492772488177,4019.9521793666995,1853.7082354135664,2.168600269755957,5873.835676473892
day_custom_segments_013.csv,19,2,673.1610082304527,664.0625,74.29266664465648,49.073927530686774,21.182634730538922,89.1317222275289,2674,1799.99609375,1.4855587794244345,1.0,0.20325718230438083,0.21324116003670704,-0.2253847049797185,1.0561781257092626,1.2491275718131754,2.7433406879068456,4410.367089324348,2114.6016304388504,2.0856727933237473,6525.880773789086
day_custom_segments_013.csv,20,2,649.2241068206424,644.53125,65.91065008337354,46.74437462837173,15.848375451263538,92.41801000555864,2772,1799.99609375,1.5400033420211416,1.0,0.1969429169484304,0.21573552719606956,-0.23129621082506083,1.057805009392263,1.2639812004769126,2.765242517470162,3752.397112119596,1788.229387917644,2.098386894585814,5541.416569177993
day_custom_segments_013.csv,21,2,666.9089371756857,664.0625,67.11036038733052,50.05177047871853,19.651464590285503,89.96730536270206,2699,1799.99609375,1.4994476984542067,1.0,0.20114362661419702,0.2134498570441215,-0.22710929358442286,1.0548864313901976,1.2579264314887848,2.7632697256605945,4247.793346133506,2080.4665106074804,2.0417504076492836,6328.991084391311
day_custom_segments_013.csv,22,3,650.4965428416485,640.625,79.45388319848706,48.68748110289638,13.707052441229656,92.23723117404161,2767,1799.99609375,1.537225558215187,1.0,0.18802774697008437,0.2168193891165368,-0.2408932054704689,1.0559977245694794,1.2766066710447426,2.8031073034091514,4210.6088045543065,1611.5693407555186,2.612738216141748,5823.940698956649
day_custom_segments_013.csv,23,1,686.4895316673026,683.59375,68.26660208242079,47.466032788682966,25.458015267175572,87.40118710080804,2622,1799.99609375,1.4566698278425083,1.0,0.20499979969916002,0.2133193862430955,-0.22476083331537253,1.0572460403859834,1.2379495989988227,2.713258180796456,4203.4397912953755,2358.6370014220574,1.7821478204408134,6562.300355606197
day_custom_segments_013.csv,24,0,712.6469678217821,707.03125,87.04083069140916,68.16892653620347,36.17274167987322,84.19315973993552,2526,1799.99609375,1.4033363787681832,1.0,0.22526174346042396,0.20910992001454318,-0.20747808994043263,1.0527101183441812,1.1725216627049901,2.5390959083733438,5184.309610274344,4267.448872087573,1.214849847219905,9454.531752296003
day_custom_segments_013.csv,25,0,683.2749027145027,675.78125,86.42138271941026,61.67356332905919,30.95328522597797,87.81238672989896,2635,1799.99609375,1.46389206573799,1.0,0.22584539501490908,0.21117151736801734,-0.207119258664906,1.0597297851393996,1.173214535613713,2.518135004913453,4596.334193476865,3704.5606856137206,1.240723147369742,8301.612263821364
day_custom_segments_013.csv,26,0,701.1764419329696,691.40625,92.61887610346919,64.79068350439168,34.619883040935676,85.57047329570126,2567,1799.99609375,1.4261142059770096,1.0,0.22754156163028003,0.2092438287276433,-0.2023175157201207,1.057530302585172,1.1733005828202383,2.543946902861673,5074.684164040207,4090.831185579611,1.240501974740177,9167.070220348494
day_custom_segments_013.csv,27,2,696.1333567143963,687.5,84.18752006557689,58.00885034559206,25.590398761130466,86.19038208883919,2585,1799.99609375,1.4361142276784455,1.0,0.21163327818200692,0.21078659364654434,-0.2148702434067509,1.0566132684097551,1.23347880092363,2.7160181795405163,4762.086731788232,2751.342522642326,1.7308229319317296,7513.527784072143
day_custom_segments_013.csv,28,3,681.0393790230974,675.78125,78.7235035961649,54.833156270941785,22.613636363636363,88.10063242754882,2643,1799.99609375,1.468336519827517,0.9996214988644966,0.20965581386303936,0.21344556765675504,-0.22032459469567656,1.0581728429120731,1.2224744706298836,2.6497052177791995,4677.335205041873,2544.920124843584,1.8379104158836232,7222.703947996675
day_custom_segments_013.csv,29,3,668.0035495545657,660.15625,74.5096879209987,50.141840969303665,19.16078722614185,89.81988200513135,2695,1799.99609375,1.497225471409443,1.0,0.2016286776562659,0.21391614901626405,-0.22799026131123484,1.0533702685267152,1.238835883320089,2.706355114370353,4572.019761655885,1974.2467744501182,2.315829926038156,6547.2968202187285
day_custom_segments_013.csv,30,3,655.5925546448087,644.53125,83.04581262010353,48.22537041743132,15.634110787172013,91.52025839052915,2746,1799.99609375,1.5255588662301784,1.0,0.1927075063765266,0.21655799323486397,-0.2368046057744792,1.05807589265286,1.271199716654842,2.7975032459331373,3964.095246696128,1821.4865730564122,2.1762967157339337,5786.600502742477
day_custom_segments_013.csv,31,3,679.147791619479,671.875,88.12723295408888,51.997155138511815,19.788519637462233,88.3460135487233,2650,1799.99609375,1.4722254171558533,1.0,0.1958607302633961,0.21418750266977585,-0.23251983269161197,1.054098463428682,1.2644504318703222,2.7955112213897153,4840.654404432415,2015.5797415145407,2.401618901366346,6857.580080780988
day_custom_segments_013.csv,32,3,644.2346436246419,632.8125,73.69525906336197,47.69934012286777,13.436044428520244,93.13376825316851,2794,1799.99609375,1.552225590767341,0.9996419620479771,0.18482326397091886,0.2179525961171657,-0.24712810885354522,1.0548564195967471,1.2666206550973025,2.7691827666708018,4077.1682521065986,1574.0331568824158,2.5902683398245423,5652.075385338767
day_custom_segments_013.csv,33,3,653.1720905954975,644.53125,74.77693836656087,40.25484268823554,13.439883763167455,91.85940560518738,2755,1799.99609375,1.5305588770808964,1.0,0.18537079020933475,0.2171443165575636,-0.24475851212133204,1.0538326688517583,1.281979758456614,2.821591891171051,4099.156141917461,1344.5644252712427,3.0486870430849953,5444.367529863246
day_custom_segments_013.csv,34,3,667.6730635435993,660.15625,82.08890303061546,45.91692104165342,16.369710467706014,89.86434121148574,2696,1799.99609375,1.497781028170634,1.0,0.18767473005090526,0.21515646896056415,-0.24000543006618083,1.0501327053010487,1.2736644461685345,2.810480436429669,4660.705206406243,1610.087413550146,2.894690789570032,6271.329500478087
day_custom_segments_013.csv,35,2,688.594288174512,687.5,65.42288771058124,48.02495543123108,22.85604900459418,87.13403673309887,2614,1799.99609375,1.4522253737529813,1.0,0.19885921228847322,0.21328957390514722,-0.22981955452929118,1.053843949414417,1.2522026649571136,2.7608673310426455,4591.713681568612,2070.6856517244078,2.2174846663687284,6662.708709216012
day_custom_segments_013.csv,36,2,667.2254613316023,660.15625,76.90045743057026,49.10524042581184,19.517625231910944,89.92462589820262,2697,1799.99609375,1.4983365849318249,1.0,0.20255718222774005,0.2141876044206085,-0.22793208200933646,1.0578579877716172,1.243032569278833,2.722946508059555,4471.412665939064,2092.0387776425846,2.137346933395603,6564.050259067653
day_custom_segments_013.csv,37,1,684.3096482889733,679.6875,77.21218346353574,60.00721018135675,26.740205401293267,87.67960549733903,2632,1799.99609375,1.4622253954544173,0.999619916381604,0.20935229139450656,0.21342069502562905,-0.22290742587999893,1.0605770249493407,1.2309358192888966,2.700593752590153,4492.421764844436,2920.1871299650943,1.53840201497571,7415.706431984589
day_custom_segments_013.csv,38,1,705.3575803606429,699.21875,81.11587685806705,62.126690342851,28.509803921568626,85.06323837807562,2552,1799.99609375,1.4177808545591462,1.0,0.20915518454343207,0.2116746792223032,-0.22002847443669277,1.0548319305382852,1.2290272352701181,2.6953993289008484,4891.199962759014,3066.5471617409107,1.59501866587378,7958.5389335631935
day_custom_segments_013.csv,39,1,717.3877167198087,718.75,80.68352791448797,60.13812951713374,27.432216905901118,83.63678189855918,2510,1799.99609375,1.394447470589129,1.0,0.20107033131728497,0.21213976889973882,-0.227388040950765,1.0522332953258688,1.24370016434629,2.7476224511343923,5090.400291674551,2806.3245109193,1.813902943821358,7898.571521994588
day_custom_segments_013.csv,40,1,689.5631707550785,683.59375,78.7312833063316,52.089654893795206,27.14723926380368,87.01160755772295,2610,1799.99609375,1.4500031467082177,1.0,0.2137271414987597,0.21093407347586032,-0.21408947500563247,1.056034652051442,1.2229208807832082,2.6828291465474217,4474.5050486632745,2670.951035056012,1.6752478761069614,7146.891166389756
day_custom_segments_013.csv,41,1,693.5099628951426,683.59375,87.76735685230639,56.03956614272829,26.61010412649441,86.51642111891604,2595,1799.99609375,1.4416697952903543,1.0,0.21596323675457652,0.2107125367255316,-0.21084524721431586,1.0557670560393424,1.222525942029628,2.679842475681823,4582.28699949333,2814.1420018336485,1.6283069569721738,7397.438017070438
day_custom_segments_013.csv,42,0,718.5519585828343,710.9375,87.74790955632645,71.92825610186519,33.66613418530351,83.50126846544978,2506,1799.99609375,1.3922252435443654,1.0,0.2251120826809891,0.20983747978365327,-0.208151174308112,1.0571627187732344,1.168183252408847,2.5322300088502385,5253.366874877431,4213.932573264812,1.2466660971766095,9467.44640982287
day_custom_segments_013.csv,43,0,704.6474123580102,699.21875,89.54882011551109,64.7685508806114,31.426332288401255,85.1489680480311,2554,1799.99609375,1.418891968081528,1.0,0.2214522083915505,0.20978714937312817,-0.2080613534673957,1.053389221139278,1.1799064159653243,2.554878325698142,5001.650773598814,3730.1020946808053,1.3408884386117101,8733.099117579219
day_custom_segments_013.csv,44,1,697.367066375969,693.359375,76.06229605189198,54.777816820172816,27.0259790616518,86.03790298243366,2581,1799.99609375,1.433892000633682,1.0,0.21297776350435937,0.21130625390236218,-0.21435400628856935,1.0579889321354499,1.242117681403184,2.7373085937101593,4353.157638209481,2668.6655968086206,1.631211360245096,7022.339492315987
day_custom_segments_013.csv,45,1,681.9338158642911,675.78125,79.53961960260355,51.918534605740376,26.01441031475161,87.98507802983092,2639,1799.99609375,1.4661142927827535,1.0,0.2185086795655737,0.21082758704067103,-0.20924909801401778,1.0568570433469588,1.2107686521466954,2.6311290798831695,4563.110524611211,2650.621593091866,1.7215246931149033,7215.2597473337755
day_custom_segments_013.csv,46,0,712.0942201108472,707.03125,88.25946232593739,63.82036618393446,35.524752475247524,84.2585128561501,2527,1799.99609375,1.403891935529374,1.0,0.24129867771268265,0.20674277218514076,-0.18553232020746185,1.058817677372624,1.159759721608544,2.4967625120626056,4889.917302728538,4158.384403839775,1.1759175746747412,9049.292527985508
day_custom_segments_013.csv,47,0,686.6549623235406,679.6875,87.031267836721,63.03126388188318,31.45038167938931,87.38013018498944,2622,1799.99609375,1.4566698278425083,1.0,0.22798689987147563,0.20919918125819137,-0.19992052077935168,1.0575284362105393,1.1871189195638998,2.5588719038422076,4662.733987930665,3785.214052657097,1.2318283518623148,8448.935610093098
day_custom_segments_014.csv,0,0,706.0474082973715,699.21875,90.25866263922407,62.61430046997483,34.968602825745684,84.98012923054218,2550,1799.99609375,1.4166697410367644,1.0,0.23587806244611423,0.20816340240000272,-0.19231213238440353,1.0605919239638837,1.170734775044088,2.533669853358385,4824.783670765008,4034.8714821933786,1.1957713379614827,8860.497014034163
day_custom_segments_014.csv,1,0,680.8954508894776,675.78125,74.36314501659292,57.81001948982813,30.973116243847027,88.11925519787201,2643,1799.99609375,1.468336519827517,1.0,0.2330465541515255,0.20954775471838874,-0.19702311078040088,1.05967423838273,1.1696892894808837,2.5065011725893025,4477.243235769289,3428.7128787470147,1.305808737594105,7907.798753059297
day_custom_segments_014.csv,2,0,735.3743103800572,730.46875,88.72295408882967,68.9270312685866,40.228945216680295,81.59110150175184,2448,1799.99609375,1.3600029513952938,1.0,0.240606207482694,0.20464615502620268,-0.1858791380367794,1.0510889119799862,1.1532519803115355,2.4985095283089565,5434.36173303845,4627.214545336916,1.174434787882256,10062.898490894393
day_custom_segments_014.csv,3,0,671.0317044183445,664.0625,80.60990134643892,60.93744582900546,28.161133905259234,89.41455314992675,2683,1799.99609375,1.4905587902751525,1.0,0.22313700880161516,0.2117311164311078,-0.20803625007546744,1.0590978867500662,1.1905991530546032,2.5540761093762963,4341.161439768339,3492.1137614589443,1.2431328806294895,7834.717163266238
day_custom_segments_014.csv,4,0,715.5118834526651,710.9375,77.62303813686587,63.541477035999954,36.768802228412255,83.85604961649713,2515,1799.99609375,1.3972252543950834,1.0,0.2400553084449746,0.20633742219579723,-0.1863559764623859,1.0585319822924266,1.1700072848871264,2.531834089116995,4943.371062979439,4159.185204522974,1.1885431448456991,9105.339192954603
day_custom_segments_014.csv,5,0,734.1215957772338,730.46875,87.10845216042314,66.76794131829027,40.12244897959184,81.73032961450538,2452,1799.99609375,1.3622251784400574,1.0,0.2401118828631272,0.20531638545579237,-0.18708427877977504,1.0552387663813092,1.1643069672764819,2.526355080122459,5417.182390094283,4560.770699815107,1.1877778442827425,9978.577213225046
day_custom_segments_014.csv,6,0,727.880385315534,722.65625,86.89499048546898,71.53367538522082,38.891137191420476,82.43112633676779,2473,1799.99609375,1.373891870425066,1.0,0.23396800273202384,0.20625941594819677,-0.19419925560488163,1.049159137441458,1.155234506531323,2.4866001589411915,5531.264569786441,4634.015511917547,1.1936223682379548,10166.273017711512
day_custom_segments_014.csv,7,0,680.6596302950076,675.78125,81.18313479256992,62.26669336908995,30.49564888384412,88.14978489909142,2645,1799.99609375,1.4694476333498987,1.0,0.23463336299180756,0.20907730912622846,-0.19258840738849692,1.061729129501969,1.1821340957399387,2.5407118357525333,4490.4154869155,3627.939634973783,1.2377315883724591,8119.76346877587
day_custom_segments_014.csv,8,0,710.6488912485183,703.125,88.74419740061154,68.02450535054818,35.73122529644269,84.42987914128418,2532,1799.99609375,1.4066697193353284,1.0,0.23325448165978727,0.20760157161290846,-0.19602236293864778,1.0561881814247867,1.1718128463874828,2.5345796719626414,5183.563243594764,4233.781835983151,1.224334045637252,9420.689366784596
day_custom_segments_014.csv,9,0,708.9143732768806,703.125,87.01476575848156,64.82481994671326,35.1457840819543,84.63645577202284,2540,1799.99609375,1.4111141734248556,1.0,0.23850491060554302,0.20651182518426825,-0.1875548887449099,1.055793749627179,1.1661412615491298,2.5153770040578833,4983.119233655797,4133.861666495652,1.2054392806714493,9117.25638119562
day_custom_segments_014.csv,10,0,679.3201826850453,667.96875,83.09594989769957,57.67578971681575,28.59841329807329,88.32359398310109,2649,1799.99609375,1.4716698603946623,1.0,0.21905374032871006,0.21211168760339358,-0.21134215195138048,1.0604974401659117,1.1965745492114337,2.5882625759407296,4543.913522927423,3310.56213747872,1.3725504413543517,7856.649447177756
day_custom_segments_014.csv,11,0,681.3159669632715,667.96875,92.54816545603855,59.12504743918371,28.333333333333332,88.06486697710768,2642,1799.99609375,1.467780963066326,1.0,0.21569966376098101,0.21311671261944337,-0.22243541324115226,1.0571275976426455,1.1653270407196539,2.5153296998334933,4687.596070917056,3424.5870733521133,1.3688062153223812,8112.7276007981545
day_custom_segments_014.csv,12,0,731.224593495935,726.5625,84.91890198537867,74.20001944145785,40.01626677511184,82.05413293492234,2461,1799.99609375,1.3672251892907754,1.0,0.24108075583333843,0.20493851251730455,-0.18542741634474413,1.0534452060560289,1.1605657200223136,2.510725158753926,5670.131968039529,4716.317466992642,1.2022371283786981,10389.5652209473
day_custom_segments_014.csv,13,0,700.2203915369649,691.40625,85.63562841829432,62.83461941068104,34.29349941611522,85.6873074894343,2571,1799.99609375,1.4283364330217732,1.0,0.2277096633420794,0.21042709414842486,-0.20432122346284068,1.062551861455055,1.1795661471161076,2.556848189494128,4658.044329940996,3933.6414132766863,1.1841558089711306,8592.381388736403
day_custom_segments_014.csv,14,0,698.4180900621118,695.3125,80.23743648492469,60.424817760047496,32.23300970873787,85.90842770791357,2577,1799.99609375,1.4316697735889183,1.0,0.23807775021299424,0.20722716127360882,-0.1875161220572285,1.0622923865685698,1.1901470380042396,2.5877575262076538,4873.753301630047,3534.5560609649633,1.3788869712536038,8408.804536968779
day_custom_segments_014.csv,15,0,704.7835879357618,691.40625,99.48780029857171,64.21887908199373,32.95454545454545,85.13251589148634,2554,1799.99609375,1.418891968081528,1.0,0.23078682095214498,0.20804795762229178,-0.1984540660442807,1.0541845737608269,1.171633098035233,2.527721133544921,5136.016726144558,3837.4111742662294,1.338406673902137,8975.457168524477
day_custom_segments_014.csv,16,0,680.4468844553707,671.875,76.724271246937,55.80684290414567,26.485054861899354,88.17734546323034,2645,1799.99609375,1.4694476333498987,1.0,0.2140492012299299,0.2131772855320311,-0.21870998558699403,1.0596054717976235,1.2085812166727599,2.623186572038272,3975.047804519468,3052.395639539932,1.3022714857234567,7029.232956278587
day_custom_segments_014.csv,17,1,694.6805622586872,687.5,78.76591465331217,58.11892186564611,27.46234067207416,86.37063315103528,2591,1799.99609375,1.4394475682455907,1.0,0.21364976074755773,0.21113547027793578,-0.21208027430048737,1.057791050974501,1.2262799412509802,2.6868518334550884,4846.931282823867,2828.955802206059,1.713328740959531,7675.9086206032935
day_custom_segments_014.csv,18,2,662.7302025782689,660.15625,74.57431993523888,52.779959665799005,18.828297715549006,90.53457917954775,2716,1799.99609375,1.5088921633944519,1.0,0.19902241760697267,0.2145035608892659,-0.23070840600898143,1.0570508719994325,1.2539073038899227,2.7526417433943817,4355.975308069554,2135.1699824997786,2.0401070377402637,6491.788345799902
day_custom_segments_014.csv,19,2,660.8967441219692,656.25,79.48219983947666,50.4287478446831,19.073869900771776,90.78574003222346,2723,1799.99609375,1.512781060722788,1.0,0.2009475679164074,0.21456406506544087,-0.2271769582565055,1.058437799694547,1.258542207286681,2.7631987545721057,4231.392188156278,2093.7538019135986,2.020959763411043,6328.569195261785
day_custom_segments_014.csv,20,2,665.219639885355,660.15625,73.2105909395985,48.3612617640511,19.237883832778394,90.19577354983159,2705,1799.99609375,1.502781039021352,1.0,0.2026351926080012,0.2140356030175274,-0.22696868691653976,1.058971414509627,1.2527792586530546,2.7499524869709844,4230.778190553501,2009.4689546359155,2.105421027178821,6240.350668804656
day_custom_segments_014.csv,21,2,654.6443024736268,644.53125,81.08687024613451,53.74562353852223,17.540029112081516,91.65282547069472,2750,1799.99609375,1.527781093274942,1.0,0.19943337510703918,0.21488419712231072,-0.23004780177052844,1.0571749904125798,1.2545524821498162,2.7501449886582647,4237.353609864737,2113.94776416911,2.004474132089179,6352.773300225053
day_custom_segments_014.csv,22,3,653.3394607843137,648.4375,72.14598533580032,45.91901835322352,12.749727569923719,91.8358733880422,2755,1799.99609375,1.5305588770808964,1.0,0.1899932951691175,0.2170520092699999,-0.2387284242842938,1.0587509930852128,1.2828312876753476,2.8227159616429316,4057.7664532584886,1494.2247142202198,2.715633341251544,5552.899385548594
day_custom_segments_014.csv,23,1,672.6565421652955,660.15625,81.63540968914556,52.63982871877279,23.232323232323232,89.19856752876994,2675,1799.99609375,1.4861143361856255,1.0,0.21227028727439567,0.21324971008560367,-0.21961606643040527,1.0595982861528552,1.2141494387014162,2.6394327247739047,4137.653825083506,2580.0644604188647,1.6037017247281378,6718.27063198424
day_custom_segments_014.csv,24,0,721.1209810697115,714.84375,86.18087572808533,73.6879984905273,37.51503006012024,83.20379183947185,2497,1799.99609375,1.3872252326936474,1.0,0.24536918183819387,0.2044028895929062,-0.1787115366301144,1.0556826309494398,1.1638501174856781,2.517619249849463,5535.654666729622,4563.369654213724,1.213062952640295,10101.100735734168
day_custom_segments_014.csv,25,0,690.3120203376823,683.59375,78.30748505003214,58.14381593242759,32.7063339731286,86.91721747891569,2607,1799.99609375,1.448336476424645,1.0,0.2352490512773286,0.20834716116623167,-0.19364786248274993,1.0604970906416153,1.1743875945771318,2.5432595141361927,4490.09492608711,3617.4922692175055,1.241217559549438,8108.477941302097
day_custom_segments_014.csv,26,0,708.5291584645669,707.03125,82.24414767818998,66.30059774423873,35.722725482473415,84.68247112091233,2541,1799.99609375,1.4116697301860464,1.0,0.2353183248866489,0.20721578001304453,-0.19311394920523092,1.055848521809766,1.1703222656457173,2.5343424216842227,5018.080091165846,4105.720484142761,1.2222166878010396,9124.821680070381
day_custom_segments_014.csv,27,2,674.6373500187476,667.96875,72.44786507584102,49.79942252088695,21.680420105026258,88.936670936367,2668,1799.99609375,1.482225438857289,1.0,0.20194033803408762,0.21341252682775808,-0.22690961784929975,1.0548398004864625,1.244718371570683,2.7239200479341057,4436.793818231379,2196.568659253984,2.0198748623401728,6634.470430649009
day_custom_segments_014.csv,28,3,696.8102488381099,691.40625,87.39209412147002,58.25988725627489,23.24680356450988,86.10665543459854,2583,1799.99609375,1.4350031141560637,1.0,0.2071200540368939,0.2133184368424092,-0.22717551388714108,1.0520209316182656,1.1937907505676852,2.576744049322486,5003.717749839587,2713.117736608405,1.8442685631824438,7718.648710858855
day_custom_segments_014.csv,29,3,686.8526870943108,687.5,78.3796580426705,48.42861412431907,18.907563025210084,87.35497600486417,2620,1799.99609375,1.4555587143201265,1.0,0.19312754218731348,0.21352318045629723,-0.2316555934120916,1.0528127012698367,1.2777862106840718,2.8331534527648725,4712.89913148056,1796.448268407098,2.6234538530071143,6509.952592495034
day_custom_segments_014.csv,30,3,674.5997118628186,671.875,69.96226152816818,54.56107920361107,17.472815898012747,88.94163300828853,2669,1799.99609375,1.48278099561848,1.0,0.19449025777090914,0.21374559572230922,-0.23224833090847352,1.05173434905191,1.2755449363144178,2.8178432958274056,4602.182703042264,1944.1107586330281,2.3672430609242747,6546.528985877843
day_custom_segments_014.csv,31,3,659.8411143197653,652.34375,79.55575864237117,46.41696132474865,16.140865737344093,90.93098125880563,2728,1799.99609375,1.5155588445287425,1.0,0.19227359227972415,0.21621393886717943,-0.2388298436687722,1.0552990316622701,1.2613006705881495,2.768078903020077,4211.642732968907,1792.8856385226868,2.3490861003489565,6004.880190159642
day_custom_segments_014.csv,32,3,643.4932157546496,640.625,65.88100564803037,38.75113495762735,12.772808586762075,93.2410762553816,2797,1799.99609375,1.5538922610509138,1.0,0.1869716109525205,0.2172195523350503,-0.24318168745369423,1.0559174212217648,1.2805448725278938,2.813605653047896,3827.7588155707053,1308.8277450330875,2.924570349380803,5137.398732266121
day_custom_segments_014.csv,33,3,642.1827583898607,632.8125,75.70367338302526,41.71680884746263,12.285714285714286,93.43134678738103,2802,1799.99609375,1.5566700448568682,1.0,0.1838579328695268,0.21718261478026726,-0.24367830074024954,1.0506224581898804,1.2857776378988015,2.821114950130854,3903.104474745939,1373.8456594820966,2.841006519041816,5278.974240195111
day_custom_segments_014.csv,34,3,631.908631056882,626.953125,59.16229449872148,32.972646545380265,10.607657182999649,94.95043595091998,2849,1799.99609375,1.58278121263284,1.0,0.1812128202893738,0.21932626312456407,-0.24866799492541136,1.0568062650985126,1.2881995249638911,2.82509710976865,3437.685532855514,1102.150421395869,3.119071105105326,4540.297586957888
day_custom_segments_014.csv,35,2,668.6161626718692,660.15625,77.9703424246456,43.13555406486671,20.59479553903346,89.7375854036087,2692,1799.99609375,1.4955588011258705,1.0,0.2043186641570839,0.21317332579951462,-0.22359259017361974,1.054051146365375,1.2376766074835848,2.7051194836234447,4113.764241593084,1973.2612174538665,2.08475401290314,6087.12595946382
day_custom_segments_014.csv,36,2,656.335507114192,652.34375,69.82915842770502,46.91804640338655,18.83211678832117,91.41666015268765,2742,1799.99609375,1.5233366391854148,1.0,0.20291570616453278,0.21470382143966862,-0.22528580167858966,1.0580476114193884,1.2484858914374752,2.71417234371069,4053.671590456678,2024.0948785233775,2.002708288760615,6078.75637873187
day_custom_segments_014.csv,37,1,700.9132836838006,691.40625,84.17642257865602,59.19745038916926,29.684456564082584,85.602600773461,2569,1799.99609375,1.4272253194993914,1.0,0.21763772954352598,0.2101034133005044,-0.20939321208346812,1.0581314413821146,1.2277803711758362,2.69687114364365,5013.110591522973,3117.2060358266267,1.608206366183808,8131.782562193974
day_custom_segments_014.csv,38,1,676.3260690789474,671.875,71.25009410655225,52.35218878260527,24.82136141406544,88.71460489717751,2661,1799.99609375,1.4783365415289529,1.0,0.2099067907430171,0.21286350795944614,-0.21909782031794764,1.057473945714565,1.229931405281338,2.676789577985549,4275.288004227665,2599.734388212091,1.6445095405180599,6878.415542985602
day_custom_segments_014.csv,39,1,664.2225567552603,656.25,75.33655097104906,55.163815622625634,22.895125553914326,90.3311689580389,2710,1799.99609375,1.5055588228273065,1.0,0.21318064897872407,0.2135173670407254,-0.2173635389882469,1.0617002350840106,1.2285067869644826,2.6689017690804433,4111.773975944949,2593.2988166179744,1.585538060479771,6707.608947281804
day_custom_segments_014.csv,40,1,717.8022745411014,710.9375,82.15151223111525,58.20317471179675,32.41516966067864,83.58847851012821,2507,1799.99609375,1.3927808003055562,1.0,0.22100953603390552,0.20817218152958483,-0.20369396012016291,1.0539664774859627,1.2213954744910573,2.683990946634571,5275.55303209376,3116.197908842773,1.6929454374908048,8393.907189368783
day_custom_segments_014.csv,41,1,707.9947506884344,703.125,74.76752943751298,57.53822033005967,29.791420700511612,84.74639104549529,2543,1799.99609375,1.4127808437084282,1.0,0.2227415296273638,0.2083138945191727,-0.19944650560119567,1.0554086137124776,1.225566794197558,2.6880754311580364,4818.851217272605,2977.9483880317043,1.6181782184806965,7798.644940428894
day_custom_segments_014.csv,42,0,669.8360712956069,664.0625,88.42621616079967,52.94151213651151,25.176908752327748,89.57415488829544,2687,1799.99609375,1.492781017319916,1.0,0.2159055576768254,0.21269766449886726,-0.2173234240791199,1.0550442152754156,1.1887114265188006,2.5504287048529712,4452.770993826005,2904.043263611,1.5333005019660957,7357.171720564709
day_custom_segments_014.csv,43,0,727.1496212121212,722.65625,96.805551210051,72.45469879202537,35.16572352465643,82.51396720799093,2476,1799.99609375,1.3755585407086386,1.0,0.21578781304640415,0.21095830483317815,-0.22220610328978266,1.05306928002046,1.1582917332108733,2.5192697831542596,5776.461471071313,4384.129413126662,1.3175846164065834,10164.173926294676
day_custom_segments_014.csv,44,1,697.9550523661753,695.3125,78.14077027165355,56.43119938240102,28.6767559177338,85.96542112073082,2579,1799.99609375,1.4327808871113001,1.0,0.21298928689685862,0.21043562494748852,-0.2143259615990046,1.0531789271066014,1.2227734628459161,2.682854100829711,4788.668433305594,2859.6432087494973,1.67456849814479,7649.617849676801
day_custom_segments_014.csv,45,1,702.9189258499414,699.21875,79.89124578851782,59.39080510020406,28.96794370602033,85.35835043486759,2560,1799.99609375,1.4222253086486734,1.0,0.21450784541795045,0.21033296366402907,-0.2136017355035311,1.0541875556781939,1.2232200981329049,2.6808379511863323,4866.925146234293,2990.6340587852155,1.6273890588309623,7858.849510133065
day_custom_segments_014.csv,46,0,703.0807322196171,699.21875,84.40462393131774,65.42021099051998,34.20641125879593,85.33870614058894,2560,1799.99609375,1.4222253086486734,1.0,0.23878631467598538,0.20692787103318414,-0.18900441350306552,1.0578685398187582,1.1665497257456265,2.5202406444273433,4951.8184526635805,4000.0859881782208,1.2379280013724936,8953.48807634214
day_custom_segments_014.csv,47,0,740.1805455573838,738.28125,90.87216715700357,72.65297440788741,41.23456790123457,81.06130370505448,2432,1799.99609375,1.3511140432162396,1.0,0.24229030063977203,0.20399247229889733,-0.18175483607908227,1.0517736427671716,1.157045647604792,2.5005727829072595,5818.137374163522,4882.640569700907,1.1915964919203381,10702.510483573385
day_custom_segments_015.csv,0,0,706.477596191598,695.3125,93.36589617262406,67.40988469371935,35.19245875883739,84.92838318361605,2548,1799.99609375,1.4155586275143826,1.0,0.22287264126955983,0.2097889397608827,-0.20887923410985326,1.054197236917956,1.17099569325104,2.5344253699337522,5182.5095944259065,4196.399331838714,1.2349896148122572,9381.818638338544
day_custom_segments_015.csv,1,0,694.6265317445002,687.5,84.76305331284524,64.25609454485775,33.24324324324324,86.37735136507771,2592,1799.99609375,1.4400031250067817,1.0,0.23122797546309315,0.20944974689922652,-0.199210974096477,1.059911818162717,1.1749128327534373,2.541856257220226,4759.036728544229,3951.7932416951653,1.2042727029167113,8712.232521828013
day_custom_segments_015.csv,2,0,684.607472412481,679.6875,80.06855935051789,61.69751101793004,30.871716787209746,87.64146232375559,2629,1799.99609375,1.4605587251708445,1.0,0.22834454413504843,0.2094811006893917,-0.19903057045656466,1.0547773670005,1.1796953035526836,2.5236690185652066,4618.911218339752,3658.9872061619153,1.2623469168083663,8279.279741336131
day_custom_segments_015.csv,3,0,718.0999975059856,710.9375,92.85183463471148,70.61458760271155,36.56686626746507,83.55382287757197,2507,1799.99609375,1.3927808003055562,1.0,0.23224561247911765,0.20771851690980153,-0.19864487687599264,1.0543442149001738,1.163413325135384,2.5160201753981988,5438.332944252734,4579.459613070888,1.1875490568211178,10019.2139696339
day_custom_segments_015.csv,4,0,746.4681664937759,746.09375,83.75064876214712,70.89741890346657,41.55251141552511,80.37851135946637,2411,1799.99609375,1.339447351231231,1.0,0.24325392683144464,0.20416110450170483,-0.181754796347591,1.0540334045341107,1.1601394798876439,2.513964946103093,5549.276992258076,4817.580921225899,1.1518803903860502,10367.37926840371
day_custom_segments_015.csv,5,0,712.0844875346261,707.03125,80.01196484950626,69.195665157314,35.74821852731592,84.25966447848286,2528,1799.99609375,1.4044474922905648,1.0,0.23744026226515788,0.2068961393954755,-0.18991791392966406,1.0558446866796474,1.1670254790114625,2.5148187474799903,5188.23349717177,4271.743563306198,1.2145470392319706,9460.43049638932
day_custom_segments_015.csv,6,0,703.5176109698866,699.21875,78.51819523429535,62.70688103146358,34.66353677621284,85.28571149382107,2558,1799.99609375,1.4211141951262916,1.0,0.23636040046353188,0.20706007724772293,-0.19113170040453928,1.0556232216051307,1.1670978078906746,2.518278921958832,4762.222182281575,3906.1815129176293,1.2191502536513075,8668.961107276247
day_custom_segments_015.csv,7,0,697.5563226744187,695.3125,80.22140570657237,63.58704944166792,33.77278014734394,86.01455975620873,2581,1799.99609375,1.433892000633682,1.0,0.2362279253896371,0.20855283993634582,-0.19303273955734673,1.0609298781997216,1.1679243548171132,2.5185158910903263,4698.269599877557,3836.6427800535316,1.224578327777496,8535.11232945509
day_custom_segments_015.csv,8,0,713.2521427863654,707.03125,91.54550316655614,70.7351468387049,35.804916732751785,84.12172414317065,2524,1799.99609375,1.4022252652458014,1.0,0.23828692945651786,0.20671547421447253,-0.1887972475777386,1.0578101437843974,1.1680338585060523,2.527192418391907,5244.153755966094,4385.953287494822,1.19567022542583,9631.972846459952
day_custom_segments_015.csv,9,0,716.2951762246117,710.9375,82.33402882643749,72.18745351385165,36.77290836653386,83.76435021696355,2512,1799.99609375,1.3955585841115106,1.0,0.22887830710283083,0.20863813110007196,-0.20247868829261645,1.0584020791288193,1.1792641782439588,2.5645201464684653,5261.964569323576,4428.125705349069,1.1883051474729478,9691.452872466203
day_custom_segments_015.csv,10,0,763.3412441663131,757.8125,88.52008270115216,82.12956580048366,43.336162988115454,78.60180549464387,2358,1799.99609375,1.3100028428881139,1.0,0.23202505725303016,0.20565297178299688,-0.19690250556472494,1.0523464379657508,1.1635227215368174,2.5500234471693974,6407.410567423821,5222.215049708839,1.2269526448898465,11631.698100827169
day_custom_segments_015.csv,11,0,650.8626537626628,644.53125,72.71373429289842,51.254129769809374,22.982265653275423,92.18534763538455,2765,1799.99609375,1.5361144446928052,1.0,0.21520682366947458,0.2138449266207817,-0.21744264901021265,1.0601383703984906,1.1992092740970532,2.580242121980563,3906.934650658678,2730.710274972438,1.4307393524924983,6639.787644953449
day_custom_segments_015.csv,12,0,699.511870625972,695.3125,81.89365210269882,62.522548790618394,33.566705562038116,85.77409836706246,2573,1799.99609375,1.4294475465441547,1.0,0.23339894606746964,0.208112100703103,-0.19400215300181192,1.0569847588097978,1.1730037741193986,2.52718667467204,4826.98932359793,3876.3722576358628,1.2452336882995425,8703.683582310967
day_custom_segments_015.csv,13,0,671.8677067774458,664.0625,79.97754648865107,62.64711378942879,29.43593574897273,89.30329497124471,2679,1799.99609375,1.4883365632303889,1.0,0.22557033563081383,0.21109172811841762,-0.20401359876732028,1.0585933705341697,1.1830835633996952,2.5371529851074697,4465.032346592236,3533.0222987883867,1.2637996505494664,7999.023269376941
day_custom_segments_015.csv,14,0,710.6397487164297,707.03125,83.50931026924498,62.25881836145736,34.808376135914656,84.43096534970508,2533,1799.99609375,1.4072252760965194,1.0,0.2393908070421495,0.2052264919581313,-0.18406973626429057,1.0540141618068593,1.1797783974549083,2.555645708432704,5215.605928139454,3851.8043802730353,1.3540682270499276,9067.93898091174
day_custom_segments_015.csv,15,0,681.5207741477273,671.875,86.51149941712633,60.13254096878447,27.851458885941643,88.03840216761218,2641,1799.99609375,1.4672254063051353,1.0,0.2194556545924188,0.21139073612971412,-0.21190899496472476,1.0596598801123687,1.1976544769748905,2.603615504466163,4592.865366742405,3352.7772448368096,1.3698689269665318,7947.428336992537
day_custom_segments_015.csv,16,0,677.5306026365348,667.96875,81.38532319325486,50.87044411962433,23.73775433308214,88.55688549936592,2656,1799.99609375,1.4755587577229985,1.0,0.21295970702031225,0.21272248980650815,-0.21744418652944827,1.0569852100286694,1.2102626268230594,2.6179147658915514,4178.330679955941,2733.2689523363065,1.5286935727215738,6912.180480074668
day_custom_segments_015.csv,17,1,694.5795125482625,691.40625,75.0141374427628,57.47537558453139,27.03746620316725,86.3831986346285,2591,1799.99609375,1.4394475682455907,1.0,0.2132993748225682,0.21142621142395046,-0.21449803549109786,1.0573201519533204,1.2298482639693251,2.6902673794721967,4753.758709526344,2800.2748421740016,1.6976043343787461,7555.18870199556
day_custom_segments_015.csv,18,2,661.4200367647059,652.34375,79.29420632972614,51.44899076392999,19.713129827142332,90.71391349661282,2721,1799.99609375,1.5116699472004063,1.0,0.1991834491749063,0.2146396550775456,-0.231628269973863,1.0572536172800688,1.2519862546925433,2.74991660796877,4410.682424498403,2127.554042003052,2.0731235669792096,6539.029250073159
day_custom_segments_015.csv,19,2,669.4408598400298,664.0625,76.85718391966599,53.496678744082004,19.836248604391514,89.62703593314824,2689,1799.99609375,1.4938921308422979,1.0,0.20148838165781763,0.21347128546376987,-0.22577437616740542,1.0559076687993154,1.2551443443185961,2.7566374646663507,4390.2674591946015,2205.4376036890535,1.9906559368766386,6597.344372559203
day_custom_segments_015.csv,20,2,688.447785112897,683.59375,82.21940227698323,56.95740431225587,23.08575803981623,87.15257902988348,2614,1799.99609375,1.4522253737529813,1.0,0.19947453887246233,0.2128455570264596,-0.22794463527863842,1.0544289208908668,1.257764946611547,2.778610030671532,4866.768662022294,2404.548100326542,2.0239847401519553,7272.234579816547
day_custom_segments_015.csv,21,2,676.6685666603986,667.96875,83.68610373068925,53.85134984025513,22.00902934537246,88.66970176569818,2660,1799.99609375,1.477780984767762,1.0,0.2070286154837753,0.2124883027306529,-0.21944806274918943,1.0574842213907731,1.246790365344935,2.7405289868029343,4738.129251487195,2327.5209641034426,2.035697776544975,7066.632000603196
day_custom_segments_015.csv,22,3,664.1937177002584,656.25,74.28947184370398,48.16428120038644,15.36189069423929,90.33509110526876,2710,1799.99609375,1.5055588228273065,1.0,0.18713869396115476,0.21530882953454114,-0.23872299603260339,1.050132445838039,1.2781626166098077,2.8178273787776056,4534.09814472877,1661.633753762157,2.7286988690877134,6197.016623954544
day_custom_segments_015.csv,23,1,699.4328951205288,687.5,86.7512398843327,58.25211567011838,27.693504472967717,85.78378343166229,2573,1799.99609375,1.4294475465441547,1.0,0.2127331490626402,0.21138068855060183,-0.21422517197693708,1.057410732657936,1.2327249407431828,2.7028756296413152,4630.2945355376905,3005.195628966797,1.5407631007135505,7636.847419510374
day_custom_segments_015.csv,24,0,691.8793252595156,687.5,77.47494166892574,63.955501785881516,32.96153846153846,86.72032507618974,2602,1799.99609375,1.4455586926186905,1.0,0.23425530271402623,0.20858484235995467,-0.19479981409110175,1.0593190305381925,1.1800045629348483,2.5506327873097185,4692.243754038601,3729.7202523584715,1.2580685511390517,8422.177740465255
day_custom_segments_015.csv,25,0,677.3652226091867,675.78125,73.70213074134934,56.94851611280119,30.131826741996232,88.57850683399738,2657,1799.99609375,1.4761143144841895,1.0,0.2333745600015834,0.20964690877029335,-0.19637748333359165,1.0627028898281823,1.180609330841396,2.5479801133887583,4288.444024843496,3388.770575269658,1.2654866800778473,7677.91760743194
day_custom_segments_015.csv,26,0,713.8396841531138,707.03125,93.68511356411227,71.52397203248586,36.7063492063492,84.05248591801518,2522,1799.99609375,1.4011141517234196,1.0,0.23998617431949087,0.20672049858841648,-0.18910253242032737,1.0563075264396655,1.1543101862068443,2.492145347961133,5372.998118850788,4537.647574189501,1.1840933062789687,9912.207076340605
day_custom_segments_015.csv,27,2,678.2999858597285,664.0625,89.02816205139538,58.50827373770097,22.557525462089778,88.45643704968013,2653,1799.99609375,1.473892087439426,1.0,0.20470120477210316,0.21310185206702073,-0.22345565223504243,1.0512725672272976,1.2209476804187924,2.649980644456725,4789.719995214942,2669.4613393106592,1.794264604877852,7459.762747044695
day_custom_segments_015.csv,28,3,650.6639918625679,644.53125,68.73799702426035,47.216588648909514,18.415340086830682,92.21349383150297,2767,1799.99609375,1.537225558215187,0.9996384671005062,0.19961645302009137,0.216725597405848,-0.2358600171898347,1.0584023084317589,1.2208248786999023,2.6406505074698132,3838.9328716679706,2111.6948759867623,1.8179391896635146,5951.79749647049
day_custom_segments_015.csv,29,3,688.6978967266463,687.5,67.64965544991544,49.55886030810897,21.179624664879356,87.1209281822663,2613,1799.99609375,1.4516698169917903,1.0,0.20124432931755504,0.21223186298555882,-0.22508166045312122,1.0503079693086814,1.253804966493915,2.759412248967069,4652.899281507514,1976.8631373241944,2.3536780031244344,6630.2317191499915
day_custom_segments_015.csv,30,3,649.1970486111111,636.71875,79.50350393733581,54.54453169820648,13.929989173583543,92.42186194216949,2773,1799.99609375,1.5405588987823324,1.0,0.1876218306561955,0.21759975215977811,-0.2420643762760063,1.0551823674828953,1.2710059747140676,2.7813195995649287,4315.275040766519,1860.1007275648794,2.319914710433876,6176.185851955886
day_custom_segments_015.csv,31,3,675.079151031895,664.0625,80.23450647579624,52.049780683218295,20.27027027027027,88.87846692982113,2666,1799.99609375,1.4811143253349075,1.0,0.20542239070226928,0.2134673649230702,-0.22355460190299284,1.0572199347489928,1.2351484019133157,2.697779962077289,4569.01957416822,2166.6081425511275,2.1088352270237074,6736.677062045976
day_custom_segments_015.csv,32,3,667.8730512249443,656.25,81.92568725547365,47.27478696210445,17.452655031563314,89.8374322634431,2696,1799.99609375,1.497781028170634,0.9996289424860854,0.19787108402446854,0.2143032717924857,-0.23015243818676365,1.0563847993515785,1.264202684423975,2.7940093221258633,4568.55166650832,1759.8541150004835,2.5959831713136428,6330.360098524889
day_custom_segments_015.csv,33,3,656.4765938526085,652.34375,69.42689890964095,42.76556972456151,13.795620437956204,91.39701333124931,2742,1799.99609375,1.5233366391854148,1.0,0.18790952459321272,0.21586203582390562,-0.2390012536354174,1.0536302051000443,1.2816503097195022,2.8207162321136203,4086.370207635455,1393.8218493561476,2.9317736764731332,5480.693964578054
day_custom_segments_015.csv,34,3,661.3195082720588,656.25,71.10555901876369,49.49513106420979,14.269952188304524,90.72770309887295,2721,1799.99609375,1.5116699472004063,1.0,0.19098483106068753,0.21526860614321927,-0.23531950196157086,1.0548177327925121,1.2834395574392365,2.832342026090076,4329.074617455236,1651.6778959341518,2.6210162575353766,5981.134199152401
day_custom_segments_015.csv,35,2,666.9147285025945,656.25,90.93587490480786,54.95927317374066,22.35817575083426,89.96652410828648,2699,1799.99609375,1.4994476984542067,1.0,0.21294009154182908,0.21218920588331477,-0.21708273801460162,1.0549858649391737,1.2077282594347902,2.625225118249628,4622.5824629578365,2633.987816146686,1.754974884325891,7257.766259445265
day_custom_segments_015.csv,36,2,656.7676957831326,648.4375,72.48739918180333,40.74690250735386,19.7954711468225,91.3565030455034,2740,1799.99609375,1.522225525663033,1.0,0.20942612812326875,0.2139411570345934,-0.2199228660977091,1.058841363354279,1.227766847476358,2.659074440607355,3849.743501547894,2061.008351316486,1.867893208238986,5910.967215759184
day_custom_segments_015.csv,37,1,701.3834762275916,691.40625,91.23272703704015,57.09826015313627,29.668615984405456,85.54521461314071,2567,1799.99609375,1.4261142059770096,1.0,0.21653231072599102,0.2106690330023925,-0.212556409407827,1.0601591326792925,1.228532746576025,2.708707303328008,4913.596486177856,3025.992043724374,1.6237968954241626,7940.6957962792585
day_custom_segments_015.csv,38,1,728.8163492706645,726.5625,89.33401068982232,70.79523162187435,33.64410214835833,82.32526624854496,2469,1799.99609375,1.3716696433803024,1.0,0.214883160471613,0.20853768853518437,-0.2123092288354336,1.0489645906670575,1.2082018144645754,2.655499024206175,5893.820129356208,3787.330652880089,1.556193707268266,9683.274352696126
day_custom_segments_015.csv,39,1,642.42123348804,640.625,59.30776504869926,49.592070677892586,17.92857142857143,93.39666385905196,2802,1799.99609375,1.5566700448568682,1.0,0.20348257552223303,0.21620467853228748,-0.2281291449660139,1.0616500695328177,1.238904895828726,2.681435042087591,3554.3962224078014,2095.9324577453863,1.695854372249809,5650.588110628313
day_custom_segments_015.csv,40,1,680.3759691754917,675.78125,74.46565922171081,55.16093179641881,25.198637911464246,88.18653614811018,2645,1799.99609375,1.4694476333498987,1.0,0.21449103764363203,0.21211328135244803,-0.21374320194939883,1.0623006555638042,1.237107289056768,2.717077563360506,4370.02676282084,2620.556478011892,1.6675949553036151,6991.938869616662
day_custom_segments_015.csv,41,1,673.4743403817365,667.96875,66.55830509016367,42.2177243292797,23.099962560838637,89.09025393007697,2673,1799.99609375,1.4850032226632437,1.0,0.21542852068691545,0.211509191985757,-0.20700252992168713,1.0589399202258916,1.243048308048142,2.7146462001885214,3747.9948758729615,2223.5205722387636,1.6856128621734643,5971.865630949442
day_custom_segments_015.csv,42,0,678.0714252072344,675.78125,68.08574071937277,50.98928030188921,28.382962683754243,88.48625346756444,2655,1799.99609375,1.4750032009618077,1.0,0.22714061313786757,0.21039735037169432,-0.20292202794516265,1.0622213133573841,1.1966600417633462,2.5988574145753733,4290.241351068541,2961.525652327506,1.4486591894609382,7251.9731583730845
day_custom_segments_015.csv,43,0,701.2731481481482,687.5,100.86490630196846,68.81283118091932,32.488299531981276,85.55867304835782,2566,1799.99609375,1.4255586492158185,1.0,0.22584002910421178,0.2102925264183721,-0.20798769372609344,1.057033720074294,1.1618114878255597,2.5121976313359817,5182.864794664209,4127.535165538589,1.2556803483921166,9311.824442830442
day_custom_segments_015.csv,44,1,671.6314972937663,664.0625,71.36571860400552,53.46823426991832,23.93577296489918,89.33470249945184,2680,1799.99609375,1.4888921199915799,1.0,0.21499856737327072,0.21252516849920036,-0.21216959883558392,1.0623934469424452,1.2319202770458038,2.6897430500791537,4126.909867604781,2552.5566743931895,1.6167750197303088,6680.406550418482
day_custom_segments_015.csv,45,1,695.2505919018167,687.5,78.27976555164193,56.37898419160938,28.383604021655067,86.29981865369372,2588,1799.99609375,1.4377808979620181,1.0,0.21462175601675879,0.21135468961159926,-0.2139478900598607,1.0588428855558423,1.2245576966869574,2.684903935721628,4722.603600588777,2887.2263233113495,1.6356887447508583,7610.473929856881
day_custom_segments_015.csv,46,0,675.7328435974465,671.875,73.03666561552414,56.443471604516105,29.789631855747555,88.7924873986793,2664,1799.99609375,1.4800032118125257,1.0,0.2306263731097134,0.21033641334651415,-0.20090549062849825,1.0597429560325284,1.1748757252076474,2.5167906849155517,4225.920738975663,3331.075806476764,1.268635415249035,7557.3419936675555
day_custom_segments_015.csv,47,0,703.30970349746,699.21875,82.11647737261335,63.69791327872286,34.05003909304144,85.31092305655454,2560,1799.99609375,1.4222253086486734,1.0,0.23244784415499783,0.20879037896368502,-0.19918087735733908,1.0585975756586352,1.1656020984045816,2.515343110683171,4772.834542276417,4001.625530032597,1.192723933425509,8774.611954725007
day_custom_segments_016.csv,0,0,718.8561226528166,714.84375,94.08397317296783,70.30504029395696,36.970423661071145,83.46593721505798,2504,1799.99609375,1.3911141300219836,1.0,0.2414819865899041,0.2059634896211005,-0.18550324436207893,1.056623810773956,1.1576608654201246,2.5009909182749266,5287.703182414678,4503.998095308751,1.1740020911470221,9793.1889238968
day_custom_segments_016.csv,1,0,715.3793844395866,710.9375,84.82162632846062,68.05361317120541,37.01789264413519,83.8715810171169,2517,1799.99609375,1.3983363679174652,1.0,0.23901551429094592,0.2068031518111882,-0.18830410648805362,1.0600775405473044,1.1733706878252645,2.5434421832569902,5227.68156570047,4338.21766768703,1.205029799366353,9567.212356732183
day_custom_segments_016.csv,2,0,713.1035102061038,707.03125,89.03133972434698,64.43446545646525,36.241078509119745,84.1392576831638,2524,1799.99609375,1.4022252652458014,1.0,0.230896824659478,0.20838018458591917,-0.20043444972391256,1.0567856302633964,1.17081154741125,2.541297869899513,5003.677531056559,4211.774640677496,1.1880211924756923,9215.646582144847
day_custom_segments_016.csv,3,0,693.9868154647127,687.5,85.74092658112183,67.99910403335261,33.217592592592595,86.45697391213744,2594,1799.99609375,1.4411142385291635,1.0,0.23131784662942276,0.20851157257422423,-0.1990569214261808,1.057120354980346,1.1746159300605425,2.539642294525201,4906.781753256134,4001.1078960554496,1.2263557696340945,8908.46316728391
day_custom_segments_016.csv,4,0,686.1711003051106,683.59375,79.05631346761196,61.31258857418109,31.858069439145364,87.4417473620218,2623,1799.99609375,1.4572253846036993,1.0,0.23470541236250142,0.2088689091611064,-0.19146198418039245,1.0631374389715573,1.1885074215072575,2.5636516077266758,4420.903403484085,3669.874070473697,1.20464716733821,8091.814561547875
day_custom_segments_016.csv,5,0,716.4725209080048,710.9375,89.03259939305,69.29305544171315,36.733067729083665,83.74361646690986,2512,1799.99609375,1.3955585841115106,1.0,0.23083647998975057,0.20795159515133407,-0.1990011397005759,1.0582532902070414,1.1787338783545132,2.562735854131042,5200.64359001772,4412.018431322524,1.178744756163406,9613.927032977917
day_custom_segments_016.csv,6,0,685.453869047619,679.6875,79.12151033567348,59.27036060484468,31.478658536585364,87.53324287652646,2626,1799.99609375,1.458892054887272,1.0,0.23029995258117253,0.20918340388906348,-0.20040086540969085,1.0565289365034773,1.1744402970772756,2.533486528689958,4500.361569552714,3579.440868947224,1.2572806017260314,8080.430779691234
day_custom_segments_016.csv,7,0,690.7884476967371,683.59375,82.38845373317993,57.91973039682446,32.48847926267281,86.85727186095126,2606,1799.99609375,1.4477809196634541,1.0,0.22833698584299228,0.2097858862879944,-0.20204600096771233,1.0624295949601266,1.1902274230211014,2.5858269244473644,4464.479119768196,3571.593948913953,1.249996271587858,8036.797818574611
day_custom_segments_016.csv,8,0,692.4692672247883,687.5,81.6491539743358,66.87275267958694,32.53754331921448,86.64644460029574,2599,1799.99609375,1.443892022335118,1.0,0.22851225074221188,0.20983126918725264,-0.2035135359145921,1.0553704671813973,1.1665771943640604,2.5073360457909684,4790.51974772086,3926.201088927595,1.2201412100951117,8717.847951075877
day_custom_segments_016.csv,9,0,703.1036293474014,699.21875,80.40983398998037,63.55193748148541,34.71462079749805,85.33592701788513,2560,1799.99609375,1.4222253086486734,1.0,0.22728029343082962,0.20904734768208805,-0.2036937803337619,1.053095136449048,1.1681045218796255,2.5172366230483934,4825.339882913118,3998.3969960566783,1.206818604473741,8825.435846355736
day_custom_segments_016.csv,10,0,675.3824136636637,664.0625,91.08177206318157,58.90920489144355,27.26248591813744,88.83855840208423,2665,1799.99609375,1.4805587685737165,1.0,0.21809770013189628,0.21324405502442345,-0.21640662966317253,1.0621193861481393,1.1889607510321056,2.5672550281564406,4420.485248370678,3176.4491909736016,1.3916436192123607,7597.5430719112055
day_custom_segments_016.csv,11,0,695.2823009277155,691.40625,82.5743907218171,69.48951778806605,33.1399845320959,86.29588286648743,2588,1799.99609375,1.4377808979620181,1.0,0.23309406607283825,0.20825967365299916,-0.1949757504087109,1.0600657340728026,1.1849609309905382,2.572981240106628,5036.652908864656,3942.062335877817,1.2776695241535534,8978.892000290518
day_custom_segments_016.csv,12,0,741.7171391752578,734.375,88.08232067166986,77.09258631959281,41.04785478547855,80.8933713824062,2426,1799.99609375,1.3477807026490942,1.0,0.22797369385938832,0.20714886175863995,-0.2026237294515199,1.052499651371,1.1659418462024074,2.53590885223262,5930.3531223403,5034.892096469604,1.1778510857260636,10965.697437921723
day_custom_segments_016.csv,13,0,705.3208300666405,691.40625,99.12787923955251,70.29569005212926,34.98039215686274,85.06767054409984,2552,1799.99609375,1.4177808545591462,1.0,0.2365889898626228,0.2072646446072197,-0.19151531505459563,1.059294376049195,1.1668532853384324,2.5302765100568583,5432.870764707191,4368.289077414163,1.2437067850654273,9802.366377057078
day_custom_segments_016.csv,14,0,693.9506604319321,691.40625,76.67399050641339,60.49099146875786,32.098765432098766,86.4614783458157,2594,1799.99609375,1.4411142385291635,1.0,0.22145878420476056,0.20933913249067798,-0.20713906918738278,1.0528233474924205,1.193776886266915,2.589987200312357,4959.8742282691255,3463.463992980057,1.4320559527461747,8423.86288843671
day_custom_segments_016.csv,15,0,709.414124112776,703.125,79.76012107455432,66.73600542951672,32.26824457593688,84.57683313683471,2537,1799.99609375,1.4094475031412828,1.0,0.23090158556997298,0.20842485743803926,-0.2002892611714659,1.0565290234099092,1.1737845349519065,2.544973982805336,5125.119701898297,3759.722203019651,1.3631644640612053,8885.754992637017
day_custom_segments_016.csv,16,0,694.6971525096525,683.59375,87.24647601781648,60.450808287578326,28.466589416763227,86.36857051053816,2591,1799.99609375,1.4394475682455907,1.0,0.22324000679060368,0.2099962313398277,-0.20455031696400938,1.0575287564177076,1.2075311049079298,2.6304741089927286,4695.502496156895,3196.2547894549725,1.4690638905409588,7894.404419201155
day_custom_segments_016.csv,17,1,728.7910251215559,726.5625,81.66889640900229,67.8765079961782,33.927847588163765,82.32812690029014,2469,1799.99609375,1.3716696433803024,1.0,0.22279985825115042,0.20854539735839817,-0.20363056286468342,1.05935052604709,1.2194032492477407,2.6873370564933103,5237.304943719892,3665.5007792820397,1.4288102115055945,8905.486421808131
day_custom_segments_016.csv,18,2,683.8030929304447,675.78125,75.94531846786302,53.082401650960215,21.863117870722434,87.7445577832493,2632,1799.99609375,1.4622253954544173,1.0,0.20451479482137447,0.21248052677518306,-0.22341501332967179,1.054829528234587,1.2481748445000307,2.748142161826784,4548.936208559648,2235.616587119305,2.0347568696567784,6784.946524746512
day_custom_segments_016.csv,19,2,661.2516078647556,656.25,71.80987071943804,54.11871028548402,17.86764705882353,90.73701944369665,2722,1799.99609375,1.512225503961597,1.0,0.19337296604747256,0.21558407636740679,-0.23840161820624195,1.0556745892206323,1.2627882831772907,2.7802857123746985,4213.441459506452,2097.7323538868877,2.008569611704452,6312.188810633164
day_custom_segments_016.csv,20,2,660.4659966960353,648.4375,80.48429835330938,52.885383120800455,18.582445831803156,90.84494932388421,2725,1799.99609375,1.5138921742451699,1.0,0.19901711964950938,0.21474763070027666,-0.2292363600794211,1.0548142780700722,1.2529511307650851,2.7369086091382937,4278.261104208637,2121.237232326473,2.016870644645645,6400.2016436560525
day_custom_segments_016.csv,21,2,646.3356456537356,644.53125,59.27359687785272,40.80381791099418,15.95400646784046,92.83102425723875,2785,1799.99609375,1.547225579916623,1.0,0.19703184541864702,0.2154039290569953,-0.23074366250155423,1.0573820606079924,1.2652046101441774,2.774317317197888,3623.55129776781,1664.941875106336,2.1763830629440934,5289.025230960846
day_custom_segments_016.csv,22,3,622.7581992038768,617.1875,59.968193061984564,38.23667725449339,8.760387811634349,96.34558015727927,2890,1799.99609375,1.6055590398416664,1.0,0.17938710493452642,0.2203200257898934,-0.25144414374230534,1.0557688800553682,1.2837185966645912,2.7917932765233036,3264.8922379459777,1135.6844441136882,2.8748234202450202,4401.581585241596
day_custom_segments_016.csv,23,1,701.2914230019493,695.3125,86.55633460173871,54.435542344517444,26.40405616224649,85.55644348702269,2566,1799.99609375,1.4255586492158185,1.0,0.21541042916307046,0.2114805398123515,-0.21302773655280927,1.0600928179920917,1.2235409752599447,2.6842543465646957,4577.842044131221,2785.996390896766,1.643161512731784,7365.365724047223
day_custom_segments_016.csv,24,0,664.8604890099741,660.15625,72.73809324720534,56.91679005318779,27.8640059127864,90.24449638952736,2708,1799.99609375,1.5044477093049247,1.0,0.22688083569786446,0.2111173127348604,-0.2030868470243624,1.0620049745012992,1.1894403278634207,2.5670462243020187,4106.371169673589,3221.7273428772123,1.2745868078353062,7329.228302750474
day_custom_segments_016.csv,25,0,712.4783415841584,707.03125,85.84188417991763,67.50732754683084,36.212361331220286,84.21308620637244,2526,1799.99609375,1.4033363787681832,1.0,0.2234630902694639,0.20986782769770845,-0.2104109267818417,1.0534960034739798,1.1652169270718076,2.5191235302403467,5023.7235075634,4242.421703743951,1.1841641068189772,9267.051740528415
day_custom_segments_016.csv,26,0,701.0387246786132,699.21875,84.4028271828864,62.68483020428886,34.76227591582229,85.58728339508865,2568,1799.99609375,1.4266697627382003,1.0,0.23065248194858934,0.20782922793208441,-0.19804304636042427,1.0537400640111716,1.1732010270599627,2.537430747053364,4831.836066116541,3895.0718422045943,1.2404998577334947,8727.955607903954
day_custom_segments_016.csv,27,2,670.1146415270018,664.0625,75.26660994359952,54.0124537818962,19.821162444113263,89.53691843425024,2686,1799.99609375,1.492225460558725,1.0,0.19552984132644105,0.2148614721819802,-0.2349288032220298,1.053461030299571,1.254129597091407,2.755595314686428,4472.9684184750095,2177.02720905901,2.0546221929896724,6651.484855165316
day_custom_segments_016.csv,28,3,677.5659133709981,671.875,71.79939158759524,48.83392368544892,22.90881688018086,88.55227043741097,2657,1799.99609375,1.4761143144841895,0.9996234939759037,0.20914445706853982,0.2126788217636745,-0.2195051965557126,1.0541337150315684,1.219542697343415,2.640847087163373,4613.70532425551,2230.7739781444384,2.0682083301389405,6844.621282656094
day_custom_segments_016.csv,29,3,669.7277981950131,652.34375,90.38058862944665,53.150841760002855,18.615040953090098,89.58863610216915,2688,1799.99609375,1.4933365740811069,1.0,0.19373221189291068,0.21651833496275993,-0.2387980484653767,1.0588106339691665,1.2487097138253296,2.74407248275044,4340.1316582360705,2246.6728759680723,1.9318040043395035,6589.4565539717205
day_custom_segments_016.csv,30,3,655.1977156898434,648.4375,78.73277957104048,49.32065075121897,16.351056081573198,91.5754108465218,2748,1799.99609375,1.5266699797525602,1.0,0.19461930895879867,0.2162173434706028,-0.2343586201478405,1.0552991065028812,1.2593045155025941,2.74048959644317,4139.684914684976,1959.6679833004532,2.1124419799485423,6100.8540949838625
day_custom_segments_016.csv,31,3,681.6620879120879,679.6875,68.87292754950235,45.78640084135192,19.257012888551934,88.02015113350126,2640,1799.99609375,1.4666698495439443,1.0,0.19900321515206318,0.2133541609773715,-0.22638621628095928,1.0551238174172817,1.2714917708068805,2.80678339566153,4487.857406500325,1804.3382919757419,2.487259416074434,6293.895139309749
day_custom_segments_016.csv,32,3,653.7745276162791,648.4375,69.84428590143075,41.77331397316033,15.15812431842966,91.77475944002501,2753,1799.99609375,1.5294477635585146,1.0,0.19115872254382613,0.2154997373318853,-0.2356956085798639,1.054138379323134,1.2753652952950865,2.7982872570416553,4129.118111101705,1512.47298091741,2.730044214473924,5642.427551040338
day_custom_segments_016.csv,33,3,652.9179900181488,644.53125,74.24194315249113,51.32939126034684,13.761801016702977,91.89515516080698,2756,1799.99609375,1.5311144338420872,1.0,0.18729440767540034,0.21634897283474927,-0.24018879663606926,1.051734664572049,1.2784967236641027,2.8083900507710386,4276.1979593572405,1693.599768156816,2.524916476583559,5970.05353455184
day_custom_segments_016.csv,34,3,677.4931758283133,675.78125,69.16310299145795,48.75746712031122,16.421845574387948,88.56177765428131,2657,1799.99609375,1.4761143144841895,1.0,0.19270274232563925,0.21415308026169988,-0.23202224211663322,1.0546136180560912,1.2889933523100536,2.862703310250247,4519.604163670087,1682.7683043603306,2.68581488726585,6203.249277167869
day_custom_segments_016.csv,35,2,664.1158522517534,648.4375,88.39129584027594,50.4086092460846,19.608567208271786,90.34568260426822,2710,1799.99609375,1.5055588228273065,1.0,0.203156220517106,0.21454327227168377,-0.22678410464151885,1.0566859860540383,1.2368969152243372,2.7024966713805694,4145.533862344542,2312.318373181896,1.7928041010373612,6459.774488600725
day_custom_segments_016.csv,36,2,662.8002371960206,656.25,75.79642332184423,45.55752163266384,19.277552524880207,90.5250128663657,2715,1799.99609375,1.5083366066332609,1.0,0.20550610276852072,0.21319920643726872,-0.22288894635676793,1.0547626799244751,1.2423368627365632,2.714159842479361,4295.37393336545,1962.1432410362881,2.1891235275447514,6259.583567022743
day_custom_segments_016.csv,37,1,692.3651524624855,683.59375,84.60156999442741,58.062286937489176,29.253271747498076,86.65947410351647,2601,1799.99609375,1.4450031358574997,0.9996153846153846,0.21556715974242716,0.21074235763858123,-0.21576548546574217,1.0564947271362122,1.208125522364715,2.6471807043070625,4939.594399606631,3096.6848805520244,1.5951233626090116,8037.395534164861
day_custom_segments_016.csv,38,1,716.4003408638536,710.9375,80.96908789450589,59.859501148837964,30.904022301871763,83.75205395303203,2513,1799.99609375,1.3961141408727016,1.0,0.22082958153051316,0.20861044153383435,-0.2027771275270359,1.0582645630881102,1.2321502428344882,2.717668777919909,4967.396864127386,3116.009518696675,1.5941533022675378,8084.539491419693
day_custom_segments_016.csv,39,1,681.4860611510792,667.96875,94.66611028626356,58.57367277553427,24.924242424242422,88.04288659793814,2642,1799.99609375,1.467780963066326,1.0,0.21841009153252686,0.21160004900473758,-0.21025956671180512,1.056082074434269,1.1998039322039316,2.598040875182161,4703.610829929494,3004.478923770537,1.5655329756903715,7708.87250307531
day_custom_segments_016.csv,40,1,703.5206663081736,699.21875,79.72793658577241,64.06661127857949,28.794992175273865,85.28534110427583,2558,1799.99609375,1.4211141951262916,1.0,0.21841141006911904,0.20995504831243159,-0.2078832894684264,1.057889805773704,1.2295906614983283,2.700062430856509,4914.170208230732,3122.254508458528,1.5739172431067707,8036.630909263296
day_custom_segments_016.csv,41,1,700.1611138132296,695.3125,78.71307397177367,56.115692721363224,28.454651615414555,85.69456203191143,2571,1799.99609375,1.4283364330217732,1.0,0.21519065069653556,0.21008176793988872,-0.20965413544661068,1.0560111101921,1.236858824362043,2.7187484480298134,4655.14120218098,2843.554078529483,1.6370855182006394,7501.062716432235
day_custom_segments_016.csv,42,0,699.940441462466,687.5,93.10348148778712,67.31230208270367,31.517509727626457,85.72157921699039,2572,1799.99609375,1.428891989782964,1.0,0.22785289172756681,0.21024710315792058,-0.20658229600640896,1.054884907898581,1.1497355417705564,2.4629999120107606,5046.65370282995,3946.399698731729,1.2787994344444669,8993.701767099603
day_custom_segments_016.csv,43,0,711.397785686042,703.125,88.59280225307471,64.37520950093894,31.60601265822785,84.34099909678315,2530,1799.99609375,1.4055586058129466,1.0,0.2243404810427294,0.2092221564838505,-0.20351027257665802,1.0565856146537072,1.189668022881538,2.58644286719534,5047.945336207829,3656.0322238097883,1.3807168611187979,8705.148353524488
day_custom_segments_016.csv,44,1,710.3743952409163,703.125,78.85233398682223,60.065034275922834,28.921374950612407,84.46250371911505,2533,1799.99609375,1.4072252760965194,1.0,0.20322344115570629,0.2126582255639863,-0.2285442439271759,1.0548100366553497,1.2307590735254739,2.7160657582376655,4789.198499084923,2933.3440965147756,1.6326753157855443,7723.154528838878
day_custom_segments_016.csv,45,1,686.0360870186809,675.78125,85.55929551680646,54.36576820613226,25.97254004576659,87.45895607437075,2624,1799.99609375,1.4577809413648901,1.0,0.21622213449852248,0.2109929680284333,-0.2104870483633742,1.0583308350308698,1.2315316712438191,2.6984106171123705,4564.9990129260195,2746.3351955919316,1.662214801839621,7313.064295603285
day_custom_segments_016.csv,46,0,732.1476266788767,726.5625,92.6378833801541,71.28638257841496,39.53583061889251,81.95068564541872,2458,1799.99609375,1.3655585190072026,1.0,0.23554067338255713,0.2065159267441381,-0.1946246574793721,1.0519982426233867,1.1463778492663652,2.4721917713459534,5611.9731955815905,4683.323055232724,1.1982887213623403,10295.625148545132
day_custom_segments_016.csv,47,0,717.6655364978061,714.84375,87.78027438039624,66.71298387581854,37.50997605746209,83.60440476604023,2508,1799.99609375,1.3933363570667472,1.0,0.23583850843254014,0.2064581101055013,-0.1905431693784952,1.0546985314296025,1.1673839378833042,2.5224136272931283,5307.903785604678,4357.953231417427,1.2179808969354817,9667.906768501238
day_custom_segments_017.csv,0,0,700.435176625146,695.3125,81.55283272722423,62.68871492305649,34.228971962616825,85.66103188748097,2570,1799.99609375,1.4277808762605821,1.0,0.23614375290132292,0.20691419007676337,-0.1901044329183287,1.0592944017808177,1.1801860006831582,2.5657601280240967,4810.885640313485,3896.8276482727583,1.2345646445117675,8710.059575268004
day_custom_segments_017.csv,1,0,741.8606373660347,734.375,99.27197581513703,72.75274879835023,41.69072164948454,80.87772416801776,2427,1799.99609375,1.3483362594102852,1.0,0.23801016684663462,0.20577466597955088,-0.1929187699638046,1.0522685709695592,1.1343730603657105,2.4586405461310634,5944.866562427982,5003.251943524105,1.1882005202881387,10949.339710088909
day_custom_segments_017.csv,2,0,714.2157105994443,710.9375,82.89521941606638,65.52777036447704,36.814932486100076,84.0082332404054,2520,1799.99609375,1.4000030382010378,1.0,0.23943762175838654,0.2058361221879102,-0.18577971743624228,1.0587724875245625,1.17766092516351,2.5675673016081,5101.656994568695,4175.34680413205,1.221852275724723,9279.850329938417
day_custom_segments_017.csv,3,0,739.916349712171,734.375,87.54723578282922,76.43840315155751,40.43603455368161,81.09024759804284,2433,1799.99609375,1.3516695999774304,1.0,0.2355123495754145,0.20559611543406467,-0.19192827991388495,1.0513399145524522,1.158098476944262,2.508180471412748,5778.733194283364,4922.64110378008,1.173909101324875,10702.363644169716
day_custom_segments_017.csv,4,0,726.0375680992736,718.75,95.6328418750902,75.46438433551869,38.4739604360113,82.64035173424524,2479,1799.99609375,1.3772252109922114,1.0,0.24214337842378575,0.20515980100848086,-0.18364452055996486,1.055848521809766,1.1623437500378189,2.5238058757239963,5360.783098238104,4792.824618976945,1.118501828131235,10155.271185286772
day_custom_segments_017.csv,5,0,691.1016135228582,683.59375,82.50133703381539,60.65242734216131,32.32129131437355,86.81791335163118,2604,1799.99609375,1.4466698061410723,1.0,0.2322457897318525,0.20872845273559595,-0.19859035276766512,1.0567586218476783,1.171175692776294,2.5238098163463527,4575.32236282924,3686.291934996388,1.2411720079445425,8263.132729279097
day_custom_segments_017.csv,6,0,699.189915986791,691.40625,88.08802208866541,63.295815253386024,33.30742324135251,85.81359460157533,2575,1799.99609375,1.4305586600665365,1.0,0.22921420346751906,0.20920066570708362,-0.20006652508731354,1.0594617616739606,1.179101616665176,2.5466014219102315,4912.005495786846,3909.6070838991723,1.2563936452887616,8822.852443481499
day_custom_segments_017.csv,7,0,716.1188793789809,707.03125,95.56608398644632,67.63442929835799,37.23616089207487,83.7849716405076,2513,1799.99609375,1.3961141408727016,1.0,0.23371410955759772,0.2070549381038921,-0.1931241153055402,1.0546165465667923,1.1684822895761453,2.5310563506544876,5171.883940916447,4371.282760497066,1.183150169935093,9546.356644014657
day_custom_segments_017.csv,8,0,711.3282794582839,699.21875,95.85946205708896,69.5011417165561,35.99683544303797,84.34924033344119,2530,1799.99609375,1.4055586058129466,1.0,0.2343963102695139,0.20771678639723903,-0.19734751675784248,1.0531154960826012,1.1485261827941975,2.4702269867429014,5389.785721828521,4432.397671272205,1.2159977785299942,9825.122190236696
day_custom_segments_017.csv,9,0,697.2330855288648,695.3125,78.18769706316557,62.074046632406606,32.5968992248062,86.05443609218406,2582,1799.99609375,1.4344475573948727,1.0,0.23497497879236282,0.20770665950179776,-0.19188659177278358,1.055829414566682,1.1722396741143248,2.514559756678476,4853.994066776344,3827.6464737051256,1.2681406446812533,8682.824914431067
day_custom_segments_017.csv,10,0,710.0985738255033,703.125,89.81386820760775,64.78071184868749,33.80726698262243,84.49531123089419,2534,1799.99609375,1.4077808328577102,1.0,0.22852336099673143,0.20902077289246884,-0.20182502492120283,1.0586444931544634,1.1749702123926211,2.552170443902907,5125.900245224898,3936.595618439881,1.3021150105471977,9063.72904600301
day_custom_segments_017.csv,11,0,669.1265340275195,664.0625,76.27914290961726,56.63250644171802,26.302083333333332,89.66913871858556,2690,1799.99609375,1.4944476876034887,1.0,0.21424135461405658,0.21318885342042362,-0.2173367150377885,1.0598697982547183,1.2006972911855418,2.5967416152815868,4360.459831800003,3071.085494021312,1.41984319234642,7431.749758361381
day_custom_segments_017.csv,12,0,693.6810041457771,687.5,84.0787633420321,61.402372372553096,32.870370370370374,86.49508872437134,2594,1799.99609375,1.4411142385291635,1.0,0.22849916773371703,0.20925588981724505,-0.2009096401637852,1.0601569320784132,1.1899525247729092,2.58493601392967,4644.354023022438,3774.437507943755,1.2304758028839635,8420.367451457832
day_custom_segments_017.csv,13,0,701.6127558479532,695.3125,84.52773127330398,61.59510900126887,34.04836193447738,85.51725934270588,2566,1799.99609375,1.4255586492158185,1.0,0.22959603045799784,0.2084633127918072,-0.1991344642242153,1.0540771294256956,1.1679038043849852,2.50959149466698,4869.061723478359,3950.162641675904,1.2326231006560786,8819.428363399327
day_custom_segments_017.csv,14,0,717.667094635022,714.84375,86.25159443323719,70.84625419039462,35.59457302474062,83.60422325133035,2508,1799.99609375,1.3933363570667472,1.0,0.2299269202840853,0.20796579298264586,-0.2001299383837908,1.056958841062961,1.1793507594818486,2.5677674763193967,5493.5246191845,4292.747210240052,1.279722366618765,9787.114007559849
day_custom_segments_017.csv,15,0,662.8078959484346,656.25,75.66991552170327,56.49962179817241,23.24981577008106,90.52396684886189,2716,1799.99609375,1.5088921633944519,1.0,0.20829341703209672,0.214695212025725,-0.2263194021179187,1.0564906031829844,1.2017550523062583,2.5825754970734596,4208.524292690771,2774.605882040891,1.5168007535524815,6984.928539772496
day_custom_segments_017.csv,16,0,689.5467013223457,683.59375,80.57446680936062,54.20851507818235,28.757668711656443,87.01368578072787,2610,1799.99609375,1.4500031467082177,1.0,0.22344708732935967,0.21014030583493706,-0.20514647885056536,1.0550448710245715,1.1868998162851327,2.5619243215465803,4458.701234971704,3121.900021160352,1.428201161071932,7582.065483912058
day_custom_segments_017.csv,17,1,701.0211662120031,691.40625,85.46749521063956,56.53569684088952,29.94152046783626,85.58942709848903,2567,1799.99609375,1.4261142059770096,1.0,0.22146609703567505,0.20980657192933616,-0.2047625196118766,1.0586317937547987,1.2137660280619778,2.6545880098862518,4528.381721184647,3136.7770585092903,1.4436415584270748,7665.632948296048
day_custom_segments_017.csv,18,2,666.191341169937,664.0625,71.41329763824558,47.85594686546934,19.77777777777778,90.06421472640359,2702,1799.99609375,1.5011143687377795,1.0,0.19341934647089828,0.21505644885455155,-0.23706624413914137,1.0559966161336352,1.2613824345430171,2.7841139148376164,4267.530592577107,2011.6241369639129,2.121435368645939,6279.497158247466
day_custom_segments_017.csv,19,2,664.6656815663096,660.15625,68.63199070383753,47.22215172520638,19.142645971914266,90.27094622759483,2708,1799.99609375,1.5044477093049247,1.0,0.20237046699923047,0.21369682670013257,-0.22431602759157604,1.058033067446935,1.2575969929531658,2.7641179306197903,4147.873976767445,1972.4243995674617,2.102931791797467,6121.412150587537
day_custom_segments_017.csv,20,2,646.1560479525862,644.53125,62.35870418948173,38.768035376410815,16.277398490837225,92.85682644326607,2785,1799.99609375,1.547225579916623,1.0,0.19328843001484566,0.21616378544142276,-0.23588591187265195,1.055470619653422,1.26306433648923,2.758402444753059,3739.020323358155,1656.1103328302493,2.2577120915417916,5395.455849262488
day_custom_segments_017.csv,21,2,635.5325300141243,628.90625,70.41349269349092,45.74487828556429,15.012363122571529,94.40901474967228,2833,1799.99609375,1.5738923044537858,1.0,0.19582754315657136,0.2169974426789646,-0.23522994646919043,1.0586048027551314,1.2532203244605031,2.72910183557905,3701.318261770359,1762.9325643549553,2.0995234512130336,5464.445906530422
day_custom_segments_017.csv,22,3,653.157906681191,644.53125,74.95995118187433,42.529155625541,13.65782782419179,91.86140041520808,2755,1799.99609375,1.5305588770808964,1.0,0.19107376946097193,0.21584077240273453,-0.23509668580764911,1.0564293675803846,1.28066743346667,2.8198999769633493,4095.3594443462976,1417.2144956628204,2.889724496101015,5512.909723939698
day_custom_segments_017.csv,23,1,689.0125311183455,675.78125,85.10808046376748,50.64377528729681,22.758620689655174,87.08114481258156,2612,1799.99609375,1.4511142602305995,1.0,0.20630687771157227,0.2130822970911432,-0.22197786180868256,1.0568412401309957,1.2415523967769166,2.7275446871662123,4292.384652545317,2338.7522937243793,1.8353310284561382,6632.462571831668
day_custom_segments_017.csv,24,0,710.3838704105804,703.125,88.4146655386312,69.65123504381812,35.939968404423375,84.46137714996516,2534,1799.99609375,1.4077808328577102,1.0,0.23632699725490527,0.20696279300781792,-0.19287559198273752,1.057139494056549,1.16752368031801,2.540775855873513,5172.969944376283,4301.655987379246,1.2025531468702775,9476.1485176087
day_custom_segments_017.csv,25,0,688.4623661055853,683.59375,79.7484925040954,57.9288701873082,31.572904707233068,87.15073321930595,2615,1799.99609375,1.4527809305141721,1.0,0.22924042623591312,0.20954647919809943,-0.2009980841042439,1.057425406142099,1.181302824582203,2.546460605753768,4483.832253544958,3608.3329547556496,1.2426326255828006,8093.931373795242
day_custom_segments_017.csv,26,0,716.0691182324841,707.03125,91.11531990379336,67.6038293355559,37.39545997610514,83.79079403410324,2513,1799.99609375,1.3961141408727016,1.0,0.23620184933581848,0.2072132190135085,-0.19288246782310678,1.05783549377011,1.1662025767626365,2.5322747510358323,5246.0875315603225,4396.261474133765,1.1933065315670304,9645.541611868437
day_custom_segments_017.csv,27,2,680.3419889372163,675.78125,77.36931358839512,53.37077924476918,22.92849035187287,88.19094069693962,2645,1799.99609375,1.4694476333498987,1.0,0.2029227384661015,0.21322860010600714,-0.2264176136412277,1.0556609905860859,1.2404464497857755,2.728623954910377,4417.3720678863665,2341.9839158272816,1.8861666974027766,6760.293327630236
day_custom_segments_017.csv,28,3,682.8893199506454,675.78125,90.99263533892346,56.10930280596873,23.015571591340674,87.86196861936045,2636,1799.99609375,1.4644476224991807,0.9996204933586338,0.2055543548415382,0.21466757653656107,-0.22713511934316014,1.056231963325169,1.2074869334527072,2.599117327642267,4693.566682824125,2831.655775768425,1.657534338385616,7527.116993041653
day_custom_segments_017.csv,29,3,677.5225903614457,671.875,76.29040733018955,52.54928184707198,18.794726930320152,88.55793275909976,2657,1799.99609375,1.4761143144841895,1.0,0.19581530106835815,0.2148465003201735,-0.23520421478123257,1.053144487196986,1.2387382912460008,2.7000909822856216,4464.16500592402,2136.180270339495,2.0897885201488857,6600.643703334126
day_custom_segments_017.csv,30,3,655.199137695668,652.34375,61.696451679737,39.43935792094037,17.006554989075017,91.57521209661492,2748,1799.99609375,1.5266699797525602,1.0,0.1951162312074233,0.21625661363865248,-0.23781283986336316,1.0536520814806376,1.2348106124377616,2.6737141516320855,3851.9046299122156,1665.954918441772,2.312130170674151,5518.116603561975
day_custom_segments_017.csv,31,3,687.8270140481651,683.59375,81.68915919565454,49.76495818547504,20.61185468451243,87.23123514279202,2617,1799.99609375,1.453892044036554,1.0,0.19917585279463326,0.21241865580851851,-0.22581230427507282,1.051124977453556,1.2638280544242892,2.7907972597463186,4970.829506593414,1918.797467286292,2.5905962413133348,6890.339898508152
day_custom_segments_017.csv,32,3,655.8612263033175,648.4375,73.39995636835611,45.89683858728983,15.025528811086797,91.48276738081125,2744,1799.99609375,1.5244477527077966,1.0,0.19095241449170147,0.21629832863198042,-0.23736237622912693,1.0570467977349165,1.2752991588248834,2.8055968079622997,4164.226945378747,1659.8817678728126,2.508749132605587,5826.830413711465
day_custom_segments_017.csv,33,3,651.4541659123823,648.4375,65.66789788525443,36.297162015349436,13.111191597247373,92.10164450474898,2763,1799.99609375,1.5350033311704236,1.0,0.184420012641933,0.2168458652508564,-0.24328999494599093,1.0528928372249484,1.2854537119443357,2.829384784516798,3850.0607969032926,1251.0656098561712,3.077425169848538,5101.677165935795
day_custom_segments_017.csv,34,3,654.1122159090909,640.625,81.48310095733736,50.12622053567013,14.186977082575483,91.72738031900455,2751,1799.99609375,1.5283366500361328,1.0,0.1856627439207043,0.21746961310575127,-0.24512410018980288,1.0556662830102441,1.2711795177678975,2.7995464560959182,4474.715404011156,1714.6078314581468,2.6097602739897336,6190.055632423278
day_custom_segments_017.csv,35,2,663.5236075248986,660.15625,71.1338926976233,52.516671501288634,19.963099630996307,90.42632292137174,2712,1799.99609375,1.5066699363496883,1.0,0.20429329259700163,0.21407360016023735,-0.2234578528879596,1.0601861376734512,1.2539090487589155,2.752580861421739,4218.7602850781,2124.8630192423493,1.9854269413481347,6344.077530648988
day_custom_segments_017.csv,36,2,666.1312800703183,660.15625,68.06154299928647,48.34604732258643,19.770455386893744,90.07233528151728,2703,1799.99609375,1.5016699254989703,1.0,0.20028598140254275,0.21356027961984192,-0.22884675719614625,1.0523405764777851,1.2494776610750622,2.734041606360359,4205.226227839861,2082.3632954747486,2.01944888146001,6289.654456562571
day_custom_segments_017.csv,37,1,708.3938238188977,703.125,81.88804259025072,63.91935155618492,30.169358014966523,84.69864922952677,2542,1799.99609375,1.4122252869472374,0.9996064541519087,0.21832783921948676,0.2099033606370685,-0.21001220380999247,1.0564179554596873,1.2146902613496144,2.653614686951969,5165.066704589663,3251.3639146601345,1.5885846186890364,8419.004058605773
day_custom_segments_017.csv,38,1,692.7960747978436,683.59375,80.63179149565237,52.34567241140143,26.27118644067797,86.60557151324488,2598,1799.99609375,1.443336465573927,1.0,0.20734662514313446,0.21250642895194546,-0.2209700675137001,1.0556357440000594,1.2357156950652843,2.707817919944015,4455.191989716397,2634.503977151485,1.6910932867649349,7090.194269005702
day_custom_segments_017.csv,39,1,714.7770427918983,707.03125,78.56167172117821,61.69542317156886,30.870083432657925,83.94225948505809,2519,1799.99609375,1.399447481439847,1.0,0.21703531978420237,0.20983827556240325,-0.21050550608679933,1.055903127244917,1.21724675058313,2.6743230716679984,4836.572601334083,3172.323186192597,1.5246153425934221,8009.303603647695
day_custom_segments_017.csv,40,1,703.4427551818537,695.3125,84.36487180037628,55.12193090180428,28.129890453834115,85.29478704274781,2558,1799.99609375,1.4211141951262916,1.0,0.21183514920100813,0.21140660056903435,-0.21776097552159507,1.0560522100351328,1.219437840464504,2.679325912008149,4730.432843496369,2860.7119725573734,1.6535858516603936,7592.999180406621
day_custom_segments_017.csv,41,1,685.2032559025133,675.78125,80.43808577425257,54.2271225695465,25.523809523809526,87.56525816704007,2627,1799.99609375,1.4594476116484627,1.0,0.20830475672537735,0.2120690234104063,-0.22089162547560942,1.0530182363729745,1.2267583783969884,2.6816853398830873,4522.067269850455,2704.960563621994,1.6717682803461358,7229.458915022804
day_custom_segments_017.csv,42,0,695.3185374806801,687.5,82.26384833388843,65.04801244032521,31.310398144569003,86.29138555315325,2589,1799.99609375,1.4383364547232091,1.0,0.22829791730110874,0.20891955331871492,-0.1997210278566988,1.0531714792434757,1.1721125908116776,2.518000063068976,4864.964984171587,3782.0005342887052,1.286346984899768,8647.832277721667
day_custom_segments_017.csv,43,0,709.0320872734436,707.03125,83.46664874576346,59.71647841148607,32.55813953488372,84.62240436921235,2539,1799.99609375,1.4105586166636646,1.0,0.22982178681387377,0.20912172071529214,-0.20108188196704083,1.0574877763437371,1.1705044487957308,2.52969489828452,4842.903210570166,3572.0948485442646,1.3557599716434725,8416.636786357396
day_custom_segments_017.csv,44,1,654.9744607753913,648.4375,67.82803346494647,49.7712818563801,19.956300072833212,91.60662528576918,2748,1799.99609375,1.5266699797525602,1.0,0.20456417531144444,0.21561929521910606,-0.22683713458390622,1.0625086437433866,1.242788355875807,2.7106195430971716,3645.2690348529422,2201.6386552260337,1.655707227977743,5847.248485777133
day_custom_segments_017.csv,45,1,682.1968619643534,675.78125,73.96349618667732,51.569423981587896,23.29286798179059,87.95115214577923,2638,1799.99609375,1.4655587360215625,1.0,0.20358902459828795,0.2141699574241113,-0.22546058277436676,1.0595024921802512,1.2590603873979884,2.770006430850232,3903.6152080016445,2378.295869004009,1.6413496986968295,6282.8568191621725
day_custom_segments_017.csv,46,0,699.5088331065319,699.21875,75.73390259057926,63.66106199257431,33.916763905095294,85.77447082910857,2573,1799.99609375,1.4294475465441547,1.0,0.2383550010525514,0.2073244007380874,-0.18948638749579472,1.0570030152237528,1.16642769999031,2.5103451228412497,4778.001986183148,3823.080273718588,1.2497780962197107,8602.03329244736
day_custom_segments_017.csv,47,0,691.3822300153728,683.59375,83.31495393826278,64.6519581884283,32.60284505959247,86.78267591382253,2603,1799.99609375,1.4461142493798815,1.0,0.2369843341591279,0.20802244251001517,-0.1906690320491515,1.0614988346694538,1.1778663032120886,2.5520322605377292,4644.670071842989,3833.690227714719,1.2115402643295201,8478.822175849149
day_custom_segments_018.csv,0,0,680.7394099848714,675.78125,78.96419647107079,62.55129189947251,31.17669315172153,88.13945412875894,2645,1799.99609375,1.4694476333498987,1.0,0.23429176205366636,0.2088208271344844,-0.1929319854573931,1.0624384882861315,1.1869299151114654,2.570171949578054,4559.409398404751,3625.104292264991,1.2577319246051264,8185.101018829897
day_custom_segments_018.csv,1,0,687.8105886850153,683.59375,78.27108495372076,61.8657978212063,31.625239005736137,87.23331828128799,2617,1799.99609375,1.453892044036554,1.0,0.23266595303042514,0.20863428061658232,-0.19537783702168007,1.0568388511871538,1.1724358151529555,2.5170708150311776,4656.117563970339,3696.9070875466164,1.2594629655840999,8353.487183228952
day_custom_segments_018.csv,2,0,739.3376875256885,734.375,89.71460501960742,74.55928379230572,41.07730263157895,81.1537150240502,2434,1799.99609375,1.3522251567386214,1.0,0.23666650247659668,0.20622142691105846,-0.19209744636153445,1.0547823866557198,1.1561824904861218,2.5061135317136576,5702.349538013872,4893.572670685619,1.1652732924910132,10600.333145341603
day_custom_segments_018.csv,3,0,702.8076171875,695.3125,85.83756531661908,67.93405155588525,35.16998827667057,85.3718692465349,2561,1799.99609375,1.4227808654098641,1.0,0.2303410415897268,0.2084229748985273,-0.19939219680937773,1.0587767731864577,1.1743263148042955,2.558050047418528,5150.6268394630115,4094.302704760754,1.2579985435551675,9245.557290121205
day_custom_segments_018.csv,4,0,740.3331962155492,734.375,90.58712531541903,80.2668634524209,40.864197530864196,81.04458952632311,2432,1799.99609375,1.3511140432162396,1.0,0.23706102278799798,0.20611798003188495,-0.19253205676172364,1.0584987090561686,1.163664248976752,2.5424080569917744,5842.265291074095,5102.307592238767,1.1450241259387997,10944.999346092798
day_custom_segments_018.csv,5,0,709.3001404771294,703.125,86.27225977634707,65.37672544720398,35.38461538461539,84.59042452697024,2537,1799.99609375,1.4094475031412828,1.0,0.2359153370370055,0.20739642998852895,-0.19159057787058742,1.0589232691762356,1.172420484029776,2.5395541038810774,5141.324542002038,4158.253357323814,1.2364144510210682,9300.224119628285
day_custom_segments_018.csv,6,0,701.0295943708609,695.3125,84.37434400724571,62.63994350979876,34.255650818394386,85.5883980958707,2568,1799.99609375,1.4266697627382003,1.0,0.2343202852569843,0.20773537616641347,-0.19430586799596788,1.0570240969676228,1.1683866759597816,2.524065566335399,4913.703101766207,3887.4177616998495,1.264001813794665,8804.430519897105
day_custom_segments_018.csv,7,0,671.3998367537314,667.96875,74.53354407174196,54.21905792296058,28.816722657708098,89.36552664371278,2681,1799.99609375,1.4894476767527707,1.0,0.2227393501032666,0.21206733330425095,-0.20870565309976047,1.0623619640298092,1.1909406879069508,2.5684752031844478,4286.4396018520565,3261.3357314695004,1.3143202524324789,7549.180227192197
day_custom_segments_018.csv,8,0,717.3700408692185,707.03125,100.2758080891255,75.45423837939961,36.5775827682489,83.63884269170144,2509,1799.99609375,1.393891913827938,1.0,0.2363194303471095,0.20720676873685298,-0.1932609144425084,1.0597075889565961,1.1651906697935248,2.5397817308230546,5495.702277838397,4796.539044889085,1.145764107496279,10295.288588625823
day_custom_segments_018.csv,9,0,717.6686527722377,710.9375,93.07960609780466,69.27506978567745,37.43016759776536,83.60404173740865,2508,1799.99609375,1.3933363570667472,1.0,0.2387253081992101,0.20615621195875564,-0.18879074629326842,1.0554735511021383,1.158527236745385,2.508611375601443,5264.221710974521,4402.832958312471,1.1956442047240885,9669.168527348123
day_custom_segments_018.csv,10,0,665.3843264607988,660.15625,80.21095575274389,52.968998275942525,26.119126896041433,90.17344955980852,2705,1799.99609375,1.502781039021352,1.0,0.223837673688465,0.21268125516045058,-0.21099067026938448,1.0587859668850546,1.1664114066319966,2.490854753281512,4043.3020623310367,3085.2218184431995,1.3105385285947717,7128.99694624076
day_custom_segments_018.csv,11,0,656.1844445457862,640.625,87.30193115851397,61.06902858004838,22.7007299270073,91.43770550905435,2742,1799.99609375,1.5233366391854148,1.0,0.2094001215672086,0.21566900297785352,-0.2290520334382899,1.0576580494920484,1.1724298665301593,2.510802935078685,4325.623048123256,3060.3713092132016,1.4134307935448986,7386.677516091862
day_custom_segments_018.csv,12,0,707.4106616201337,699.21875,92.00326185467989,63.735950752284225,35.36585365853659,84.81636375480424,2544,1799.99609375,1.4133364004696192,1.0,0.23718687749764591,0.20695772151007769,-0.19054213860975855,1.0580043834001391,1.16617629590676,2.5281990759206443,4973.94527363853,4126.494914730615,1.2053680851229738,9101.16488257621
day_custom_segments_018.csv,13,0,706.9836689587427,703.125,88.19863476861114,67.44807199259391,34.709119496855344,84.86758978233401,2546,1799.99609375,1.4144475139920007,1.0,0.23677014104387284,0.2072863967170459,-0.1923222007118417,1.057725477068088,1.1611244852969542,2.508523957039477,5137.94206610746,4252.404242964488,1.2082440362080054,9391.56992100551
day_custom_segments_018.csv,14,0,733.740951264274,730.46875,87.35636172516917,65.33577097606542,38.759689922480625,81.77272904915128,2454,1799.99609375,1.3633362919624392,0.9995923359152059,0.22994909373125402,0.20737089559596253,-0.20165332703985422,1.054828434582056,1.1691381610560239,2.553667557280703,5666.0513351724985,4263.237018306119,1.3290491030272928,9930.419675374222
day_custom_segments_018.csv,15,0,695.7535769528229,679.6875,95.44875746527514,61.54648079120099,29.74854932301741,86.23742943986106,2587,1799.99609375,1.4372253412008273,1.0,0.22347181270765398,0.21169111311789304,-0.21121097906649555,1.0620032906669212,1.1729392314577591,2.5478770745102524,4637.214574728099,3558.051900735605,1.3033015549237446,8196.45126932006
day_custom_segments_018.csv,16,0,699.5117567042363,691.40625,80.21393967885872,63.61125042087035,31.41524105754277,85.77411233614029,2574,1799.99609375,1.4300031033053457,1.0,0.22099785321313167,0.2101758723363873,-0.2092392291823922,1.0558314084053098,1.1905866240530412,2.5845224287413955,5011.74509002877,3501.9796861546024,1.4311176931845617,8513.904114766452
day_custom_segments_018.csv,17,1,706.5019270424195,703.125,77.38383428340398,52.97840930669406,30.09823182711198,84.92545837939024,2547,1799.99609375,1.4150030707531918,1.0,0.2203228278958583,0.20853004765944108,-0.2062050713333179,1.0516876738640193,1.2076271184144844,2.6394736966626797,4974.932036323619,2833.612650232668,1.7556852860305827,7808.993572647155
day_custom_segments_018.csv,18,2,646.2430405890805,636.71875,72.19251007876208,47.15325879754887,16.385195831836146,92.84432671848539,2785,1799.99609375,1.547225579916623,1.0,0.20021290398229197,0.21562787167963213,-0.22889886937743453,1.061994775223385,1.2614907691433954,2.759737465923551,3823.723125485988,1834.069321170457,2.0848302086236217,5658.583524528215
day_custom_segments_018.csv,19,2,688.6182070417145,679.6875,75.79765082321009,56.752110637166496,23.20061255742726,87.13101016854957,2614,1799.99609375,1.4522253737529813,1.0,0.20353267351165602,0.21196692146254265,-0.2230045639279087,1.0535968431576759,1.2527320473801284,2.770837240826095,4794.272759519963,2400.116983326365,1.9975162847585435,7195.358663257321
day_custom_segments_018.csv,20,2,669.4530377744696,660.15625,79.60238093654671,49.69667414015054,20.625465376023826,89.6254055392206,2688,1799.99609375,1.4933365740811069,1.0,0.19898386455432548,0.21449465039605037,-0.23229141166160458,1.0562875115006212,1.2510512056289524,2.75652657144671,4434.385150800057,2108.2392601612446,2.103359535416726,6542.791064358661
day_custom_segments_018.csv,21,2,667.1735956618465,660.15625,79.25998733661318,53.65740668522327,20.474777448071215,89.93161658395529,2698,1799.99609375,1.4988921416930159,1.0,0.2054046118386168,0.21366346119472857,-0.22680393949341815,1.0579699458841436,1.2395135466888476,2.721999996236176,4538.55864357793,2259.6089898686514,2.008559296731135,6799.053473181619
day_custom_segments_018.csv,22,3,632.1166220133521,621.09375,71.4939266470344,45.251785918535894,10.509666080843585,94.91919356414682,2847,1799.99609375,1.5816700991104582,1.0,0.18131861215167985,0.2191999081791373,-0.25013112178847136,1.0546895375863625,1.2800020910983563,2.801477566190916,3636.5028385082956,1385.0164187472596,2.625602692708505,5022.319333325689
day_custom_segments_018.csv,23,1,701.3005604288498,695.3125,84.49737747213658,61.432141223971534,27.06708268330733,85.55532874992943,2566,1799.99609375,1.4255586492158185,1.0,0.21339312699959678,0.21116137718947975,-0.21372802188865653,1.0571289330524836,1.2246997440783713,2.6864596021211162,4786.494409655,2978.7912899629064,1.6068579311961813,7766.3684819921245
day_custom_segments_018.csv,24,0,688.5236347551645,683.59375,76.79186509803387,57.6357919307702,31.917336394948336,87.14297806397843,2615,1799.99609375,1.4527809305141721,1.0,0.23691964373325414,0.20827558747190694,-0.19154948104908548,1.05957323057118,1.1720708330872893,2.5237344036951126,4487.616219059017,3590.725982389422,1.249779638175778,8078.858710978713
day_custom_segments_018.csv,25,0,685.1720178027418,675.78125,83.92808769969395,57.988390733158205,31.733333333333334,87.56925040869628,2627,1799.99609375,1.4594476116484627,1.0,0.23061297671607434,0.20976106349655252,-0.20150691557667305,1.059417461751706,1.1729488003824566,2.53155590320574,4553.657080142615,3622.3387908613395,1.257104137147763,8177.309078304544
day_custom_segments_018.csv,26,0,719.7875,710.9375,95.1366463900454,70.95384317410665,38.21528611444578,83.3579355017974,2501,1799.99609375,1.389447459738411,1.0,0.24233629645938215,0.20584314525385425,-0.1858451284006367,1.060123202464588,1.1646534524009784,2.53425016581486,5505.550852438572,4579.945850037117,1.202099551546871,10090.22673913472
day_custom_segments_018.csv,27,2,666.1537393557942,660.15625,71.93732018322606,46.39176309682636,18.444444444444443,90.06929850461121,2702,1799.99609375,1.5011143687377795,1.0,0.1997435528731279,0.21463035760689247,-0.22888895462563694,1.0574852712689569,1.2574805681760286,2.7621647715774826,4117.8671348855405,1867.7948458660146,2.204667789933999,5986.25869720497
day_custom_segments_018.csv,28,3,701.0211662120031,691.40625,94.71021319417514,61.54507767196454,25.964912280701753,85.58942709848903,2567,1799.99609375,1.4261142059770096,1.0,0.21352079570676216,0.21106305502832862,-0.21999313430477777,1.04955834050015,1.1811167682521797,2.5488445807620344,5465.820077081413,3104.6825520149364,1.7605085175404165,8571.225745572696
day_custom_segments_018.csv,29,3,661.7552408973887,652.34375,73.1038780907128,46.08532590516652,16.225165562913908,90.66796345826532,2720,1799.99609375,1.5111143904392155,1.0,0.19330221159697245,0.21590610605419408,-0.23598651617157756,1.057398586326985,1.265218955008026,2.7823993260628277,4054.5304743264182,1728.2538596872178,2.346027148500171,5784.61041033722
day_custom_segments_018.csv,30,3,660.9796754498715,656.25,73.05488723967275,42.210011244559276,15.760470242468774,90.77434939155006,2724,1799.99609375,1.5133366174839789,1.0,0.19040405332922475,0.21576265547741608,-0.23842393567987583,1.054476449621879,1.274924355463326,2.805058691469641,4166.408525933363,1542.2161440570887,2.7015723716734312,5708.943804692409
day_custom_segments_018.csv,31,3,649.2297455792133,640.625,75.41417521952849,49.60774824822253,14.440433212996389,92.41720732692357,2772,1799.99609375,1.5400033420211416,1.0,0.19209709397758457,0.21590698461881613,-0.23497601217059605,1.0528511811180057,1.266281187090325,2.766757511632916,4185.4011134157045,1760.2566443730364,2.377722093420332,5945.985623372835
day_custom_segments_018.csv,32,3,649.4584837545126,644.53125,65.59611640337027,43.363283501274125,13.759479956663057,92.384658143413,2772,1799.99609375,1.5400033420211416,0.9996391194514616,0.1917989506610078,0.21643386015301364,-0.2369237724555992,1.0574314854814817,1.2775608382375905,2.8066888192865895,4012.311266143095,1539.8171233292655,2.6057063565236933,5553.73173666371
day_custom_segments_018.csv,33,3,632.7712803376714,621.09375,76.62975520258814,40.586012361703766,11.11893033075299,94.82099119287092,2844,1799.99609375,1.5800034288268854,1.0,0.18321192420676224,0.2187620803413102,-0.24705519558006803,1.0562128568544689,1.2743134534889395,2.782043081160517,3793.3920573899513,1303.88435287988,2.9093010043502043,5097.572424379188
day_custom_segments_018.csv,34,3,674.5352909482758,671.875,61.779609106010966,42.04520965491725,15.6355455568054,88.95012730268085,2669,1799.99609375,1.48278099561848,1.0,0.1906166903131604,0.21453484859527905,-0.23388269878897144,1.0532421920926764,1.289037028029181,2.852730181377734,4242.703351565244,1450.957915776056,2.9240705780884078,5694.284863191086
day_custom_segments_018.csv,35,2,684.6594962899543,679.6875,83.07002092890963,51.55802314789564,23.639132089836316,87.63480288395783,2629,1799.99609375,1.4605587251708445,1.0,0.20067575882623026,0.21251379477531787,-0.22846705319119218,1.0512726015982488,1.2443799013583576,2.738710015902393,4811.400566551073,2279.742774525576,2.110501509343459,7091.457438444011
day_custom_segments_018.csv,36,2,676.5804226212862,667.96875,80.93318737397395,52.63617282014198,21.44469525959368,88.68125354195301,2660,1799.99609375,1.477780984767762,1.0,0.2032875995091866,0.21288652926745494,-0.22464901179104174,1.0554621869173004,1.2489415032859252,2.7529547456422745,4796.976846696711,2159.2545730707375,2.2215892959183563,6956.804366090892
day_custom_segments_018.csv,37,1,706.9836689587427,699.21875,81.56440273203017,63.94999128044269,31.407232704402517,84.86758978233401,2546,1799.99609375,1.4144475139920007,1.0,0.2171335781906517,0.2098968595973075,-0.21325569135041827,1.0556088390976934,1.2104123964030054,2.6562979296374247,5428.276922716903,3364.974132760872,1.6131704757751422,8795.16173897653
day_custom_segments_018.csv,38,1,697.6032582364342,691.40625,84.81664717498029,59.64293668718395,27.646374563784416,86.00877259616323,2581,1799.99609375,1.433892000633682,1.0,0.21074007526690822,0.21163742708850328,-0.2178705848036315,1.0553064933966996,1.226177622773764,2.6876449006356586,4835.718489547546,3028.3482277897115,1.5968171840914651,7864.535094037992
day_custom_segments_018.csv,39,1,706.2294569270016,703.125,89.79588181902824,57.72980521767462,28.150765606595996,84.95822343785613,2549,1799.99609375,1.4161141842755736,1.0,0.21023254205397093,0.21043615964283177,-0.21642644223271734,1.0513022531191798,1.2233599883820703,2.6873030885190183,5191.9185449384195,2868.952051987845,1.80969164031202,8061.334844281991
day_custom_segments_018.csv,40,1,681.6724493179235,671.875,84.66032842817998,57.57546635813704,24.22289613343442,88.01881322919178,2640,1799.99609375,1.4666698495439443,1.0,0.21026484754252434,0.21282787176009949,-0.21952377825577526,1.059427964823135,1.2352407408079895,2.712250923098799,4320.750656988137,2726.1281312859956,1.5849404169238042,7047.682491667754
day_custom_segments_018.csv,41,1,687.6074703859381,683.59375,77.79325061603323,54.34420968840625,26.452599388379205,87.25908688328153,2618,1799.99609375,1.4544476007977447,1.0,0.2180764090062658,0.21132814750615275,-0.2072047794809803,1.0627390271148873,1.2334043057593098,2.7059928079368425,4385.3022170029535,2689.259468728073,1.6306727811121364,7076.709267272165
day_custom_segments_018.csv,42,0,750.4609961426188,750.0,98.74267269077832,76.26878744869995,40.46725073007927,79.95085728425718,2399,1799.99609375,1.3327806700969402,1.0,0.23687878032884702,0.20505953754159742,-0.19260462665630354,1.0526708582906774,1.1502093491868084,2.5138787566032472,6211.888010615354,4868.465320303215,1.2759437732275904,11081.273324795897
day_custom_segments_018.csv,43,0,679.9473261526833,675.78125,76.92816617506935,62.97562592333143,28.052930056710775,88.24212948890529,2647,1799.99609375,1.4705587468722805,1.0,0.2194342054459244,0.2115472239806322,-0.21081392247092023,1.056102660061675,1.1958879774022693,2.5778368394663,4565.003075087137,3398.2674560867,1.3433324875329267,7963.804416442232
day_custom_segments_018.csv,44,1,703.4319414581704,695.3125,83.43581850353233,62.62771631978225,28.58818928431756,85.29609826307255,2559,1799.99609375,1.4216697518874823,1.0,0.21394281188104727,0.2111203060259658,-0.2140466283397695,1.0587151356259572,1.2283381477662598,2.7015551013949426,4913.041673721993,3082.316218621847,1.5939447237891422,7996.282116345508
day_custom_segments_018.csv,45,1,705.9994971546311,703.125,77.69204394947643,56.00664723742561,27.993718099725168,84.98589622487867,2549,1799.99609375,1.4161141842755736,1.0,0.21426069880064721,0.21061807445829372,-0.21169067351637536,1.0566895151581956,1.2371261198720387,2.7246551101043175,4468.492005715681,2748.5702323544047,1.6257514372801762,7218.655694202565
day_custom_segments_018.csv,46,0,722.0480537720706,718.75,86.64869020421689,68.27779396425808,38.05700521878764,83.09696243422081,2493,1799.99609375,1.3850030056488838,1.0,0.23453455412915566,0.20665702410672435,-0.19443333833127624,1.0529858276274509,1.1623817103696539,2.5167522069310704,5296.916731768411,4457.203554747826,1.1883946215842263,9754.70879000979
day_custom_segments_018.csv,47,0,719.5625,710.9375,93.11713767263166,71.88836008110813,37.334933973589436,83.38400069486667,2501,1799.99609375,1.389447459738411,1.0,0.23701326926526411,0.20706357993434307,-0.19166521269457892,1.057320159199959,1.1621593764526552,2.518942291897351,5321.4461258579195,4492.390706537652,1.1845465974528366,9817.04127934165
day_custom_segments_019.csv,0,0,714.3676806272331,707.03125,88.35054890037156,66.89666712612556,37.25178713264496,83.99036186424121,2520,1799.99609375,1.4000030382010378,1.0,0.2358038491179541,0.20702702711723975,-0.1934919072533773,1.0553707448611735,1.1640908636343732,2.5245923173599327,5207.31328690941,4352.611951040748,1.1963651585490627,9560.777934076603
day_custom_segments_019.csv,1,0,699.132247960373,699.21875,72.57501752995215,59.10265703184163,35.05635445005829,85.82067294856182,2575,1799.99609375,1.4305586600665365,1.0,0.24038226455103462,0.20669118592764008,-0.18663718737072635,1.0601333558545354,1.176229108700243,2.550817504600422,4636.983153071406,3717.916061791471,1.2471995268330736,8355.018755572091
day_custom_segments_019.csv,2,0,710.4330198459716,703.125,90.56255643220723,68.17569963033249,35.95416831291979,84.45553391227304,2533,1799.99609375,1.4072252760965194,1.0,0.23568972435489685,0.20717079311069916,-0.19173406083791797,1.0565908946430036,1.1719494633027516,2.535037676203173,5084.557422154849,4318.205064884381,1.1774701168090513,9403.343081784766
day_custom_segments_019.csv,3,0,717.0981342168194,714.84375,79.03236994670374,64.09683782287097,36.52312599681021,83.67055656270693,2510,1799.99609375,1.394447470589129,1.0,0.23914218119742953,0.2062692373002517,-0.18703488348447173,1.055753146260652,1.1645721957315778,2.508735594475421,5028.596743214639,4154.237533797018,1.2104740526520754,9183.400074020872
day_custom_segments_019.csv,4,0,718.4053767465069,710.9375,91.61871237660776,70.7553167430972,37.180511182108624,83.51830587867568,2506,1799.99609375,1.3922252435443654,1.0,0.2349653314595456,0.20716478244094574,-0.19395474726036732,1.05479820947986,1.16086452597616,2.5128887926660384,5332.767741666195,4360.614343713033,1.2229395496427644,9694.599274690525
day_custom_segments_019.csv,5,0,724.7438834071687,718.75,92.78220683563764,75.48967137026914,37.63094278807414,82.78786668461107,2484,1799.99609375,1.3800029947981658,1.0,0.23292196638427956,0.20713741864401888,-0.1969830486281912,1.0556675515035998,1.166472715330108,2.5375065077459715,5650.930720364202,4749.315963366278,1.1898409716162297,10400.619952107361
day_custom_segments_019.csv,6,0,711.4922245846519,707.03125,89.24450002954119,62.301871187455326,35.73407202216066,84.32980421539564,2529,1799.99609375,1.4050030490517558,1.0,0.2261587771016292,0.2089558635340027,-0.20596610661724846,1.0542005294900163,1.1708288810441903,2.5412699110427757,4909.737254415678,4143.731638844504,1.184858886224779,9054.656367464044
day_custom_segments_019.csv,7,0,705.1332288401254,695.3125,93.53139645679973,66.70377429579447,35.86828694629557,85.09030286190608,2553,1799.99609375,1.4183364113203372,1.0,0.2316080026961332,0.20842268106165524,-0.19937380579511174,1.058052266511337,1.163419753416327,2.5225917274218843,5140.116621414067,4147.727790039546,1.2392608390930735,9290.08041354522
day_custom_segments_019.csv,8,0,710.1540909988156,703.125,91.80039107058553,68.5479918018313,35.07109004739337,84.48870570556224,2534,1799.99609375,1.4077808328577102,1.0,0.23191135907009175,0.20802783847914505,-0.19945968437095787,1.055022429596151,1.1576116253436008,2.5000476279876804,5219.785777150842,4315.37259422841,1.2095793962570087,9537.557809044316
day_custom_segments_019.csv,9,0,699.4540662650602,691.40625,88.50330581678186,67.07581895881009,34.25349922239502,85.78118691966088,2574,1799.99609375,1.4300031033053457,1.0,0.2335485603405791,0.2083156553973887,-0.19518488221697441,1.05576488893666,1.1645770526680077,2.5039064206907757,4943.131108566602,4037.967927597009,1.224163043689219,8981.363179732534
day_custom_segments_019.csv,10,0,702.1293789032006,699.21875,78.22554922198636,64.1049632008675,33.65872705974229,85.45433619901543,2563,1799.99609375,1.423891978932246,1.0,0.23142195378304273,0.2092671905626466,-0.19889242117094813,1.0620768565239562,1.185360732232617,2.57579793957424,4727.944901498973,3844.8545159134437,1.2296810924654007,8574.91163976919
day_custom_segments_019.csv,11,0,680.9348987892546,679.6875,71.30531857580226,46.869455221830876,28.160484481453445,88.11415027586897,2644,1799.99609375,1.468892076588708,1.0,0.22198059876004672,0.21074265469772013,-0.2068172990907049,1.057111558034865,1.1923260900122385,2.5751502971381117,4299.752533060193,2699.976984028635,1.5925145134550494,6999.873705962162
day_custom_segments_019.csv,12,0,722.2924402850261,714.84375,92.22411939156574,70.24941565675894,37.75100401606426,83.06884670746825,2492,1799.99609375,1.384447448887693,1.0,0.2323232933661996,0.20766100733199003,-0.19796893749924918,1.054818573873669,1.1638027604388987,2.522176972973629,5259.251039430621,4469.879293449817,1.176598000562913,9731.449754685364
day_custom_segments_019.csv,13,0,690.9860617556666,687.5,78.64092267129912,58.347075962248724,32.85933897002306,86.83243168111264,2604,1799.99609375,1.4466698061410723,1.0,0.2300703401900287,0.20894770066843382,-0.19953426999490803,1.0577254207173192,1.1766204055000717,2.5460032225314335,4564.792017743911,3638.2593860816805,1.254663709576816,8203.868554767034
day_custom_segments_019.csv,14,0,729.4173718078638,726.5625,86.05547639470822,69.01714104983796,37.793998377939985,82.25743219042037,2469,1799.99609375,1.3716696433803024,0.9995948136142626,0.24273691687856386,0.2044430870748861,-0.18169812709510091,1.0543971892235682,1.170092137718542,2.5346825627881624,5640.055315566127,4372.948682452835,1.2897602339121341,10014.198494592081
day_custom_segments_019.csv,15,0,686.0703393061381,683.59375,78.1595797397272,62.3863461314213,29.214340198321892,87.45458965720834,2624,1799.99609375,1.4577809413648901,1.0,0.22859146491312834,0.21018526883351843,-0.20175804867695327,1.0620886052369947,1.1855787410041703,2.5689439628642954,4604.612458572923,3468.4097615807805,1.327586062517106,8073.274100201974
day_custom_segments_019.csv,16,0,698.8514957264957,691.40625,88.54638935292527,60.97508840383322,31.2475709288768,85.85515000955475,2575,1799.99609375,1.4305586600665365,1.0,0.2211798217999001,0.20995083864769246,-0.20705451236621256,1.0565344833215493,1.1984934819636301,2.5985855513905753,4970.936260426202,3480.136399928025,1.428373974229576,8451.655203913757
day_custom_segments_019.csv,17,1,686.447801411675,679.6875,77.57956929563747,48.13008924122787,25.610687022900763,87.40650035823617,2622,1799.99609375,1.4566698278425083,1.0,0.21530898112550445,0.21132099641665358,-0.21207638985003854,1.058149396232522,1.2305728629077541,2.697854507286691,4188.078942948459,2468.017831758168,1.6969403093676,6656.647111799723
day_custom_segments_019.csv,18,2,655.98939345607,652.34375,71.14933111349,46.52412585962825,18.526622902990518,91.46489348538232,2744,1799.99609375,1.5244477527077966,1.0,0.20468337816210705,0.21430881627421913,-0.22425676541939094,1.060970946274335,1.2557917173351039,2.7544805912214216,4043.0585494235947,1910.311657208886,2.1164392386794195,5953.607529869937
day_custom_segments_019.csv,19,2,677.1117566804667,671.875,75.16156409685362,51.97778754493959,21.121987951807228,88.61166477768658,2658,1799.99609375,1.4766698712453803,1.0,0.1997276311275036,0.21347691555277482,-0.22983161485947953,1.0540358566360097,1.247730026730774,2.7435594442301316,4523.173407114596,2199.2958377154027,2.0566461908158766,6722.77855761752
day_custom_segments_019.csv,20,2,668.1602186223543,664.0625,68.40631223857005,47.31322693456646,19.799405646359585,89.79882119248428,2694,1799.99609375,1.4966699146482523,1.0,0.19546103705974352,0.21497176297014886,-0.2346840943029142,1.0533529736551928,1.2579891961065246,2.7606337663523717,4195.243709659618,1957.9280368999814,2.1426955590778576,6153.433908592622
day_custom_segments_019.csv,21,2,645.5950618945102,640.625,64.16525550108204,44.02089079262346,15.434314429289303,92.93751384022197,2788,1799.99609375,1.5488922502001958,1.0,0.19572156910163524,0.21612414920076053,-0.2334332934233026,1.0577052712800836,1.2620879943296235,2.7635708015961833,3668.854981266315,1713.925377732169,2.1406153552150964,5382.899881011892
day_custom_segments_019.csv,22,3,658.6034727306003,644.53125,81.39999407680112,37.958557452276686,14.243866715488831,91.1018579225482,2733,1799.99609375,1.5183366283346968,1.0,0.1908990991665211,0.21673871426254027,-0.23870763552956858,1.0584985248686025,1.2733894541376816,2.8097504399670723,4212.931227280722,1322.9390214290777,3.184524123213018,5536.058094450791
day_custom_segments_019.csv,23,1,691.3897362605688,687.5,74.87616580520411,59.177902009862834,27.37408688965782,86.78173373604636,2603,1799.99609375,1.4461142493798815,1.0,0.21659549050174465,0.21070948328792377,-0.2086495738593334,1.057639020200776,1.2267325010728658,2.6817935042936267,4691.665037729528,2833.5731274428704,1.655741647283151,7525.915609182765
day_custom_segments_019.csv,24,0,739.356511914544,734.375,94.747796410429,70.54780671579515,40.77270859021784,81.15164880962718,2435,1799.99609375,1.3527807134998122,1.0,0.23751427752074297,0.20552971156382527,-0.19087954045410976,1.0538304240945822,1.1534470801902477,2.5033334827066533,5513.4165801350255,4769.942433757804,1.1558664819758644,10283.492180293819
day_custom_segments_019.csv,25,0,686.0911885245902,679.6875,83.31550575072251,60.155063954423795,31.27383676582761,87.45193205152137,2624,1799.99609375,1.4577809413648901,1.0,0.23077841111491432,0.20939735219856823,-0.1985216304794938,1.0579636208919505,1.177293602765093,2.5324200556504066,4631.268228493511,3710.827698060474,1.2480418400763043,8342.269949682592
day_custom_segments_019.csv,26,0,683.5462575987842,671.875,91.84228492772736,64.30147327945356,31.242873432155072,87.7775268798527,2633,1799.99609375,1.462780952215608,1.0,0.23162339029902212,0.2092982427444994,-0.19742767889747267,1.0608091193207412,1.179181342475738,2.54505009985427,4751.889637642871,3805.9888716638943,1.248529566920528,8559.947468877275
day_custom_segments_019.csv,27,2,690.3584876247122,687.5,70.24163317025577,54.939534823106165,23.6468330134357,86.91136717452335,2607,1799.99609375,1.448336476424645,1.0,0.20969758478016212,0.2116915932516491,-0.21487837933617235,1.0567201162260262,1.2393637978240961,2.7152986176934895,4395.943649390316,2484.6228712404954,1.7692599147634656,6880.778566447812
day_custom_segments_019.csv,28,3,657.9488044074616,648.4375,82.55964169315224,49.896340475130025,18.514452982070985,91.19250555373387,2735,1799.99609375,1.5194477418570786,1.0,0.19817610864094884,0.2162252823696856,-0.2368407050823691,1.0558196565543776,1.215657558181889,2.6281596045752447,4302.523002815151,2193.2550189719236,1.9617066714074751,6498.18527957013
day_custom_segments_019.csv,29,3,633.4381049806407,628.90625,59.57944966127799,47.770398839034485,10.809859154929576,94.72117248430095,2842,1799.99609375,1.5788923153045038,1.0,0.187611454003873,0.21908069411360065,-0.24264576567674417,1.062530031976673,1.2836021421406756,2.807068508170794,3567.6221839959912,1522.2745346517795,2.343612865344348,5090.034402253903
day_custom_segments_019.csv,30,3,634.4639787552892,628.90625,62.44874340253074,38.71163522084233,12.663139329805997,94.56801648173918,2837,1799.99609375,1.5761145314985492,1.0,0.18376172253960335,0.21899664663412147,-0.24975526468742645,1.0530250160512493,1.256506262074734,2.7185685678471567,3500.2158152922852,1415.1018217874075,2.4734727645754715,4916.189937221686
day_custom_segments_019.csv,31,3,683.5744635396886,679.6875,87.4745080734551,55.756289037478425,22.188449848024316,87.77390496612134,2634,1799.99609375,1.463336508976799,1.0,0.19582009181885496,0.2139993866356004,-0.23401160681857777,1.049873215210392,1.24202295478249,2.716063634218228,5001.516666174828,2478.6319592093273,2.017853698525815,7481.325174027797
day_custom_segments_019.csv,32,3,650.9681505609844,644.53125,73.20426469982553,45.489019595138764,14.98913830557567,92.17040795051776,2765,1799.99609375,1.5361144446928052,0.9996382054992764,0.19256708966682146,0.2163146741198325,-0.23660535079749717,1.0536240213872308,1.2616700081736398,2.747347375394664,4075.63450720637,1679.8588758783364,2.426176725753448,5756.31893741649
day_custom_segments_019.csv,33,3,647.5474149568034,644.53125,63.73870442046175,45.02607513919166,12.711559236586245,92.65730757955767,2779,1799.99609375,1.5438922393494778,1.0,0.18197195190877774,0.21811543026131774,-0.24848571948562498,1.0539022762127421,1.2847734142045293,2.820385188079524,3905.373941025372,1442.2342539918832,2.7078638093748615,5347.857260549024
day_custom_segments_019.csv,34,3,636.0338790208555,628.90625,66.49852981735177,39.89334217324202,10.785007072135786,94.33459754119892,2830,1799.99609375,1.572225634170213,1.0,0.18438709521041502,0.21821189576905026,-0.2442217079915332,1.0565776263821451,1.288493067323853,2.823760883718814,3541.2848004178677,1269.2200301705748,2.7901267835663943,4810.989371296815
day_custom_segments_019.csv,35,2,686.3494372376955,683.59375,70.17306749146844,58.97863807662743,23.81679389312977,87.41902702139302,2622,1799.99609375,1.4566698278425083,1.0,0.20597144066585418,0.21215725509777475,-0.2206341360092653,1.0549383865865578,1.248632256220688,2.748853628338067,4734.9485430157965,2546.5901386356727,1.8593288614368584,7282.651638452409
day_custom_segments_019.csv,36,2,680.6182630484114,671.875,86.82147288577849,54.700588942263124,22.36095346197503,88.15514254828669,2645,1799.99609375,1.4694476333498987,1.0,0.20467026682579556,0.21266697424602174,-0.22510833517487888,1.053507730939405,1.2310012776195824,2.7018801572477646,4729.2625729468855,2385.1259936308184,1.9828145706246931,7116.341188992173
day_custom_segments_019.csv,37,1,657.0857292807594,648.4375,73.94494663578226,46.418978659809994,21.731190650109568,91.31228594125078,2741,1799.99609375,1.522781082424224,0.9996350364963503,0.20902766771890968,0.21456445523273723,-0.22357640429565345,1.0617335779269645,1.233190356825774,2.6871228272628342,3851.683138100351,2246.040820895377,1.7148767298738987,6098.327586447502
day_custom_segments_019.csv,38,1,679.5458301851153,675.78125,67.58901186639613,51.61051059255832,24.6031746031746,88.29426557389864,2648,1799.99609375,1.4711143036334715,1.0,0.20642044024597425,0.21314681102622257,-0.2224300464490616,1.0569956478696723,1.2405442088302037,2.71563640245578,4143.692504096512,2473.7476182348687,1.6750667988730492,6619.462790205338
day_custom_segments_019.csv,39,1,718.4630738522955,714.84375,80.78893782233368,59.99706890840244,32.70766773162939,83.51159883317126,2506,1799.99609375,1.3922252435443654,1.0,0.22415448091399992,0.20830873208111828,-0.20226618608186117,1.0550336829545846,1.2078433821550094,2.645789798186063,5041.108805045296,3428.710729960796,1.4702636652882457,8470.842938910702
day_custom_segments_019.csv,40,1,730.1643668831168,726.5625,83.1293247835667,63.29232538366385,34.14535119772635,82.17327867713472,2465,1799.99609375,1.369447416335539,1.0,0.2206370386561958,0.20750758001545777,-0.20485004404242418,1.049517803792541,1.2038370214430028,2.642162297890573,5572.89846218942,3448.3430959148563,1.6161090434392846,9021.580015792519
day_custom_segments_019.csv,41,1,710.2635832017371,703.125,89.15930004615277,60.028982529830714,29.739336492890995,84.475681168294,2534,1799.99609375,1.4077808328577102,1.0,0.2204859216076975,0.20838625729327387,-0.20376344739771798,1.0548851249531268,1.2171169859037703,2.677447841294516,5173.211699631547,3160.877699745998,1.63663772883312,8334.825290412246
day_custom_segments_019.csv,42,0,746.302753007051,742.1875,82.00516165242001,69.58384401263851,40.954356846473026,80.39632676985867,2412,1799.99609375,1.3400029079924218,1.0,0.23952067967188542,0.20420629600430934,-0.18495490407634127,1.0530462305136747,1.165530453358398,2.535182417162249,5577.432813183074,4555.14838262931,1.2244239582737115,10133.866711880015
day_custom_segments_019.csv,43,0,668.3764974925706,660.15625,79.33160128399359,51.27225205985674,24.45187662578967,89.76976333711815,2693,1799.99609375,1.4961143578870615,1.0,0.21420166413290653,0.21317449821494963,-0.21735153440032876,1.0555167800089136,1.1909093347890813,2.547944761008264,4024.688382833416,2832.0936714887525,1.4211000234034454,6858.118244051099
day_custom_segments_019.csv,44,1,690.2970308902533,687.5,75.10390528048391,49.26794775570281,27.101727447216888,86.9191048418968,2607,1799.99609375,1.448336476424645,1.0,0.21277080330240297,0.21214578459440067,-0.21700262767605977,1.0594074457090563,1.2289818425679544,2.6931035010791367,4386.357596096677,2573.8673771786066,1.7041894368717887,6960.937259523325
day_custom_segments_019.csv,45,1,684.1002257604563,671.875,84.38973825003957,56.94719585835275,25.332826169646257,87.70644671736964,2631,1799.99609375,1.4616698386932263,1.0,0.20583128551328722,0.21360298354635668,-0.2254069968359724,1.056870881946421,1.229900016056913,2.693310221475788,4507.147084544951,2744.457792141024,1.6422723269607316,7252.0306185683785
day_custom_segments_019.csv,46,0,687.0419332505729,683.59375,74.48490615221297,61.47880487075686,32.250668704623614,87.33091401877684,2619,1799.99609375,1.4550031575589357,1.0,0.2379653674359839,0.20881203826767902,-0.1907004534345393,1.065231823234212,1.1766891656374356,2.542919070236597,4551.552228445045,3669.8715683058763,1.2402483693853568,8223.216960833595
day_custom_segments_019.csv,47,0,734.2618446552427,730.46875,87.73027618085996,73.15245885496552,39.83673469387755,81.71471857995256,2452,1799.99609375,1.3622251784400574,1.0,0.23756562772777995,0.20572166703745978,-0.1894015468742431,1.0524694327659851,1.1627374975234839,2.516266276630223,5520.051830229682,4831.386198677882,1.1425399674611512,10352.49786639542
day_custom_segments_020.csv,0,0,724.4253849637681,722.65625,81.07624698073472,68.04510304330843,37.97825211437777,82.82426492136368,2485,1799.99609375,1.3805585515593566,1.0,0.23125398799716762,0.20742473011039178,-0.19878749886371289,1.0548593337887335,1.1702979057545113,2.541971595085237,5272.495842761668,4424.391793132545,1.191688279267115,9697.76563115589
day_custom_segments_020.csv,1,0,708.6835983654983,703.125,86.48152030585543,65.35955743913381,36.3672182821119,84.66401669007648,2540,1799.99609375,1.4111141734248556,1.0,0.23502658989547187,0.20692726758049976,-0.1926583335454672,1.053883237897278,1.1672218333593234,2.521941003910666,5088.243985154718,4164.158014079207,1.2219142424353577,9255.292403334233
day_custom_segments_020.csv,2,0,709.61898659306,707.03125,83.16162234025549,66.72725595234571,35.976331360946745,84.55241634396651,2537,1799.99609375,1.4094475031412828,1.0,0.23324087096486618,0.20770972630165097,-0.19557530353006675,1.0555959493660385,1.1683910605256955,2.523966592394134,5109.421060556307,4143.16038588662,1.2332182644826362,9255.116066560933
day_custom_segments_020.csv,3,0,689.0289879356568,687.5,75.95456909518889,59.2843738163144,32.22222222222222,87.07906496033074,2612,1799.99609375,1.4511142602305995,1.0,0.23502549685715796,0.208565566051398,-0.1932506892281777,1.06124340734967,1.1820072442073983,2.555171192920103,4547.423188749153,3556.063301677851,1.2787801574295796,8104.454639189584
day_custom_segments_020.csv,4,0,731.7951911346075,726.5625,91.95312456601062,71.24299895768277,39.86981285598048,81.9901534293678,2460,1799.99609375,1.3666696325295844,1.0,0.2351627863478923,0.20606596718387143,-0.19490420373305306,1.0526043525243336,1.1521547859941594,2.5031482806930634,5681.850764349009,4700.499368936066,1.208775987057534,10383.338263099386
day_custom_segments_020.csv,5,0,699.5908461314152,695.3125,79.14397944361683,59.49034659838358,34.033450019447685,85.76441548912041,2573,1799.99609375,1.4294475465441547,1.0,0.23227727371014886,0.2083367519091423,-0.19614357409584252,1.0579434194810307,1.1749005797138912,2.544965574997408,4667.825436610086,3755.652623148171,1.2428799745321726,8423.63385846737
day_custom_segments_020.csv,6,0,670.7039988814317,660.15625,83.91606178918443,57.35516604385456,28.869824692279,89.45824104234528,2683,1799.99609375,1.4905587902751525,1.0,0.2249583348990198,0.2110223274887613,-0.20474517456970945,1.060218665789414,1.1897248821067388,2.565338911095093,4417.852330620881,3369.546806567999,1.3111117263631715,7788.136733391299
day_custom_segments_020.csv,7,0,724.3137328904992,718.75,86.5758060769084,66.60528513083192,39.26701570680628,82.83703218018472,2485,1799.99609375,1.3805585515593566,1.0,0.23323736210972773,0.20702734798606134,-0.19726514025975694,1.0553961090488935,1.160609228745828,2.52634303732832,5308.354568400821,4418.338022298092,1.2014369524493302,9727.577385588429
day_custom_segments_020.csv,8,0,714.3227099047241,710.9375,84.11918500716757,67.68653164202438,37.33121525019857,83.99564954053156,2520,1799.99609375,1.4000030382010378,1.0,0.23733426261374682,0.20595903348369943,-0.1889213069444442,1.0531881740625677,1.1696963886411387,2.5311195149782972,5232.774739198923,4212.752479819355,1.2421272705353217,9446.834168134164
day_custom_segments_020.csv,9,0,687.6418012036684,679.6875,85.89586829666561,60.47621916262103,31.91896024464832,87.25473043519786,2618,1799.99609375,1.4544476007977447,1.0,0.22605514588674763,0.21056657683681795,-0.20515469685083954,1.0559639733151351,1.1681328454418107,2.504439625415688,4583.6458926373,3687.2693994319734,1.243100353161994,8271.760028201072
day_custom_segments_020.csv,10,0,705.630578167909,699.21875,97.8009948572332,70.00572877528953,30.612244897959183,85.0303286966153,2550,1799.99609375,1.4166697410367644,1.0,0.22528100971481377,0.21063250313758164,-0.208304423012934,1.0574175547533662,1.1652648397983596,2.514278901797183,5055.534095413622,3978.7707213425656,1.2706271483036653,9035.08512922918
day_custom_segments_020.csv,11,0,699.4070030120482,695.3125,99.91732702740785,65.42126577537564,31.337480559875587,85.7869591548348,2574,1799.99609375,1.4300031033053457,1.0,0.2149739112621485,0.2115040120331193,-0.21943130107549552,1.053093320933765,1.1786857829895319,2.557822091211579,5137.170719296579,3854.925916254916,1.3326250181968144,8995.34789367982
day_custom_segments_020.csv,12,0,723.4729970848412,718.75,88.7275221873246,71.24253793626802,38.415124698310535,82.93329570248473,2488,1799.99609375,1.3822252218429294,1.0,0.24251588857564016,0.20519209710754,-0.18520111783398738,1.054016838180888,1.1494634686013288,2.4882485932294114,5523.024303577686,4597.467719280533,1.2013187782516928,10121.324877497394
day_custom_segments_020.csv,13,0,709.4757368888013,707.03125,81.0609228505553,62.19071224655933,36.015779092702175,84.56948825778382,2537,1799.99609375,1.4094475031412828,1.0,0.24127953011840553,0.2058545202447184,-0.18467523968757257,1.057487666048248,1.1666862520686136,2.524766358793635,4887.541362804595,3994.8342377606486,1.2234653735080543,8883.859613761497
day_custom_segments_020.csv,14,0,659.9827981651376,656.25,70.94127653069482,51.887887147932275,25.073421439060205,90.91146036958844,2727,1799.99609375,1.5150032877675517,0.9996331621423331,0.22336950026046576,0.2113470975623394,-0.20604493914874605,1.0581983729268087,1.1959814920614518,2.5674921197128806,4193.648088915748,2738.1283977683042,1.5315746669636665,6933.105229612491
day_custom_segments_020.csv,15,0,686.9051168893129,679.6875,81.1898183217249,50.33198342720698,27.567773959526537,87.34830841224951,2621,1799.99609375,1.4561142710813175,1.0,0.22520135862239032,0.21067091054154372,-0.2058664512565087,1.0590417991273604,1.1804886414162012,2.547264183467275,4357.3286616216,3022.0829742930378,1.441829591935979,7379.60255063466
day_custom_segments_020.csv,16,0,687.7254754396024,683.59375,74.14863804419394,59.541706366791274,27.342256214149142,87.2441143199578,2617,1799.99609375,1.453892044036554,1.0,0.21913175816997063,0.21165693604279773,-0.21050574918487724,1.0568021342437555,1.1900665925242548,2.5607783281145813,4365.181661857516,3249.172162120834,1.3434750281155396,7615.744615411091
day_custom_segments_020.csv,17,1,667.1373864479051,664.0625,68.01007605572462,52.84501972317801,23.62759643916914,89.9364976672391,2698,1799.99609375,1.4988921416930159,1.0,0.2106697811099673,0.2140146014538115,-0.2220639907101598,1.0605632885901848,1.2215913389907165,2.656270432420176,3996.228409992954,2554.2270342462007,1.5645548952434114,6550.970308730115
day_custom_segments_020.csv,18,2,668.8763359665428,664.0625,65.6614117353265,52.140857862345825,19.04053551506136,89.70268011245834,2691,1799.99609375,1.4950032443646797,1.0,0.20357699810439436,0.21350529330171628,-0.22116371805089416,1.0582588423208248,1.2657693320989134,2.7756364868745895,4162.164782299159,2047.8623388777257,2.032443638071941,6210.383220379477
day_custom_segments_020.csv,19,2,626.44308191156,625.0,57.53711533647201,43.87923269564414,13.549285963079067,95.77885323102775,2873,1799.99609375,1.5961145749014212,1.0,0.19881829446559288,0.21657498410338322,-0.23001563298872388,1.0608629870930337,1.264810070194504,2.752296078289627,3432.2297570166193,1663.7656238684942,2.0629286407758514,5096.274650988048
day_custom_segments_020.csv,20,2,671.5994190929451,667.96875,76.00601358506867,51.6486913141119,20.649738610903658,89.33896947236099,2680,1799.99609375,1.4888921199915799,1.0,0.19782860121380988,0.21425874733736242,-0.2313264939880426,1.0559110762086905,1.2602283376019499,2.773788884728266,4437.090512278301,2154.394664202437,2.0595532406412285,6593.042867294967
day_custom_segments_020.csv,21,2,633.7756472349419,632.8125,58.660394732753176,41.64844676436282,14.552501761804088,94.67072498252348,2840,1799.99609375,1.577781201782122,1.0,0.19792106160177061,0.21619257905366482,-0.2309563493410028,1.0587528711071548,1.2635437228808273,2.75096197530671,3449.8829671186713,1618.937097110839,2.130955534514185,5070.661336827508
day_custom_segments_020.csv,22,3,660.4903749082232,656.25,63.96274767847469,45.843942261085424,13.44105765699596,90.8415963038631,2725,1799.99609375,1.5138921742451699,1.0,0.18771173252821996,0.2166096629918838,-0.2390225476742989,1.0564490193070777,1.2936213523805802,2.8539190950639743,4000.5446944824616,1479.0183616883944,2.704864792831634,5480.413938966987
day_custom_segments_020.csv,23,1,727.1451217663703,722.65625,78.96679126792633,64.20017438703982,32.025879498584715,82.51447778986523,2475,1799.99609375,1.3750029839474478,1.0,0.22115335392257354,0.2081554516542789,-0.20319443896948144,1.0537053204039482,1.2114969359543666,2.6554265020167764,5414.9745042343075,3352.3651269883253,1.6152699062046905,8767.72688380484
day_custom_segments_020.csv,24,0,725.0862459709912,718.75,94.23027787358367,65.76044984890834,38.61346231358323,82.74877689846629,2483,1799.99609375,1.379447438036975,1.0,0.2448249936157237,0.2051420405303367,-0.18287895631097842,1.0589720962309155,1.157228276360231,2.51345235246275,5382.1215851489915,4458.2975467303595,1.207214531721004,9840.994319604424
day_custom_segments_020.csv,25,0,709.011319964525,703.125,88.30178869990296,69.22774870508732,35.60725552050473,84.62488300328134,2538,1799.99609375,1.4100030599024738,1.0,0.24089417456813123,0.2063448996317718,-0.18530267782382587,1.05628251660054,1.1652021190319257,2.516187161154362,5088.334468679093,4280.331538144095,1.1887711088111972,9368.989079255847
day_custom_segments_020.csv,26,0,683.6041350170908,683.59375,74.33547473270075,62.5285167626623,31.382978723404253,87.77009518600987,2634,1799.99609375,1.463336508976799,1.0,0.23074329041331143,0.20981660954847842,-0.19983029548681003,1.0609420410331498,1.1781789423525024,2.5444880669666765,4558.478880781984,3626.8069338154614,1.2568849028824338,8186.06302079292
day_custom_segments_020.csv,27,2,675.367750563063,671.875,71.66090487171869,51.3273706440471,19.939917386406307,88.84048720119847,2665,1799.99609375,1.4805587685737165,1.0,0.19815053377828165,0.21388853927480853,-0.22881781902740603,1.054280586378021,1.2649027238809047,2.7829576964348957,4535.1023698641875,2009.957287124311,2.2563177829279426,6546.045094619991
day_custom_segments_020.csv,28,3,679.5178554569486,679.6875,80.35050054921084,50.54971408718371,22.478277295051,88.29790051602455,2649,1799.99609375,1.4716698603946623,1.0,0.20639523525156925,0.21305462996305843,-0.22476369784987923,1.0534165117169751,1.215951545835677,2.6449254125694135,4616.512799759985,2365.2023449995704,1.9518468724335818,6982.681087932235
day_custom_segments_020.csv,29,3,671.5119330907055,667.96875,77.89462687432363,53.29922183251346,20.83644510828977,89.35060874323347,2680,1799.99609375,1.4888921199915799,1.0,0.20570225539903098,0.2152991641834852,-0.22965547326482952,1.055929352106374,1.1923268849573037,2.557798772806201,4374.5584339691195,2385.096251247867,1.8341223888471498,6760.837297150319
day_custom_segments_020.csv,30,3,634.4749977961918,621.09375,80.45325425413824,46.309360497584244,13.474426807760139,94.56637410206257,2837,1799.99609375,1.5761145314985492,1.0,0.18969959686178006,0.2190824351407712,-0.24514585758620586,1.0567984714824386,1.2371021070594488,2.6668205486698517,3824.8501218095685,1803.1953985884525,2.1211512212174424,5628.774939973351
day_custom_segments_020.csv,31,3,661.1837573475386,652.34375,79.50842319893235,48.351347974438056,16.280779125321573,90.7463308546797,2723,1799.99609375,1.512781060722788,1.0,0.19031793137007708,0.21509763257342904,-0.23747199831414922,1.05191298949469,1.271649941243268,2.794984998144875,4360.068701444234,1749.5821853449836,2.492062812462001,6112.298846959396
day_custom_segments_020.csv,32,3,637.1198875708216,628.90625,70.17222812957597,42.11737665124821,12.575274530641162,94.17379863743535,2825,1799.99609375,1.5694478503642586,1.0,0.18996499068248088,0.2176551016186159,-0.23934663226678773,1.058461501557181,1.2738719916231465,2.790411081991117,3719.8084533310803,1465.4927384188495,2.53826467768408,5186.5696978753895
day_custom_segments_020.csv,33,3,643.4191702432046,632.8125,73.79267531799462,44.61060870046378,11.771019677996422,93.25180655919955,2797,1799.99609375,1.5538922610509138,1.0,0.18833647191098468,0.21686164250901305,-0.2374038135159448,1.0557564460151383,1.288837602586165,2.8260200420360957,3875.386419823928,1454.8541586863232,2.6637628223321377,5331.462913371672
day_custom_segments_020.csv,34,3,653.8426598837209,648.4375,69.4353759921276,37.23369161316306,13.667757179207559,91.76519624869746,2753,1799.99609375,1.5294477635585146,1.0,0.18638744478806102,0.21673654989553007,-0.24237669018707297,1.0526605059762746,1.2748530023929416,2.7960771549028434,3981.6662075546046,1290.815883359151,3.084612034051616,5273.2262268066515
day_custom_segments_020.csv,35,2,683.8639656974534,679.6875,78.93456093629304,50.39291041586898,24.220532319391637,87.73674737900205,2632,1799.99609375,1.4622253954544173,1.0,0.21225145133838683,0.21203120755516844,-0.21556541246984287,1.057109763055236,1.2255171923002517,2.668894746251523,4466.733963546344,2486.2114517247405,1.796602602102758,6953.12761510691
day_custom_segments_020.csv,36,2,651.9912105835448,644.53125,72.12136047822779,47.21873512239474,17.91153009427121,92.02578044924691,2760,1799.99609375,1.5333366608868508,1.0,0.20063618412799597,0.214442483467875,-0.2276533233326798,1.0555368228797508,1.2498350745907978,2.7282792950991985,4094.1882621620503,1980.5978431610781,2.0671476929549892,6075.311815028396
day_custom_segments_020.csv,37,1,703.1860590074248,699.21875,74.02662775269266,57.59223776630226,30.80531665363565,85.32592367472756,2560,1799.99609375,1.4222253086486734,1.0,0.22239936761585433,0.2089746244210023,-0.20078226549921588,1.0589315210342671,1.2317908452142654,2.7057451958423404,4860.183823610676,2990.542703655563,1.6251845585317044,7851.050351175076
day_custom_segments_020.csv,38,1,687.7538465214067,683.59375,75.79516836507116,57.62650708384357,24.8565965583174,87.24051534349721,2617,1799.99609375,1.453892044036554,1.0,0.20878231222451094,0.21266603384121038,-0.21962649648616267,1.059368152832982,1.2445648211246072,2.7332465861382604,4284.187733625845,2685.787320295608,1.5951329061879371,6970.54987088047
day_custom_segments_020.csv,39,1,687.77763183034,683.59375,85.11592845781321,53.67794089138097,24.388379204892967,87.23749831806207,2618,1799.99609375,1.4544476007977447,1.0,0.20742893161606982,0.21210907250049366,-0.22049176090432096,1.054389575900543,1.2348724138006484,2.7126231422486664,4585.814433126927,2518.074033717451,1.8211594940109268,7106.592268615697
day_custom_segments_020.csv,40,1,680.5207545385779,667.96875,85.95596215833876,60.829566340415234,25.198637911464246,88.16777387000131,2645,1799.99609375,1.4694476333498987,1.0,0.21756679411169652,0.2110575988658011,-0.2086315065678905,1.0577152691117204,1.219729762824278,2.6585081748409034,4651.98636988388,2879.2421274432313,1.615698216396565,7532.135849256858
day_custom_segments_020.csv,41,1,667.7860523385301,660.15625,73.61767530423693,50.026730015785965,21.722985518009654,89.84913624638473,2695,1799.99609375,1.497225471409443,1.0,0.2097087826258193,0.21386749505441724,-0.221809169015674,1.0603149176423772,1.2412241710708662,2.7147433599197597,3938.0742312839993,2328.1993937525117,1.6914677676883794,6268.337587424674
day_custom_segments_020.csv,42,0,699.4252210454722,695.3125,77.77218564990228,57.69833252144931,32.737169517884915,85.78472464906892,2574,1799.99609375,1.4300031033053457,1.0,0.22683038074652595,0.2082886998303565,-0.19990574920980322,1.0524102760662204,1.1841294925446488,2.556336215867876,4988.300098646574,3350.0520601521753,1.4890216656573336,8338.578406985307
day_custom_segments_020.csv,43,0,706.9314833005894,699.21875,90.08294375702225,59.98895763454968,33.687106918238996,84.87385470493724,2546,1799.99609375,1.4144475139920007,1.0,0.2286123964463658,0.20986909235276857,-0.20487703091436785,1.0596672286320519,1.1533932232368758,2.4972453521455065,4849.571769625238,3821.334119028816,1.2690781854107398,8672.135097220738
day_custom_segments_020.csv,44,1,663.1035753778106,656.25,70.48563018324724,51.7545783883408,21.570796460176993,90.48360200111172,2714,1799.99609375,1.50778104987207,1.0,0.21019983129395697,0.21352004992502818,-0.21878618301771569,1.0610195349517142,1.2427309651649103,2.7153081629900755,3961.69576788985,2378.3356685684357,1.6657429059517355,6340.383149909118
day_custom_segments_020.csv,45,1,689.3618295019157,683.59375,75.35441397435302,58.689394277873525,26.140283633576082,87.03702095509374,2611,1799.99609375,1.4505587034694085,1.0,0.20860588350189632,0.21241648308569105,-0.22000373858601716,1.0571568312356074,1.2347140104061227,2.704671393240376,4462.085899232788,2778.36862630994,1.606009316754724,7241.196975526479
day_custom_segments_020.csv,46,0,695.7973825406033,691.40625,80.54817506335029,59.54607697877348,34.54545454545455,86.232000156308,2587,1799.99609375,1.4372253412008273,1.0,0.2334490723218603,0.20876625896221382,-0.19831288150884926,1.0591955389522225,1.1697448739933967,2.5378670415508506,4625.350726586943,3752.6177393263097,1.2325664503779996,8378.180767176162
day_custom_segments_020.csv,47,0,704.4464565387627,695.3125,94.27524362388776,63.48679838246594,34.430082256169214,85.17325829816059,2555,1799.99609375,1.4194475248427187,1.0,0.23575282143739312,0.20766721628648044,-0.19177335783321434,1.058622662539343,1.1683065988880315,2.5252418581609954,4874.831165518193,4164.035893559976,1.1706986419251382,9039.48876163672
day_custom_segments_021.csv,0,0,688.1572657743786,683.59375,77.1329472372086,61.558704898164976,31.79035960214231,87.18937223235217,2616,1799.99609375,1.453336487275363,1.0,0.2319056445600855,0.20961149533686607,-0.19690250556472494,1.060997584221288,1.183978435840919,2.5479672801988307,4528.629516787265,3670.729109729995,1.2337138975423807,8200.250263912343
day_custom_segments_021.csv,1,0,667.5643552875696,664.0625,72.10895972412207,54.75529639360211,28.507795100222715,89.87897500032568,2696,1799.99609375,1.497781028170634,1.0,0.22481188164087068,0.2110527311901183,-0.2048336887254433,1.059714774362509,1.1913233965251957,2.56143714705015,4252.025051207388,3161.6900281989615,1.3448582920159096,7415.575447391795
day_custom_segments_021.csv,2,0,716.7680953803266,710.9375,84.96668796295485,68.70720680694566,36.57370517928287,83.7090830168204,2512,1799.99609375,1.3955585841115106,1.0,0.23927601603327672,0.2059863767882015,-0.186076384338575,1.0582753277951782,1.1736043783346957,2.54071340184812,5231.163587649363,4306.633013373146,1.214675959480486,9539.19582059301
day_custom_segments_021.csv,3,0,730.9084213734254,726.5625,85.71743110497178,71.80905436752231,39.87804878048781,82.08962743548093,2462,1799.99609375,1.3677807460519662,1.0,0.2405252485688462,0.20470208188204406,-0.18526641840792532,1.0550453030909532,1.1678510389197918,2.5459571725263275,5436.836380427075,4649.372689923977,1.1693698791257738,10087.975389142079
day_custom_segments_021.csv,4,0,715.6482977137177,710.9375,87.71161118315906,68.35660030310358,36.5950676213206,83.84006528301968,2516,1799.99609375,1.3977808111562742,1.0,0.23428343906106786,0.20757662249689643,-0.1934843839998017,1.0586289996191274,1.175303948647455,2.55085478875382,5071.382392643716,4264.801266107021,1.1891251376580452,9336.64324242641
day_custom_segments_021.csv,5,0,692.097621681416,683.59375,84.25176088310327,63.74527562332795,32.21709006928407,86.69297237900204,2600,1799.99609375,1.4444475790963087,1.0,0.23105606110667115,0.20875591250735348,-0.19832632547739396,1.0589610902303386,1.178482199549624,2.547245248321,4789.314759800391,3830.921541432114,1.2501730218181395,8622.525127084831
day_custom_segments_021.csv,6,0,745.4011754349627,742.1875,86.91429181010918,73.70456484210918,41.483630335681724,80.49356772879825,2415,1799.99609375,1.3416695782759944,1.0,0.2384752137979649,0.20480609812004508,-0.1900440812787636,1.049806261093768,1.1500685625771405,2.497019831641922,5816.833246344195,4944.016427366363,1.1765400321379542,10765.785660191945
day_custom_segments_021.csv,7,0,734.641262755102,730.46875,91.33973779284432,73.14622824830472,41.69048591261739,81.67251560984185,2451,1799.99609375,1.3616696216788664,1.0,0.24222848234842626,0.2048337133151045,-0.185432640136093,1.057854935968271,1.1644198870581073,2.5457630676180183,5659.60531910914,4796.3636360178025,1.1799783645695485,10457.66555165753
day_custom_segments_021.csv,8,0,715.3205765407555,707.03125,94.81463636828082,71.13192904773292,36.51551312649165,83.87847626326669,2516,1799.99609375,1.3977808111562742,1.0,0.2292778541168795,0.20853683542835244,-0.203017999937243,1.0544730858179527,1.1614087871354797,2.509606036151442,5313.892816083104,4437.318492750757,1.1975459559110768,9752.656811164597
day_custom_segments_021.csv,9,0,715.8304121917263,707.03125,93.34174397601353,69.72341255730632,37.524870672502985,83.8187355246507,2515,1799.99609375,1.3972252543950834,1.0,0.234845111774204,0.2076922702461502,-0.19505077391814546,1.0591185769534184,1.159074924633613,2.5201670227331427,5389.0586593982025,4474.988519027965,1.2042620079322097,9864.689714006341
day_custom_segments_021.csv,10,0,717.5533506182688,710.9375,89.2449780505368,60.469616857112996,36.592178770949715,83.6174758968123,2508,1799.99609375,1.3933363570667472,1.0,0.22987922095167246,0.20741365728953395,-0.20116188748489708,1.053848935465463,1.1659421756216932,2.541459932002198,5078.0069907527695,4062.7060606040573,1.249907552996279,9140.814189892373
day_custom_segments_021.csv,11,0,701.5076754385965,695.3125,82.9126215258493,54.51070605354893,29.407176287051485,85.5300691649408,2566,1799.99609375,1.4255586492158185,1.0,0.22204142804107715,0.2100308449784533,-0.2072182872258144,1.0578859170948902,1.1954825543897465,2.6024273215921974,4649.638741852214,3141.597891537411,1.480023511085567,7792.863359098379
day_custom_segments_021.csv,12,0,703.5389983378959,699.21875,88.85974833983606,67.00510256031714,34.467918622848195,85.28311883456271,2558,1799.99609375,1.4211141951262916,1.0,0.23132068026568967,0.20806698360166392,-0.19845425545057432,1.0553379933383922,1.1709944514702306,2.5325051680064505,5021.465400428814,4155.405081790694,1.2084177839684664,9179.313804657428
day_custom_segments_021.csv,13,0,736.3225286532951,730.46875,101.73722240998629,77.91440731171873,40.745290745290745,81.48603046240842,2444,1799.99609375,1.3577807243505302,1.0,0.24338902663441297,0.204645507293785,-0.18461410078046947,1.0553226937266524,1.1465316803168508,2.48978559100537,6072.973978975528,5160.037320217285,1.1769244294380026,11233.733535818497
day_custom_segments_021.csv,14,0,673.5474363772455,664.0625,80.40471117676161,55.83810943974188,28.22912766754025,89.08058550815231,2673,1799.99609375,1.4850032226632437,1.0,0.22163670774303104,0.21130033439271365,-0.20833771338019844,1.0608417321206536,1.2060836878658336,2.6201685075971564,4408.018649815456,3190.939517681992,1.38141717365348,7599.88609401247
day_custom_segments_021.csv,15,0,691.5218461760185,683.59375,97.41631548801749,66.23539624741986,29.988465974625143,86.76515475510766,2603,1799.99609375,1.4461142493798815,1.0,0.22709691612597166,0.21103734935255153,-0.20660031020235567,1.0601316559327632,1.161640530921959,2.506750530960432,4921.470084106777,3837.438026716387,1.2824884857666283,8761.105719964393
day_custom_segments_021.csv,16,0,670.9964215777695,656.25,83.69274306156565,59.50506906268743,23.432835820895523,89.41925481348622,2682,1799.99609375,1.4900032335139617,1.0,0.21796568483706816,0.21290185877087087,-0.21429221671288454,1.059455569477934,1.191290138840028,2.5694211935587794,4437.770615120084,3023.7695076751547,1.4676286019340452,7463.873947935193
day_custom_segments_021.csv,17,1,674.8581676669168,671.875,75.07209010065607,56.30517305043201,23.602251407129458,88.90757032315214,2667,1799.99609375,1.4816698820960983,1.0,0.2051590349808587,0.21394591973822988,-0.22874484393341216,1.0559507034526177,1.2202223491151112,2.654793392528678,4302.377564683464,2617.289844555119,1.643829235662958,6920.417960122317
day_custom_segments_021.csv,18,2,638.0000554078014,632.8125,62.882818060797405,43.02099640561181,14.650585313941114,94.04387897999284,2821,1799.99609375,1.567225623319495,1.0,0.195478590613594,0.21628301815694048,-0.23288455165885494,1.0571750725902986,1.262493299714277,2.750889596856578,3624.209051863285,1697.7447770780282,2.134719600257511,5323.843167895991
day_custom_segments_021.csv,19,2,660.4186742841409,656.25,70.79700817594858,48.33144317773382,17.774513404333455,90.85145883410526,2725,1799.99609375,1.5138921742451699,1.0,0.19674479611748144,0.2151167505448129,-0.23347351707381048,1.055967307733773,1.2575470904105017,2.7602886259791712,3992.211830083407,1913.5324973360734,2.0863046933570084,5906.050827994236
day_custom_segments_021.csv,20,2,692.5519630484988,687.5,76.04361640458355,52.26667233368099,23.758182518290337,86.63609837432264,2599,1799.99609375,1.443892022335118,1.0,0.20232268520084698,0.21177290496624512,-0.22358597343389658,1.051828013539482,1.2550167318779297,2.7709243889459567,4766.921746481772,2272.790027814478,2.097387654884098,7040.372358638302
day_custom_segments_021.csv,21,2,694.7723541908073,687.5,78.04309247492462,58.19669817244885,24.72952086553323,86.35922203594478,2590,1799.99609375,1.4388920114844,1.0,0.20320341725160404,0.21171483751350706,-0.22429058563655394,1.0505574771865214,1.2456909756552679,2.739474694866557,5108.029095714954,2532.111050344257,2.0173005820658947,7642.928838528707
day_custom_segments_021.csv,22,3,654.7190570414847,652.34375,59.88631186573557,35.89519515708592,12.668365489625044,91.64236072663797,2749,1799.99609375,1.527225536513751,1.0,0.18666631466364675,0.21631122345027592,-0.24023015730705974,1.0545515512305463,1.2894407807765271,2.8422608829085125,3802.4669821965686,1217.5187890220889,3.1231279685225313,5020.469450200551
day_custom_segments_021.csv,23,1,689.1322170624281,683.59375,82.24055383704919,55.466252017979855,26.091954022988507,87.06602088023499,2612,1799.99609375,1.4511142602305995,1.0,0.21081742891998428,0.21280666350969968,-0.22116613785741795,1.0575861646785494,1.2153626965713884,2.6521180213369573,4683.642670467503,2758.934072336275,1.6976276154730214,7443.0505886800975
day_custom_segments_021.csv,24,0,734.8694620253165,730.46875,94.52432759869322,74.18716540704015,40.400326797385624,81.6471538150989,2450,1799.99609375,1.3611140649176756,1.0,0.2331857553298728,0.20647857665351615,-0.1950364124446802,1.0554553204011443,1.1713869046037164,2.557413738216979,5619.8590084166635,4870.663096347244,1.1538180525422255,10494.635804654408
day_custom_segments_021.csv,25,0,699.6409652021773,695.3125,83.33088637598058,60.60542745014324,34.57798521975885,85.75827171964069,2573,1799.99609375,1.4294475465441547,1.0,0.2355172027036776,0.20870195920427873,-0.194901011499907,1.0619623870235235,1.1688571673388206,2.5280315802827267,4645.640307348196,3853.0380025860013,1.2057084057385972,8498.96759963248
day_custom_segments_021.csv,26,0,681.7109345395984,675.78125,79.09527431462097,58.73903007423117,30.970432145564825,88.0138442263974,2640,1799.99609375,1.4666698495439443,1.0,0.2349326843422307,0.20903268651131085,-0.19429816781250214,1.061067859159909,1.1769956784217341,2.5397538646339295,4389.429064678374,3565.974080377324,1.2309200700118152,7957.119403674973
day_custom_segments_021.csv,27,2,668.2720212667163,664.0625,72.88200569285755,44.521293981319126,18.654775176514306,89.78379775090599,2693,1799.99609375,1.4961143578870615,1.0,0.19795337448904374,0.2138760304288377,-0.22896423511171507,1.0557749414056166,1.265760588696355,2.7939551076010036,4317.070705420474,1763.168432378008,2.4484732292977736,6081.441691101107
day_custom_segments_021.csv,28,3,678.2145550527904,671.875,74.20835434950806,49.900794856275105,20.97321765371558,88.46757940093126,2654,1799.99609375,1.4744476442006167,0.9996230682246513,0.20151242331462943,0.21370214226313708,-0.2272673006024125,1.0569546782355967,1.2496965214051745,2.7392348671331956,4726.818840129994,2054.5505839314483,2.30065829339917,6783.5701779470355
day_custom_segments_021.csv,29,3,704.4474681996086,703.125,69.45416667224053,50.95044446693383,25.724353954581048,85.17313598038047,2556,1799.99609375,1.4200030816039098,1.0,0.20168166749707486,0.21127931296755345,-0.22389145035968944,1.049026459888245,1.2426364454977887,2.7392414915191874,4974.744328847673,2280.9653083273865,2.1809820213774374,7256.614554814346
day_custom_segments_021.csv,30,3,681.7515980113636,675.78125,79.20277023772042,51.186065446603614,19.628647214854112,88.00859458931536,2641,1799.99609375,1.4672254063051353,1.0,0.19034318102719397,0.21432765019803365,-0.23908360857461966,1.0494433109561145,1.2560365014152897,2.774854143886467,4749.955634738243,1958.1469629235555,2.4257401128087226,6708.698058057591
day_custom_segments_021.csv,31,3,678.2793646304676,667.96875,81.1717087233817,54.09462290456663,20.10562052055828,88.45912632575592,2653,1799.99609375,1.473892087439426,1.0,0.19267007188339397,0.21479267490428808,-0.2378067800380689,1.052301943481749,1.2481622806091,2.7380467120361067,4746.267333305066,2336.5302224530124,2.03133145366388,7083.863706634385
day_custom_segments_021.csv,32,3,669.0582581814801,664.0625,80.32807172973214,50.09596108359154,17.075892857142858,89.6782892465624,2690,1799.99609375,1.4944476876034887,1.0,0.19251696263365933,0.21486827349558524,-0.23691013922789247,1.053746613743415,1.2659188160282133,2.79167187760971,4528.361775902448,1830.0964304441222,2.4743842458637655,6359.808566283377
day_custom_segments_021.csv,33,3,636.3525822426601,628.90625,68.71804362287057,40.709299148209396,10.580325548478415,94.2873521288238,2828,1799.99609375,1.5711145206478312,1.0,0.18455376566326276,0.2186464830909629,-0.24428423953239847,1.057384198136096,1.2865074741758513,2.8146765840121915,3598.898763503763,1289.0581943602178,2.7918823054299415,4889.1569312923275
day_custom_segments_021.csv,34,3,649.6347585740073,644.53125,65.93772687588232,47.60390017487578,12.712170458649332,92.35959007443522,2771,1799.99609375,1.5394477852599506,1.0,0.1811095051087821,0.21839660895178542,-0.24932437697352486,1.0546482669346706,1.2879982528713758,2.828605752482853,3901.077187211634,1512.3226736227161,2.5795270118292546,5413.56486862615
day_custom_segments_021.csv,35,2,699.0851510882238,691.40625,82.99073775061153,60.11804599278567,27.91601866251944,85.82645462659535,2574,1799.99609375,1.4300031033053457,1.0,0.2083009932105988,0.21113779538864705,-0.22296893891114386,1.052928266646251,1.2217938762715026,2.6843955290728823,5230.151938599747,2994.730312193684,1.7464517313308872,8225.186544420736
day_custom_segments_021.csv,36,2,677.7836629001883,675.78125,63.93167318204897,43.74456175746157,21.55237377543331,88.52382151447004,2656,1799.99609375,1.4755587577229985,1.0,0.2041124926977508,0.21325972205706706,-0.22336321924158475,1.056531911683012,1.2552096497086251,2.749044315614784,4086.006462292174,1997.7008361491469,2.0453545337491743,6084.492696043833
day_custom_segments_021.csv,37,1,710.4609775957363,707.03125,86.63129802094252,56.64211453480753,30.766192733017377,84.45221045502792,2534,1799.99609375,1.4077808328577102,1.0,0.2097254160408755,0.21163964495824356,-0.22195440250701412,1.055770498264189,1.221344626880799,2.6870879378188675,4939.145751361106,3141.582875096613,1.572183815526182,8082.283730830297
day_custom_segments_021.csv,38,1,692.5519630484988,683.59375,86.29557682426234,55.84930109099697,27.146707739699654,86.63609837432264,2599,1799.99609375,1.443892022335118,1.0,0.21891151875166567,0.20999779237499613,-0.2064717496720059,1.0573064119501947,1.2278690903259006,2.688047188772614,4766.488383375647,2803.67543179506,1.7000856551800974,7572.076634508295
day_custom_segments_021.csv,39,1,687.5880660106993,679.6875,79.3752568829084,51.61062014983866,25.0,87.26154941593526,2618,1799.99609375,1.4544476007977447,1.0,0.21425740742525826,0.21053056844568246,-0.21148221644773627,1.0525517080862663,1.2250567087254833,2.674894994753443,4643.9851123992785,2535.277417694185,1.8317463327634367,7180.634926351566
day_custom_segments_021.csv,40,1,676.4805260436254,671.875,71.50489730607384,48.76409576317473,24.266365688487586,88.69434919421563,2660,1799.99609375,1.477780984767762,1.0,0.21397041207317952,0.21279055805920127,-0.21608052478089104,1.0616179711016027,1.2264523632230935,2.676722341213162,4074.8429512030552,2416.712670757861,1.6861098137600357,6491.943580563217
day_custom_segments_021.csv,41,1,691.3237130234345,691.40625,71.9727887194973,55.85612149911614,26.133743274404303,86.79002162040132,2604,1799.99609375,1.4466698061410723,1.0,0.20983108122752847,0.21196410563300497,-0.21769998206232852,1.0577225555351086,1.2444023412594645,2.735026586500475,4327.42459761238,2643.3980694756247,1.6370688348390974,6971.195590957386
day_custom_segments_021.csv,42,0,684.0124358608894,679.6875,80.29707538171895,62.93602915633152,29.84790874524715,87.71770344275212,2632,1799.99609375,1.4622253954544173,1.0,0.22152580523796256,0.2108292034236428,-0.20911026171730854,1.0558430450438772,1.1851861702612658,2.5560468694147604,4759.183783327295,3562.7307463473403,1.3358247148501492,8323.204018080618
day_custom_segments_021.csv,43,0,688.9461499808576,679.6875,89.65269991252441,65.82747517640507,31.711987744159327,87.0895352295199,2613,1799.99609375,1.4516698169917903,1.0,0.2326294795214468,0.2087536354116949,-0.1947304208217993,1.0588797956746496,1.1796654920173795,2.5461391478829163,4934.582639483866,3901.7277609071566,1.2647173103478058,8838.648884224182
day_custom_segments_021.csv,44,1,660.7831435916269,660.15625,59.346574551001545,45.3749738564875,21.6017634092579,90.80134773698288,2724,1799.99609375,1.5133366174839789,1.0,0.2120965958968266,0.21342196280411074,-0.21639564374626358,1.0624292055662157,1.2459494475901307,2.7240496096206956,3678.5436838777996,2149.4431713145527,1.711393784664743,5829.098358164054
day_custom_segments_021.csv,45,1,690.8467141897081,683.59375,86.59066059529853,58.78442531448683,27.814060699193238,86.84994625815628,2605,1799.99609375,1.4472253629022633,1.0,0.21680638661751447,0.2105340878311197,-0.2139822106717011,1.0524337050114883,1.1931587062107611,2.597248857510509,4884.4624744664325,2969.9727131361597,1.644615269649618,7855.38898641675
day_custom_segments_021.csv,46,0,702.1095579625293,699.21875,78.99441161498177,64.58300141939887,34.478719250292855,85.45674862213188,2563,1799.99609375,1.423891978932246,1.0,0.2393079642604688,0.20676389237220227,-0.1878961389594291,1.0571203958374746,1.1715773362514015,2.526181441859358,4949.324349424237,3892.0135509377474,1.2716616436835735,8842.684313523974
day_custom_segments_021.csv,47,0,734.7067680685994,730.46875,98.24108523069351,70.47861018125349,40.35947712418301,81.66523381529242,2450,1799.99609375,1.3611140649176756,1.0,0.23617621936023991,0.20592012569971138,-0.19359506848711952,1.0545774480514856,1.1565932512684476,2.523756311981685,5680.976381896271,4832.516664106387,1.175573055772748,10515.024740259018
day_custom_segments_022.csv,0,0,739.6973258323058,734.375,95.58715551091241,73.05159549507829,40.54276315789473,81.11425836572836,2434,1799.99609375,1.3522251567386214,1.0,0.23614593736787018,0.20573892009412872,-0.18992277422114698,1.0550277457985524,1.167355797540148,2.5402959382788155,5565.661332630054,4878.606537320349,1.140830130500149,10446.120409543275
day_custom_segments_022.csv,1,0,704.0560787671233,699.21875,81.14099970592851,63.668156324417886,35.04306969459671,85.22048429020931,2556,1799.99609375,1.4200030816039098,1.0,0.23957934058400956,0.2066740781278676,-0.18701511967750234,1.0575036848929646,1.1705296250957178,2.529499184100452,4925.514817214135,3979.4099266752996,1.237750045351393,8906.038676627737
day_custom_segments_022.csv,2,0,745.2963250517598,742.1875,91.50544771925239,73.83330722657018,42.419221209610605,80.50489179029977,2416,1799.99609375,1.3422251350371854,1.0,0.2384063542232231,0.20468108730809403,-0.18892104008413207,1.0524199911122905,1.1535735788135733,2.5124685065596366,5912.678028662373,4953.148349514027,1.1937211671123256,10867.088539344299
day_custom_segments_022.csv,3,0,695.6991976024749,683.59375,94.73151931380443,65.1349157720293,33.500967117988395,86.24417019133062,2587,1799.99609375,1.4372253412008273,1.0,0.23419147025244355,0.20834491266194383,-0.1967783588687035,1.057585017310208,1.1608567040503532,2.5066314326540433,4968.877633087488,3977.246002549942,1.2493261995616511,8947.919959476956
day_custom_segments_022.csv,4,0,684.9453987438143,675.78125,88.54987027415922,68.01909530979094,31.49276466108149,87.59822331829608,2628,1799.99609375,1.4600031684096537,1.0,0.2359365078512512,0.20856698587525999,-0.19280421145667778,1.0613707566680053,1.1781449445290182,2.543882429110559,4898.067292105703,3856.942610650696,1.2699352276023006,8755.200649635077
day_custom_segments_022.csv,5,0,721.5990251603849,714.84375,91.62205265670937,66.68920767087508,37.464901724829524,83.14867108733165,2495,1799.99609375,1.3861141191712656,1.0,0.2384971190722054,0.20655262413969064,-0.1907246001905265,1.0543239951278516,1.146943456232672,2.473100739874251,5145.233367688921,4408.968664657823,1.1669925007480721,9556.002061200226
day_custom_segments_022.csv,6,0,707.735051140834,703.125,84.9872146452949,66.54175484843967,35.104289649744196,84.7774882751433,2543,1799.99609375,1.4127808437084282,1.0,0.23186525003830863,0.20783249997277012,-0.1974281804098194,1.0549984782795847,1.1716970303048961,2.5305013080602525,5068.94268156914,4139.645896210584,1.2244870234454668,9209.72163588988
day_custom_segments_022.csv,7,0,687.6313526939243,679.6875,82.73146051784903,62.03641066677852,32.071865443425075,87.25605626465226,2618,1799.99609375,1.4544476007977447,1.0,0.23332139179397968,0.20878670073966718,-0.19497577183692547,1.0615625307881018,1.1875132976126965,2.574530528502828,4591.335827599612,3678.692466218369,1.2480890614701,8271.373602918204
day_custom_segments_022.csv,8,0,687.8331142447419,679.6875,84.47194411833122,58.16434203145769,31.752104055087987,87.23046151373727,2616,1799.99609375,1.453336487275363,1.0,0.2306708542375117,0.2092392330313972,-0.19908985717635302,1.0584985325637275,1.1772028922092115,2.538914722613938,4523.603889410306,3604.5801340571693,1.254960001213434,8129.140166362109
day_custom_segments_022.csv,9,0,704.8447904426165,699.21875,87.98340697065497,70.41480986135332,34.75705329153605,85.12512373443552,2554,1799.99609375,1.418891968081528,1.0,0.2345028796964404,0.20855791704665805,-0.19603447927026862,1.0589509986040733,1.1589505913600038,2.4973825925666273,5073.439708376185,4241.170747936663,1.19623566460851,9315.568605159933
day_custom_segments_022.csv,10,0,700.4417348130842,695.3125,78.522082965006,64.87067148572844,31.320607713283987,85.66022984911265,2569,1799.99609375,1.4272253194993914,1.0,0.22479552077900883,0.20993601391603567,-0.2072788901908737,1.0559187806400576,1.1731919556267572,2.530129232790807,4884.850945345467,3648.1037024976013,1.3390109886407975,8535.329227406808
day_custom_segments_022.csv,11,0,705.5545343137255,703.125,81.21257164330434,63.729583713186,33.07179285994508,85.03949316739978,2551,1799.99609375,1.4172252977979554,1.0,0.22403324311029527,0.20948474925494665,-0.20525446145590912,1.0533411404428707,1.1800492942033103,2.5482234587694417,5070.713678394184,3687.296201025784,1.3751847971919213,8758.93497883061
day_custom_segments_022.csv,12,0,681.5074573863636,671.875,83.16576488450448,61.49279499823831,30.46608563849943,88.04012245163811,2641,1799.99609375,1.4672254063051353,1.0,0.22477866672227867,0.2109654496510578,-0.20771032322781438,1.0594489999821688,1.1760909775566395,2.5361686121468883,4570.235756422153,3677.2262122526085,1.2428486833891303,8251.241995637658
day_custom_segments_022.csv,13,0,680.7826688422248,667.96875,94.48237199617826,66.51999862349159,30.24224072672218,88.1338534984141,2644,1799.99609375,1.468892076588708,1.0,0.2265560639071421,0.21058418151555872,-0.20317777065861575,1.0588849901177755,1.1779874037052316,2.5311556008542335,4811.132089687892,3891.697352002592,1.2362554573294804,8704.049133427818
day_custom_segments_022.csv,14,0,694.6684966216217,691.40625,78.05286940865312,55.72777560393193,32.71533410583237,86.37213331509597,2591,1799.99609375,1.4394475682455907,1.0,0.2303586932066258,0.20940398492284842,-0.2017080850334341,1.0608268995266907,1.1748938130765825,2.5474057712449265,4696.811904478906,3441.786879057773,1.3646434452573397,8139.2178511746315
day_custom_segments_022.csv,15,0,695.2808032264297,683.59375,94.25769452261798,59.57495666399869,29.609586393505992,86.29606875606488,2589,1799.99609375,1.4383364547232091,1.0,0.22198023600587896,0.2108389073105596,-0.21348190631274921,1.0526973328189482,1.1551997145677946,2.4907889167186057,4932.223456043534,3536.1309619049284,1.3948079155378692,8469.040192378701
day_custom_segments_022.csv,16,0,711.1644639328064,707.03125,81.77973949194212,60.83625363563478,31.11901937524713,84.36867003758084,2531,1799.99609375,1.4061141625741376,1.0,0.21728110741911758,0.20998700034598486,-0.21046302801881733,1.0557411786346285,1.2128198718713892,2.6510161512377803,4761.319434503446,3407.8762924693106,1.3971514884577707,8169.710234284379
day_custom_segments_022.csv,17,1,712.9316537851764,707.03125,89.9097369768771,66.17172874409084,28.945281522601114,84.15953995231001,2524,1799.99609375,1.4022252652458014,1.0,0.20966923339002685,0.21047529230675077,-0.21876927629220386,1.0509342122835554,1.2230961359015784,2.6886351721558825,5442.216693000292,3193.52709134122,1.7041398232556297,8637.56430134182
day_custom_segments_022.csv,18,2,691.5744545367166,683.59375,78.91640831976058,55.762422586239005,24.346153846153847,86.75855449315836,2602,1799.99609375,1.4455586926186905,1.0,0.20816153518856242,0.2116496807995598,-0.2171173624415062,1.0529844995127633,1.2415116823453038,2.7213055225923433,4929.303624698881,2428.0185012856737,2.0301754793419975,7357.9194709936055
day_custom_segments_022.csv,19,2,680.5798506051437,675.78125,70.93614412010334,47.82475941598668,22.17177449867575,88.16011809143403,2645,1799.99609375,1.4694476333498987,1.0,0.20417362444354029,0.2131295277095915,-0.2237062192100417,1.055919179868945,1.2525782447184832,2.748806693885266,4475.365420687327,2133.9442711308498,2.0972269431927004,6609.784094650027
day_custom_segments_022.csv,20,2,679.9561838624338,679.6875,70.9476879195665,50.227711423240066,22.495274102079396,88.24097996899603,2647,1799.99609375,1.4705587468722805,1.0,0.20334138438460128,0.2128821990494019,-0.224809624716895,1.0547101544003807,1.2455109906137782,2.7406835983528697,4583.247948920649,2171.8527704613443,2.1102940361593094,6756.542978199058
day_custom_segments_022.csv,21,2,675.0835483114447,667.96875,80.96561696389152,50.06292238704538,21.283783783783782,88.87788800375188,2666,1799.99609375,1.4811143253349075,1.0,0.20091521847450355,0.21345989382754252,-0.2266013530685986,1.0554718121972515,1.2546651077988276,2.762595650175552,4444.62463566278,2143.902405159237,2.0731469048996467,6590.654502498345
day_custom_segments_022.csv,22,3,661.9225418506254,652.34375,78.84510960727219,51.03140314506256,15.126978284873022,90.64504712628455,2719,1799.99609375,1.5105588336780245,1.0,0.19097148800161579,0.21581330828370437,-0.23861579338423794,1.0554984598741999,1.2713725931596143,2.8074932229146907,4615.997442474723,1728.3274870784028,2.6707886537624255,6344.98984535037
day_custom_segments_022.csv,23,1,669.9458798882681,664.0625,70.41329993401843,47.57897088350543,22.540983606557376,89.55947308759724,2686,1799.99609375,1.492225460558725,1.0,0.20563667937794156,0.2139807625511964,-0.22451174762263007,1.058731169550556,1.244684339691952,2.7275363154013923,4103.108927120096,2267.0499643476005,1.809889059194541,6370.27823253801
day_custom_segments_022.csv,24,0,711.1427671868827,707.03125,78.80455788331744,65.16612252932057,36.52173913043478,84.37124409961477,2532,1799.99609375,1.4066697193353284,1.0,0.23736392809102203,0.20740302346855577,-0.19174214977698165,1.0605920265607818,1.172765755620015,2.5499817567143306,4989.006786779704,4139.860879741196,1.205114599670217,9129.097370730979
day_custom_segments_022.csv,25,0,705.4656862745098,699.21875,83.82167462318625,68.44442855449526,35.307963907414674,85.05020324497099,2551,1799.99609375,1.4172252977979554,1.0,0.23182808436343602,0.20836836798163566,-0.19840017520980757,1.0564200718989303,1.1724055563878188,2.540157969027575,4992.775282606946,4236.096509250019,1.1786264245171538,9230.162060125247
day_custom_segments_022.csv,26,0,696.3480190595975,687.5,88.14907079692614,63.18598231382421,33.681765389082464,86.16381228603,2585,1799.99609375,1.4361142276784455,1.0,0.23450093767267022,0.2091163085475796,-0.19720540559581198,1.0616655443696257,1.1661538979943005,2.5200569192524562,4835.715388830491,3955.319725936805,1.2225852077445312,8792.306822508925
day_custom_segments_022.csv,27,2,658.4390441983894,648.4375,77.44683152425489,53.09676648214738,19.69974368363237,91.12460831214293,2733,1799.99609375,1.5183366283346968,1.0,0.206461417051584,0.21406146763307582,-0.22408822003405796,1.0579701482643473,1.2314012617166894,2.6866006215012397,4300.4928029884195,2264.0042039999166,1.8995074282064266,6565.273547287712
day_custom_segments_022.csv,28,3,673.0733258511036,664.0625,85.69802439480259,53.34308145906498,20.247005988023954,89.1433335649274,2674,1799.99609375,1.4855587794244345,1.0,0.20546881832748903,0.21458766524310768,-0.22687310376813605,1.0563858099925834,1.217867373686033,2.6361251586705454,4607.715425054361,2463.787239258843,1.8701758624419433,7072.066985806095
day_custom_segments_022.csv,29,3,658.6420776903368,648.4375,80.87783293947517,51.48537533620192,16.770413767850602,91.09651817327291,2733,1799.99609375,1.5183366283346968,1.0,0.19682439603509044,0.21626086151642554,-0.23442611454256562,1.0597612896253705,1.2537391005319856,2.7436898319032283,3998.9610360812435,2005.4192945591203,1.994077271985354,6006.265984911717
day_custom_segments_022.csv,30,3,668.9286129182157,667.96875,68.49688104997334,39.060466198449305,16.325771662328002,89.69566982379284,2691,1799.99609375,1.4950032443646797,1.0,0.1893824905778391,0.21558401726356374,-0.24034542958803126,1.0529710487401274,1.2710650775047054,2.8075891619815505,4048.2483534439693,1447.0918039027656,2.79750624150172,5495.990362170822
day_custom_segments_022.csv,31,3,630.8148768839818,625.0,62.75717449323517,49.11904916696906,12.342215988779802,95.11506814230552,2854,1799.99609375,1.5855589964387944,1.0,0.18908200408055578,0.2183742554209001,-0.24192236180039844,1.0578067009072682,1.2646507585184525,2.7514530676565774,3583.907459108982,1688.0156277896913,2.1231482695464114,5273.147607756564
day_custom_segments_022.csv,32,3,674.7350900225056,667.96875,82.75292096671747,49.65881398963153,18.19887429643527,88.9237878498341,2667,1799.99609375,1.4816698820960983,1.0,0.19449773255565173,0.21393213580434614,-0.23285260414617204,1.0518048151122827,1.259619319493695,2.76903034792721,4766.544131362717,1896.651449902874,2.513136576362941,6666.14196397165
day_custom_segments_022.csv,33,3,657.1744886778671,644.53125,79.21120748798761,44.949898354575645,14.176105224698576,91.29995310790392,2739,1799.99609375,1.5216699689018423,1.0,0.18934799321588985,0.21621092053987384,-0.2375998686147663,1.0548605760108973,1.27765091090375,2.810012043724369,4347.68929536866,1538.0767770020298,2.826704986628195,5886.842198954624
day_custom_segments_022.csv,34,3,644.7356630824373,644.53125,58.51925465693407,46.864319272143106,11.58121190390821,93.06139467009484,2791,1799.99609375,1.5505589204837684,1.0,0.18422933773229688,0.21814142361101602,-0.244937182882984,1.0572255029254032,1.2904006255112817,2.8335746341186847,3794.81743468108,1483.8805196292715,2.5573605047589454,5279.535249198047
day_custom_segments_022.csv,35,2,666.8235151037806,660.15625,77.39008444588481,53.91749572369216,20.133481646273637,89.97883044160785,2699,1799.99609375,1.4994476984542067,1.0,0.20269362575291366,0.21404290793588893,-0.22503659648646204,1.056669198918707,1.2512197260733362,2.7387677994190347,4399.695957860569,2212.656862113335,1.9884221693816395,6613.182252728144
day_custom_segments_022.csv,36,2,657.5092516447369,652.34375,70.72041652752993,49.729441261511575,19.70749542961609,91.25346882939222,2737,1799.99609375,1.5205588553794605,1.0,0.2007692487179996,0.21407700429323429,-0.226684458530719,1.0539307340340052,1.2475530894857298,2.719237318895518,4036.643724125022,2152.2905577681913,1.8755105854809877,6189.499836557209
day_custom_segments_022.csv,37,1,709.8326553254437,707.03125,79.4665714881587,61.364165712576366,31.333859510655092,84.52696498231859,2537,1799.99609375,1.4094475031412828,0.9996056782334385,0.2185396727428027,0.20970950340242117,-0.2081861244950473,1.0561661515049416,1.2127828636337474,2.658196129272309,5250.194687203307,3286.930981701748,1.5972938636165446,8540.492571192044
day_custom_segments_022.csv,38,1,666.4076967592592,656.25,76.23616157914208,50.28142155592098,21.971100407558357,90.03497452352369,2701,1799.99609375,1.5005588119765885,1.0,0.21331513265369714,0.21368261272273378,-0.21571140422719504,1.0644124813307225,1.240701868425928,2.710524234376486,4024.7828168782225,2376.4414412177994,1.6936175018121786,6401.760969860234
day_custom_segments_022.csv,39,1,675.4542628566066,667.96875,77.91040914912992,50.63463436590649,24.483665039429216,88.82910849692499,2665,1799.99609375,1.4805587685737165,1.0,0.21385773025474716,0.2122183161014726,-0.21449220097873972,1.0567208544462385,1.2237830907612153,2.6620049674064696,4167.736390709082,2586.9317078598997,1.6110732177607194,6756.559454458038
day_custom_segments_022.csv,40,1,658.0731071689831,656.25,62.56966011695187,47.67448050648466,20.74643249176729,91.17528029388521,2735,1799.99609375,1.5194477418570786,1.0,0.2099539890356442,0.21492904126017637,-0.2200325704680168,1.063997629384091,1.2365504690680342,2.6825076906308847,3622.403901850324,2184.567198848301,1.6581792053639035,5807.132665494742
day_custom_segments_022.csv,41,1,658.9285714285714,652.34375,72.62698162377762,46.71057947542909,21.656284353242945,91.05691056910568,2731,1799.99609375,1.517225514812315,1.0,0.21179884463131193,0.21346830978300574,-0.21896977374040866,1.060736489797346,1.2329774049028759,2.6884463983055356,3919.9824588819783,2280.131384658123,1.7191914839897398,6200.164009037615
day_custom_segments_022.csv,42,0,666.9900157524091,664.0625,69.82142257459674,57.72622442148382,25.917686318131256,89.9563690354735,2699,1799.99609375,1.4994476984542067,1.0,0.21825818800197058,0.21348834319442608,-0.2155290238504865,1.0605614888345802,1.1905669934323937,2.5582556056331858,4146.568843462268,3031.491119080677,1.367831433634464,7178.84160567559
day_custom_segments_022.csv,43,0,690.8617151497696,683.59375,84.16355424784506,56.96000167812888,29.734921244717633,86.84806045011888,2605,1799.99609375,1.4472253629022633,1.0,0.22489062560492404,0.21015382849161934,-0.2039126302527403,1.0571431942372929,1.1851170499036212,2.55787004899975,4622.453369535815,3333.686075721531,1.3865892782167104,7956.864684484535
day_custom_segments_022.csv,44,1,687.8689651051625,683.59375,69.55651136639143,49.479238762799994,24.33052792654935,87.2259151724153,2616,1799.99609375,1.453336487275363,1.0,0.20177768577611763,0.2144540436915887,-0.2295052342901395,1.0603661451048152,1.2537226858558126,2.7594840456364804,3943.758032383152,2375.388421291826,1.6602581695832244,6319.398649836515
day_custom_segments_022.csv,45,1,696.8964828621224,687.5,92.22297882910391,59.919528611637354,27.663696241766754,86.09600059047895,2583,1799.99609375,1.4350031141560637,1.0,0.21531180842063435,0.21071042110861413,-0.21141464950201436,1.057163191478774,1.226620407609264,2.6970464490755455,4909.046968067825,3005.274729595254,1.6334769396370523,7916.247246894351
day_custom_segments_022.csv,46,0,696.0317940038685,691.40625,80.27566970834037,63.28876329595174,33.088235294117645,86.20295871091561,2586,1799.99609375,1.4366697844396363,1.0,0.23337966217079092,0.20809140279059313,-0.19580766726158128,1.0559318529060737,1.171042432481641,2.5251316902612664,4780.007747042394,3803.132870070387,1.2568605700473272,8583.490833176453
day_custom_segments_022.csv,47,0,681.6398848995832,675.78125,75.82444197036762,62.27539982548387,30.742987111448066,88.02301820827135,2640,1799.99609375,1.4666698495439443,1.0,0.22766648896587854,0.21025876175808328,-0.2037866249617063,1.0594174482312546,1.178041782331104,2.5436854509468696,4531.51684252775,3583.6620750299185,1.2644933444205724,8115.972943995981
day_custom_segments_023.csv,0,0,699.3690487757482,687.5,91.66390954938493,66.32530437603805,34.13685847589424,85.79161474908068,2574,1799.99609375,1.4300031033053457,1.0,0.23188788019635465,0.20852450666570468,-0.1985769240079691,1.0554247222118565,1.1641829071089451,2.5072003271512,5061.108321716476,4134.715095660237,1.224052493248827,9197.10593407866
day_custom_segments_023.csv,1,0,689.4665948275862,679.6875,85.80027454975564,56.524173787595345,32.34955921809122,87.02379556910093,2611,1799.99609375,1.4505587034694085,1.0,0.2305337633653116,0.20898998825465329,-0.19768195831795307,1.058199233862418,1.1819097870088444,2.5459721220333784,4564.139203922914,3551.575210507397,1.285102787748892,8116.691244031328
day_custom_segments_023.csv,2,0,708.1365604092877,699.21875,91.81142010178387,67.69356399965868,35.47244094488189,84.7294199374783,2542,1799.99609375,1.4122252869472374,1.0,0.232249304132348,0.20789177143178852,-0.1979306468153081,1.0568064715189398,1.1705398327858725,2.537174804286742,5224.131461767907,4219.080847579902,1.2382155380512583,9444.658014164457
day_custom_segments_023.csv,3,0,718.1480788423154,710.9375,92.54292806039334,65.54932588965472,37.02076677316294,83.5482287952681,2506,1799.99609375,1.3922252435443654,1.0,0.23879787718263853,0.20664544271028604,-0.18985091640447363,1.0570255697288007,1.1611804255691738,2.517277491893252,5025.573654009677,4315.466690553422,1.1645492861781745,9342.404514258866
day_custom_segments_023.csv,4,0,715.3141767686805,710.9375,85.13750681236927,68.40077692211331,36.69980119284294,83.87922670712412,2517,1799.99609375,1.3983363679174652,1.0,0.23606918630312154,0.2064734399816618,-0.19132939123219103,1.0538324221784412,1.1672689590898737,2.521280865858175,5255.801645086311,4337.6192605145025,1.2116788794558466,9594.7815882727
day_custom_segments_023.csv,5,0,684.2457818441064,679.6875,79.57004304962322,63.57987797975811,30.810193990110307,87.68778937634717,2631,1799.99609375,1.4616698386932263,1.0,0.23208189231014228,0.20892745185221082,-0.19772836470062236,1.0571104082946012,1.1715135405845836,2.5182430258746042,4838.267985450487,3703.210614204813,1.306506296696118,8542.305638619579
day_custom_segments_023.csv,6,0,727.3317453497776,722.65625,87.52173831030109,71.46899965844564,38.673139158576056,82.49330568012769,2474,1799.99609375,1.374447427186257,1.0,0.2401160954873592,0.20595824480200808,-0.18781372238332641,1.0580636788924833,1.1615658153102981,2.5211640623219753,5480.001158111394,4589.4714200891385,1.1940375386420772,10071.722570484646
day_custom_segments_023.csv,7,0,697.7071418185343,687.5,88.00723015026884,60.5348253184647,33.94103956555469,85.99596650768599,2580,1799.99609375,1.4333364438724912,1.0,0.23025212287715932,0.20890699488145706,-0.2005972166110102,1.0593824359580302,1.175801423708326,2.548927388703641,4707.410669910387,3864.6790330461163,1.2180599293390826,8572.480882545833
day_custom_segments_023.csv,8,0,691.7907175124952,687.5,82.43457693610502,63.32482325822233,32.26923076923077,86.73143261555295,2602,1799.99609375,1.4455586926186905,1.0,0.23510019858043876,0.20843663844409485,-0.19188659177278358,1.061067859159909,1.1781667106117462,2.541419734783927,4708.613958270938,3866.1069330166083,1.2179212939143789,8576.031302837388
day_custom_segments_023.csv,9,0,706.883902259332,699.21875,88.74052608217397,66.77105246762356,36.2814465408805,84.87956764643937,2546,1799.99609375,1.4144475139920007,1.0,0.24146189642236682,0.2061234599351816,-0.18536261001930457,1.0616138822080192,1.1757603777271965,2.56513559602913,5166.369964283462,4174.01948228381,1.2377445735966446,9342.525483046371
day_custom_segments_023.csv,10,0,686.1219369755911,679.6875,79.55644875592908,60.702382516848665,30.94238840137352,87.44801290639175,2623,1799.99609375,1.4572253846036993,1.0,0.22669323810277275,0.2093899764687351,-0.20187672260196213,1.059579811847156,1.193754972856302,2.594512966363553,4613.805205453618,3504.4024081552716,1.3165740312004692,8119.2965542667735
day_custom_segments_023.csv,11,0,674.1830390595728,667.96875,73.7753879540778,56.34871651571176,25.37481259370315,88.99660258984686,2670,1799.99609375,1.4833365523796709,1.0,0.21783821822942473,0.213992331504549,-0.21858967937985363,1.0629248653790035,1.1874804778964905,2.5662070847910115,4147.725566897499,2960.8483343954063,1.4008571525648406,7108.68510278511
day_custom_segments_023.csv,12,0,713.5173914121381,710.9375,78.38194613469568,65.14437932206864,36.19047619047619,84.09045206487913,2522,1799.99609375,1.4011141517234196,1.0,0.24035991215635208,0.20672002041186843,-0.18609587857466725,1.0603750052716854,1.1733782881466674,2.540001615447276,4980.87772241279,4125.638500013634,1.2072986332652096,9107.16071245819
day_custom_segments_023.csv,13,0,738.9710600616016,730.46875,96.09618420597594,76.56645311491414,40.59161873459326,81.19397800909594,2436,1799.99609375,1.3533362702610032,1.0,0.2489348901512996,0.20316123492887103,-0.17578600113241666,1.0550450912203506,1.1547823746688384,2.5100907713392115,5690.533863686955,5008.321434970578,1.1362157835862596,10700.283611714776
day_custom_segments_023.csv,14,0,715.2675998608903,707.03125,92.26765726358494,67.72644139961744,35.188866799204774,83.88468876776912,2517,1799.99609375,1.3983363679174652,1.0,0.23206580362758825,0.20702200450804328,-0.19520596990330233,1.057814941923201,1.1862491048067871,2.59337663672412,5453.849466785538,4090.0850171739316,1.333431809824312,9544.770473050337
day_custom_segments_023.csv,15,0,682.4927091236723,671.875,91.91983024807631,61.28679374122116,27.969639468690705,87.91302705202612,2637,1799.99609375,1.4650031792603717,1.0,0.2184672323360416,0.21189776710962194,-0.21529863904249563,1.0549180298836411,1.171655240644977,2.5207933789979173,4744.472627361041,3474.0433602947173,1.3656918280255859,8220.848045013612
day_custom_segments_023.csv,16,0,712.9045537836766,707.03125,85.35694758299289,62.78938613861869,33.650416171224734,84.16273915148305,2525,1799.99609375,1.4027808220069922,1.0,0.22410191375010982,0.20892595564924887,-0.2058650629968904,1.0538079272524248,1.1819964961854896,2.5689908848246747,5178.791892547359,3736.4140742299332,1.386032647790702,8917.602984553541
day_custom_segments_023.csv,17,1,671.1683490302127,667.96875,66.88624872189922,53.872906016137655,21.455223880597014,89.39634904818656,2682,1799.99609375,1.4900032335139617,1.0,0.20274997349100368,0.213661362056116,-0.2242231075593565,1.0560847095391042,1.2581766786085298,2.7580165614510785,4128.891200885413,2263.455358641696,1.8241540241214074,6393.408681142123
day_custom_segments_023.csv,18,2,656.2899033199562,648.4375,76.46341633089058,41.115163151584476,18.1021897810219,91.42301244690738,2742,1799.99609375,1.5233366391854148,1.0,0.20098073024794896,0.2142626553528729,-0.22728389772113303,1.056489986375609,1.2570073426931567,2.7642032178947358,3932.189864392314,1770.929294490408,2.220410423287858,5704.269916034456
day_custom_segments_023.csv,19,2,661.5277458639706,652.34375,79.6098075829843,51.15714502919902,19.676351599852886,90.69914357354521,2721,1799.99609375,1.5116699472004063,1.0,0.20507924187485507,0.21357811543154306,-0.22170419572282907,1.0573662009139126,1.2509044696907752,2.7384876516494523,4420.240722388508,2119.8807308760856,2.0851365164122937,6540.513783275154
day_custom_segments_023.csv,20,2,644.4836640093157,632.8125,80.0898741616892,51.25224222860246,16.129032258064516,93.09778253608727,2792,1799.99609375,1.5511144772449592,1.0,0.19945564864252996,0.21571666015765845,-0.231156780001106,1.0588300685014873,1.2506734988788684,2.735960360710315,4059.9386468396465,2029.8541356708497,2.0001134936219795,6090.267646159797
day_custom_segments_023.csv,21,2,688.354772379495,687.5,79.58442810111126,52.65152128668859,23.842326827401454,87.16435536953256,2615,1799.99609375,1.4527809305141721,1.0,0.20791870301230755,0.21094380859130787,-0.2178725406137407,1.0535398486364147,1.2462430101609905,2.7474889718115993,4895.04922717973,2360.958706948052,2.0733311483907437,7257.309876417284
day_custom_segments_023.csv,22,3,655.2798388565186,640.625,86.49284649293456,47.66448426876509,14.535519125683061,91.56393412729079,2747,1799.99609375,1.5261144229913692,1.0,0.19162960054229758,0.21588652098352842,-0.23601822262776467,1.0560990369972925,1.2737169044847576,2.8039966459704293,4486.3877093654555,1604.2678874466417,2.7965327639300974,6092.843292926742
day_custom_segments_023.csv,23,1,701.4726486354775,691.40625,91.24595339423091,64.83903065417914,30.577223088923557,85.5343399585337,2566,1799.99609375,1.4255586492158185,1.0,0.21941892982059993,0.210024450178456,-0.20936870560749907,1.0560035399470369,1.2043445927760061,2.6367365698202927,5133.237532071702,3489.674477845432,1.470978902089752,8625.34219021519
day_custom_segments_023.csv,24,0,713.0376510499208,707.03125,90.9773409465952,70.80573883253189,36.107808164883075,84.14702913885723,2525,1799.99609375,1.4027808220069922,1.0,0.2262361161736052,0.20970668360586342,-0.20745537587034188,1.0596044827702529,1.1786381798945031,2.5660265095927612,5185.106670248127,4416.6859695518215,1.1739812850616318,9603.040907611568
day_custom_segments_023.csv,25,0,719.2138769492203,714.84375,87.47920129858083,73.7291416478247,37.84,83.42441924856834,2502,1799.99609375,1.3900030164996018,1.0,0.24216177633021257,0.20542032338012597,-0.18418821463047363,1.057114360147734,1.1648797817468635,2.528634036126753,5382.636771656434,4591.916521490912,1.1721983068430846,9975.503131379677
day_custom_segments_023.csv,26,0,714.2870434696308,707.03125,90.81922694397944,66.95212790526797,36.338363780778394,83.99984368826229,2520,1799.99609375,1.4000030382010378,1.0,0.22780559688468774,0.20924105665528014,-0.204676896075145,1.058258890548689,1.1790910585184442,2.5705123957720244,5033.203707265648,4339.817485807044,1.1597731295673739,9374.524793498666
day_custom_segments_023.csv,27,2,698.7014563106796,695.3125,77.63555902721338,51.45709523150043,25.796425796425797,85.87358657704132,2576,1799.99609375,1.4311142168277275,1.0,0.20693710154668604,0.21146935872347516,-0.22133017815298542,1.0547696718847632,1.2416297546335309,2.736814428377303,4699.397570140619,2437.482882084296,1.9279715171259606,7138.431236879215
day_custom_segments_023.csv,28,3,678.175355729363,664.0625,94.07775384617682,59.86784083814857,23.567119155354447,88.47269292979733,2654,1799.99609375,1.4744476442006167,1.0,0.20388773910886335,0.2147116581409623,-0.23295478179670873,1.053832749997289,1.1918703989744805,2.5777925272086173,4961.90186079036,2821.712267846221,1.7584719453262043,7784.600537601637
day_custom_segments_023.csv,29,3,634.0154818534179,623.046875,71.77443579845679,40.83128056135832,10.856538597109623,94.63491305386101,2839,1799.99609375,1.577225645020931,1.0,0.18403568867660958,0.21833485401379327,-0.24368758328791446,1.055817870528925,1.2842072083401146,2.8025084753533442,3584.124473878937,1347.7314129717543,2.65937592563486,4932.742552719561
day_custom_segments_023.csv,30,3,700.6328459517322,695.3125,86.8484355858161,53.16875460153374,22.23520249221184,85.63686436723737,2570,1799.99609375,1.4277808762605821,1.0,0.2028724864122695,0.21123871077168185,-0.22201348299011386,1.0511370952481067,1.2563780099669182,2.7796809379139256,5316.489196446682,2164.159504932541,2.4566069110568645,7482.237273025958
day_custom_segments_023.csv,31,3,652.8882146098003,644.53125,75.41476380949382,47.60754871175705,16.884531590413943,91.8993461014748,2756,1799.99609375,1.5311144338420872,1.0,0.19462850925949604,0.2172977171596306,-0.2388535621259427,1.0544730159559006,1.2250042120110907,2.635957809153418,3948.3160390911976,2059.625754745836,1.9170065386847097,6009.053018168046
day_custom_segments_023.csv,32,3,642.9843861686919,632.8125,67.9505885559889,43.01367118357184,13.121201287093315,93.31486314546142,2799,1799.99609375,1.5550033745732954,1.0,0.19228107524719867,0.21715550344060594,-0.23761050785442583,1.0593858010197879,1.276017046590702,2.7964995962618597,3783.732044898279,1464.594371978995,2.5834675574955335,5249.1814967819755
day_custom_segments_023.csv,33,3,675.9588735437806,675.78125,73.53184218477294,39.109170897585166,16.35338345864662,88.7627965965505,2662,1799.99609375,1.478892098290144,1.0,0.19501611388823814,0.21446333848891067,-0.23166386999717156,1.0563528157500028,1.2818831279934557,2.8410251159018673,4352.291331413631,1387.8051317729835,3.136096871073955,5740.234160879054
day_custom_segments_023.csv,34,3,658.9204389417796,652.34375,79.56156393723013,49.63377813133456,14.835164835164836,91.05803440603462,2732,1799.99609375,1.517781071573506,1.0,0.18534530180248462,0.21689183102644413,-0.24473015200862472,1.0528837189498996,1.2707028223933692,2.794991702551085,4383.347739167712,1655.8760424537732,2.647147266332939,6040.37834599338
day_custom_segments_023.csv,35,2,685.9124809378574,675.78125,80.77224297811381,48.77789297382951,24.14187643020595,87.47471677138925,2624,1799.99609375,1.4577809413648901,1.0,0.21172615853764026,0.21200961558695153,-0.2193366323514898,1.054926285827166,1.2100462968065868,2.6310976847086223,4417.90450762434,2451.003536049999,1.8024880187419758,6869.578774288639
day_custom_segments_023.csv,36,2,663.6042973072667,652.34375,82.07882706171735,51.68474480870501,21.512915129151292,90.41532769372405,2712,1799.99609375,1.5066699363496883,1.0,0.2091152877432656,0.2130131447928425,-0.2179508271379315,1.0573188354790914,1.2315296761068248,2.67836966004502,4292.799048526087,2539.93304595555,1.690122916964959,6834.169263985078
day_custom_segments_023.csv,37,1,678.6917892156863,671.875,79.36700208117142,57.35760693985222,25.650697849867974,88.40537185419252,2653,1799.99609375,1.473892087439426,1.0,0.20316894520686077,0.21437233364775563,-0.23008343610724435,1.05712795262205,1.2320478664103187,2.6934660802666337,4512.995981751176,2908.1213121039455,1.5518596019249788,7421.714420344166
day_custom_segments_023.csv,38,1,683.587813449848,675.78125,81.29753059517722,56.513835482174294,25.883694412770808,87.77219081364146,2633,1799.99609375,1.462780952215608,1.0,0.21507060291483046,0.21143952104508562,-0.2124349798879243,1.059361531729593,1.2345682834110254,2.7037190554785657,4619.248807869609,2731.6552545974937,1.6910072382286212,7352.17092919123
day_custom_segments_023.csv,39,1,675.2301242964353,667.96875,73.36417873542555,47.094858579629474,23.91141141141141,88.858594782805,2666,1799.99609375,1.4811143253349075,1.0,0.2149939433829469,0.21306001280869613,-0.21486603108591676,1.0624755548530782,1.2287696060618167,2.680527882007723,3895.075188729639,2460.2564308162937,1.5831988649399786,6355.917856796097
day_custom_segments_023.csv,40,1,701.8188524190402,695.3125,83.24529954594254,59.36509472194093,27.712724434035906,85.49214628987389,2564,1799.99609375,1.4244475356934367,1.0,0.21071407192679542,0.21222835315717353,-0.2203578719035002,1.057395350431447,1.2198450935170273,2.6723111913509787,4646.9779419699435,2955.8543900075697,1.5721268130390018,7602.951556478008
day_custom_segments_023.csv,41,1,676.2451263622698,664.0625,87.15424449881885,60.27753768674586,23.94736842105263,88.72522353360004,2662,1799.99609375,1.478892098290144,1.0,0.20807451929989854,0.21369903233123633,-0.22526175246496974,1.056162295133895,1.2122074057800147,2.63502040202972,4566.958449208987,2847.4217836047937,1.6038925021593693,7415.423169125051
day_custom_segments_023.csv,42,0,692.0718149038462,683.59375,87.73831676644332,62.72274890974484,29.434397845325126,86.69620508723675,2601,1799.99609375,1.4450031358574997,1.0,0.22667110643458124,0.21024605193823787,-0.20493966351622353,1.0584141619709806,1.1760632253908254,2.538782602373075,4834.569914034093,3581.7618641110694,1.3497742444789664,8417.187393322667
day_custom_segments_023.csv,43,0,716.3148138933121,707.03125,95.75530438971839,68.30509442119246,34.5679012345679,83.76205382922095,2513,1799.99609375,1.3961141408727016,1.0,0.2265462258422088,0.20955375382759286,-0.20500427074085034,1.0596252623768725,1.1838569178151699,2.584008275704901,5098.208621264409,4188.2409314924025,1.2172672739358756,9286.938392405558
day_custom_segments_023.csv,44,1,681.012253974262,667.96875,84.97413159315417,55.05057103149861,25.179856115107913,88.10414151852784,2643,1799.99609375,1.468336519827517,1.0,0.2117899216197267,0.21212179114660618,-0.21957401576411126,1.0554897153641551,1.215190001593048,2.6499191817850396,4606.744327522051,2781.836199544622,1.656008476802538,7390.58856079283
day_custom_segments_023.csv,45,1,675.5993592752535,671.875,75.58713307318611,58.55700427114191,23.6664162283997,88.81003093958638,2664,1799.99609375,1.4800032118125257,1.0,0.21017306890794688,0.21313930764588498,-0.21952380581231165,1.0597169102083601,1.2330531049722304,2.6925955543068887,4296.2692934885235,2688.1179606088995,1.5982443317016317,6984.775518348911
day_custom_segments_023.csv,46,0,687.7120365061162,679.6875,85.8946547402592,56.08230077302834,31.510516252390058,87.24581920192462,2617,1799.99609375,1.453892044036554,1.0,0.22777991440342144,0.20950468472359293,-0.20155364453859723,1.0574340933437156,1.1819184870658792,2.548014302517205,4540.164279089707,3563.8771432162644,1.2739396159409637,8104.460567475249
day_custom_segments_023.csv,47,0,731.4917776535177,730.46875,87.80557371857876,74.52154379602796,39.86981285598048,82.02416190168022,2460,1799.99609375,1.3666696325295844,1.0,0.2356435430584324,0.20622089356572929,-0.1916104572435247,1.0575695204332651,1.1702132564051313,2.5479410942232925,5467.228278737351,4796.568263205496,1.1398208007746897,10265.950856659958
day_custom_segments_024.csv,0,0,710.8202507898894,707.03125,79.41189481309617,64.3557845939885,35.79612801264322,84.40952538046828,2533,1799.99609375,1.4072252760965194,1.0,0.2359044472647871,0.2071727187807413,-0.19230998715586473,1.0561985577594244,1.1729555038955206,2.5391311174505513,4970.8428312588785,4037.2079041725437,1.2312575793090572,9009.689843424449
day_custom_segments_024.csv,1,0,730.4877816686967,722.65625,91.37082298876709,70.32038856765602,39.52071486596263,82.13689743439436,2464,1799.99609375,1.368891859574348,1.0,0.23982156307491512,0.20513752626469223,-0.18857392600603423,1.0531567286605785,1.1570449573607948,2.513407297474021,5492.493953795915,4606.205458693568,1.1924118459435198,10100.67299885406
day_custom_segments_024.csv,2,0,714.4545206431123,710.9375,78.14043381288853,62.94616027085388,36.69579030976966,83.98015306277483,2520,1799.99609375,1.4000030382010378,1.0,0.23377719467450694,0.20729903827604018,-0.19535048975694802,1.0579137433159052,1.1729891269343644,2.5495825777020094,4994.472599822289,4041.480539750726,1.2358027091057928,9037.708639336455
day_custom_segments_024.csv,3,0,694.9277592699884,687.5,82.92253844094536,59.626862296384445,32.9984544049459,86.33990972389581,2590,1799.99609375,1.4388920114844,1.0,0.2310332529844245,0.20846339786323195,-0.1972737889966492,1.0580141958254732,1.1800909184581394,2.5551184496145996,4741.748372545598,3767.7358729912467,1.2585140074537846,8510.706989258488
day_custom_segments_024.csv,4,0,700.9800638152767,691.40625,88.13247004759373,69.47674630232356,34.54191033138402,85.59444568713339,2567,1799.99609375,1.4261142059770096,1.0,0.23305014319663753,0.20811912071050892,-0.19674773643954116,1.058474113938938,1.1710809222435248,2.5392060159609016,5125.16784719114,4107.916362828311,1.247631985297395,9234.051281357975
day_custom_segments_024.csv,5,0,718.2278157422187,710.9375,93.26469301745925,69.81943616569197,36.60678642714571,83.53895335840735,2507,1799.99609375,1.3927808003055562,1.0,0.2382497173681629,0.2073591019752555,-0.192177147268861,1.057720487289201,1.1570574301872822,2.50288404804575,5163.6543369791425,4446.490077392833,1.1612877229238783,9610.911627293732
day_custom_segments_024.csv,6,0,720.9872870741483,710.9375,97.70925494579737,74.85109183057301,38.85324779470729,83.21922047126115,2496,1799.99609375,1.3866696759324564,1.0,0.23935087371441727,0.2062420076120839,-0.1892914501969438,1.0591480124162134,1.165908134124347,2.534245504787173,5745.97133003331,4703.4396232864365,1.2216530433569006,10451.038679993624
day_custom_segments_024.csv,7,0,710.8248790481832,699.21875,95.87759097387013,68.54024927622993,35.71710786250494,84.40897578084476,2533,1799.99609375,1.4072252760965194,1.0,0.23041806914635568,0.20772256894204685,-0.1993423270816151,1.055195517016984,1.1703797906180091,2.535682676118642,5364.104278258665,4314.833387902039,1.2431776145281945,9679.20952047388
day_custom_segments_024.csv,8,0,738.2251487484613,734.375,97.80464202021636,74.63476051716167,40.51724137931034,81.27601735286326,2438,1799.99609375,1.354447383783385,1.0,0.23663415263615842,0.2057268378900521,-0.1926836472560626,1.051508602788578,1.150283765030859,2.493135506450177,5820.123622023341,4898.348261441102,1.1881808543174206,10718.577463609468
day_custom_segments_024.csv,9,0,730.3402862362972,726.5625,83.00107232303381,65.4251939054773,39.764419171405365,82.15348534201955,2464,1799.99609375,1.368891859574348,1.0,0.2360684575358968,0.20635939153752006,-0.19271577062127507,1.0576020990172141,1.1676337595228938,2.5495915913526734,5312.705790942027,4425.842912945975,1.2003828186946948,9739.01452846441
day_custom_segments_024.csv,10,0,671.1406657963446,667.96875,66.13541767991067,52.75153897705066,24.925373134328357,89.400036471947,2682,1799.99609375,1.4900032335139617,1.0,0.21677354371891444,0.21244192855120003,-0.2133428226063604,1.0579447025040394,1.2055917665756413,2.600740006560175,4181.913997257955,2772.5179079398067,1.508345170749659,6954.8833998993705
day_custom_segments_024.csv,11,0,684.7178935097069,675.78125,84.89889389044382,62.865098079372,29.3983244478294,87.62732881486967,2628,1799.99609375,1.4600031684096537,1.0,0.22004354836372322,0.21155623851889832,-0.2120858488164254,1.0550430242911217,1.1761571210014798,2.5249524562811074,4622.984282979257,3539.4343772145307,1.3061364586218038,8162.7585812396965
day_custom_segments_024.csv,12,0,677.7373186699322,671.875,77.04450571665508,55.21480776445993,30.456087448171882,88.52987484553859,2655,1799.99609375,1.4750032009618077,1.0,0.23215678207328483,0.20916389549179212,-0.19621538350368914,1.0605359784375967,1.1840749029348998,2.555859198065822,4353.596237319016,3345.3483980267865,1.3013879929178473,7699.263423062981
day_custom_segments_024.csv,13,0,737.8872616851169,730.46875,96.53916524243,69.25860908567107,41.1402789171452,81.31323457594009,2440,1799.99609375,1.3555584973057668,1.0,0.2280396592325447,0.20743089744591453,-0.2037312401773255,1.0521847866159622,1.156425162803121,2.5195858214534836,5698.315096876863,4821.140578719528,1.1819433604631187,10519.979225166378
day_custom_segments_024.csv,14,0,709.5491247534517,703.125,89.42484187199598,62.646226605887215,35.16179952644041,84.5607413311211,2537,1799.99609375,1.4094475031412828,0.9996056782334385,0.23607314861394887,0.20763268659820427,-0.19292005648979949,1.0604655438329882,1.1759705691623217,2.5501006171370624,5141.242818458195,3949.675979975072,1.3016872382758455,9092.16469543177
day_custom_segments_024.csv,15,0,736.2258336743045,730.46875,91.25450486777666,64.25388023533992,36.2668849774867,81.49673273560124,2445,1799.99609375,1.3583362811117212,1.0,0.2262236607959607,0.2088835598970741,-0.20572233112690969,1.056237170322167,1.166571732471486,2.534494853597691,5233.316998630652,4039.4745356733038,1.2955440001946583,9273.195473011143
day_custom_segments_024.csv,16,0,691.4678012106073,675.78125,95.01187589825064,64.3931036463176,26.989619377162633,86.77193629978615,2603,1799.99609375,1.4461142493798815,1.0,0.22023040211072806,0.2112149192712392,-0.209458511082012,1.0605980525103142,1.2054482413460657,2.6296405600020303,4713.503906708929,3305.581614946149,1.425922713690346,8020.149464556543
day_custom_segments_024.csv,17,1,740.5825442568959,738.28125,83.66285144089501,61.73748702221957,34.67874794069193,81.0173024807171,2430,1799.99609375,1.3500029296938578,1.0,0.22567678499001967,0.20719620623039786,-0.19959160763917633,1.0555192207102075,1.207986275895424,2.661621867954787,5254.236393898899,3381.928127594553,1.5536215424057676,8637.332114967878
day_custom_segments_024.csv,18,2,662.4847546944036,652.34375,84.17825643732495,54.37806059936514,20.14732965009208,90.5681218697286,2717,1799.99609375,1.5094477201556427,1.0,0.20128325384855583,0.21394429925040628,-0.2284390059125905,1.0578332565619029,1.2508119374328954,2.7505202825084774,4603.992220590699,2274.4252093577684,2.0242442801145053,6879.370169227501
day_custom_segments_024.csv,19,2,704.2491557361002,699.21875,76.91815507784342,62.81107177302421,27.575401488444967,85.19712023976285,2555,1799.99609375,1.4194475248427187,1.0,0.20674164831994252,0.21064449618483982,-0.22030365617538145,1.051863220866642,1.2412338353302983,2.742348838769922,5498.5584043469835,2790.642565561676,1.9703556708418093,8290.062895055695
day_custom_segments_024.csv,20,2,663.2558997050147,652.34375,79.1161809523938,50.556806604240556,18.701586130579123,90.46282140375261,2713,1799.99609375,1.507225493110879,1.0,0.19582658902598563,0.21535316061223322,-0.23463189960007166,1.055967307733773,1.2553364094056643,2.7542586367727666,4242.610065076947,2069.4008231396956,2.0501635147897823,6313.655265666484
day_custom_segments_024.csv,21,2,658.3059962509144,652.34375,75.45829831985128,50.0116272634569,19.06330040248811,91.14302519148086,2735,1799.99609375,1.5194477418570786,1.0,0.19983243342725598,0.21450719842828428,-0.22853216096473003,1.0563306775218588,1.2572099788095785,2.7527590576960255,4307.585749763362,2093.4552819825058,2.057644023656465,6401.806948939636
day_custom_segments_024.csv,22,3,647.0464253597122,640.625,68.73851463348882,41.36343301259373,11.87477509895646,92.72904949075985,2781,1799.99609375,1.5450033528718596,1.0,0.1831440606983812,0.2177997792020386,-0.24397022009298772,1.054644539664244,1.294247240008408,2.845849303358038,3783.6778750839203,1327.8738562479537,2.849425686996427,5112.633794026161
day_custom_segments_024.csv,23,1,667.2182168026707,660.15625,71.22967156830488,50.0677947847002,22.634508348794064,89.92560228274607,2697,1799.99609375,1.4983365849318249,1.0,0.21487387139879874,0.2125983406180701,-0.21272711618309642,1.0602250176932677,1.234396780526938,2.6857553898156232,4045.4483580445476,2384.4653625120163,1.6965850800964029,6430.681842052766
day_custom_segments_024.csv,24,0,706.155869799843,699.21875,88.48186865705684,62.9809669276176,34.86454652532391,84.96707676876885,2549,1799.99609375,1.4161141842755736,1.0,0.23382856959718878,0.20777627037513158,-0.1938915440418723,1.057487371328789,1.1723911503556157,2.533779735520794,4950.499394821877,4035.4239390114026,1.2267606748733937,8986.147704658222
day_custom_segments_024.csv,25,0,706.0826549627304,703.125,83.12415128547008,66.44461063905959,35.32182103610675,84.97588714053175,2550,1799.99609375,1.4166697410367644,1.0,0.24101425641982277,0.20722924722463243,-0.18656181296812052,1.0609728404897711,1.1688830692696643,2.524468764946618,4953.813602234532,4145.747703488989,1.1949143933832462,9101.158452756015
day_custom_segments_024.csv,26,0,703.8035504694835,695.3125,91.67657284035936,64.47902942269153,34.52054794520548,85.25106183391094,2557,1799.99609375,1.4205586383651005,1.0,0.22955304916093242,0.20918611217531743,-0.2027268855660645,1.0582839335507526,1.169853667385768,2.53091282748736,4923.032273473483,4089.1205937134982,1.203934234916431,9012.587144759205
day_custom_segments_024.csv,27,2,647.856556085704,644.53125,67.57115143481867,46.54662869745532,18.227665706051873,92.61309380353433,2778,1799.99609375,1.5433366825882868,1.0,0.20319977986634746,0.21584410494252007,-0.22838003899152873,1.0625451908324728,1.245879319071824,2.716697188841733,3735.976528956631,2028.7079492827215,1.8415546359334463,5765.884158902787
day_custom_segments_024.csv,28,3,667.7106533036377,652.34375,98.75522436840568,49.81396925121778,20.349053100631266,89.8592821653174,2696,1799.99609375,1.497781028170634,0.9996289424860854,0.2059241952607621,0.21455613565692436,-0.2267298763955057,1.055045341912359,1.1965545854550637,2.5761826849705574,4539.152429478385,2344.8715945876975,1.9357786754530204,6885.197223937776
day_custom_segments_024.csv,29,3,671.7627262971258,660.15625,81.97242423972521,49.966969024432636,19.230769230769234,89.31725094473542,2680,1799.99609375,1.4888921199915799,1.0,0.19822796281519245,0.21460441228869448,-0.2321437618690568,1.0527649363840346,1.234133214767606,2.6867814903016582,4429.234667171969,2158.128762589536,2.0523495835611474,6587.654335935314
day_custom_segments_024.csv,30,3,629.8264131956598,621.09375,69.09997614638115,40.59546724027274,11.204481792717088,95.26434386193422,2858,1799.99609375,1.587781223483558,1.0,0.18950458263044487,0.21815607712138566,-0.24130525806430386,1.0584109017629395,1.2684718854551942,2.764171091701081,3590.395549158117,1392.8132636388764,2.5778010899880557,4983.750190345597
day_custom_segments_024.csv,31,3,672.5187429932736,667.96875,76.57927365456541,52.19839194287802,19.55140186915888,89.21684432607718,2677,1799.99609375,1.487225449708007,1.0,0.2003782292367666,0.21397616341417353,-0.22798637737828054,1.0508778768319778,1.2350042689580945,2.679328499701598,4446.10654788281,2226.336479098818,1.997050575967976,6672.908559288162
day_custom_segments_024.csv,32,3,637.5188253012049,632.8125,68.46920712119127,44.85239039605442,12.123360510457285,94.11486785767015,2823,1799.99609375,1.5683367368418768,1.0,0.18639925443068098,0.2189158132071892,-0.2455325722878791,1.0590468120656527,1.2784677677929743,2.7969995548748723,3685.613672279734,1557.2927230407947,2.3666800838079727,5244.716613553178
day_custom_segments_024.csv,33,3,646.0320354578097,632.8125,79.41568186251557,42.55262715834704,12.35632183908046,92.87465126629685,2786,1799.99609375,1.547781136677814,1.0,0.19126686484832664,0.21734642397341158,-0.23841022796950603,1.060454597132867,1.2765071659921103,2.811673498622262,4090.069912076624,1393.907498831687,2.934247728421537,5485.07232904466
day_custom_segments_024.csv,34,3,639.3159759239517,636.71875,63.853460917187235,40.66756628237773,11.411304656949875,93.85030604512401,2815,1799.99609375,1.5638922827523498,1.0,0.182259878607984,0.21898513515007853,-0.24851398166597816,1.057058222745343,1.2900585625980105,2.829512062319846,3648.3635092562386,1306.6875607048519,2.792070284413087,4956.583613092727
day_custom_segments_024.csv,35,2,676.7229221511847,667.96875,82.15336414912834,55.16810585321259,23.13769751693002,88.66257967037738,2660,1799.99609375,1.477780984767762,1.0,0.20373256200105794,0.21456405393182823,-0.22912664884318587,1.0556588263363094,1.2127831726868974,2.628397216233662,4435.0563430941065,2621.926545774271,1.6915257791039326,7059.947226304452
day_custom_segments_024.csv,36,2,650.8456946454414,644.53125,66.59851433106968,40.84611023969436,19.037278320665944,92.18774971337247,2765,1799.99609375,1.5361144446928052,1.0,0.2037013043809039,0.21513460014590305,-0.22604003225701014,1.0611218103058417,1.2455097111879552,2.7112641114763156,3801.2620224733637,1878.0883333176275,2.0240059825931964,5679.561039069655
day_custom_segments_024.csv,37,1,723.4239976889068,718.75,89.90307058421037,63.7731155723888,34.016887816646566,82.93891299110834,2489,1799.99609375,1.3827807786041202,1.0,0.22373021832505985,0.2080040874022617,-0.20447366899765232,1.0522305366027953,1.1904069440394063,2.6024410747643043,5674.884362488925,3557.255972096904,1.5952982880632394,9233.383047764353
day_custom_segments_024.csv,38,1,677.0044340421528,675.78125,71.26808530363932,42.456017221588766,23.569277108433734,88.6257120086516,2658,1799.99609375,1.4766698712453803,1.0,0.21190767150265885,0.21271753025840273,-0.21781696563083514,1.0600530812408406,1.2364485057392494,2.7084837334713243,3783.8945581393145,2194.6757514412416,1.7241246483242156,5978.847912339688
day_custom_segments_024.csv,39,1,684.9766249524172,679.6875,75.263809623023,55.537916761419,24.333587204874334,87.59422995517252,2628,1799.99609375,1.4600031684096537,1.0,0.20594417811320415,0.21305811131436786,-0.22183970285349822,1.0570602799742066,1.2436710683655372,2.7293205099552105,4327.84930441753,2634.176201241028,1.6429612044853223,6962.081412756783
day_custom_segments_024.csv,40,1,676.7203371896162,671.875,74.768123759476,59.581370911184116,24.124952954459918,88.66291834700407,2659,1799.99609375,1.477225428006571,1.0,0.21067687657338915,0.21348064786252766,-0.22007772753752283,1.062020502836713,1.2425400206443098,2.7239566714200305,4444.022487093579,2769.4980714445564,1.6046310098261232,7214.449307511028
day_custom_segments_024.csv,41,1,707.556589166339,699.21875,88.42949321353811,59.59349050214626,29.42564909520063,84.7988710990502,2544,1799.99609375,1.4133364004696192,1.0,0.22274573755368235,0.2089205828718048,-0.20328953137507091,1.055240774684092,1.2028574365186282,2.6277089506590694,5055.283595588191,3133.9534006140752,1.613069165162968,8192.002915358942
day_custom_segments_024.csv,42,0,700.7535655179128,691.40625,88.81652538622302,64.71268930508201,33.541098558628754,85.62211161302507,2569,1799.99609375,1.4272253194993914,1.0,0.22957944915037537,0.20852520368102342,-0.19995500516235412,1.0540791066228659,1.1690202721212422,2.5239897554563604,5186.451937160227,3812.5378124489243,1.3603673438267594,9000.452879569488
day_custom_segments_024.csv,43,0,689.2219815204902,683.59375,92.26337948858068,63.7745879647453,30.88122605363985,87.0546813780289,2612,1799.99609375,1.4511142602305995,1.0,0.22018760752396774,0.2114611100145821,-0.21472171230802178,1.0545626137068027,1.1637008205950419,2.5066976188234276,4814.990258681648,3786.3853157185395,1.27165881366934,8601.881227105718
day_custom_segments_024.csv,44,1,678.9622641509434,669.921875,83.08374957366175,55.837663548246745,24.87731219328048,88.37015423092956,2651,1799.99609375,1.472780973917044,1.0,0.2135577395507777,0.21185215251059414,-0.21602758587672585,1.0564134036230204,1.2248143750290283,2.6702397990079745,4497.985024763158,2726.3298418324416,1.6498315632051104,7224.696502068043
day_custom_segments_024.csv,45,1,694.0405574845679,683.59375,85.68800935292418,58.90585097855041,26.5148591277499,86.45027924226764,2593,1799.99609375,1.4405586817679725,1.0,0.21283828026350904,0.21135362124054088,-0.21477020623673365,1.0573445935899055,1.2372337852982052,2.7173497151597776,4677.237084259423,2901.0586234043353,1.612251833356879,7580.17409995414
day_custom_segments_024.csv,46,0,695.3819578662543,683.59375,91.89987707502283,58.479139165944524,32.40525908739366,86.28351558632191,2588,1799.99609375,1.4377808979620181,1.0,0.2335144701512799,0.20853168358984212,-0.1961484100119073,1.0571926434471846,1.1640925774383912,2.501578210468233,4712.197106340871,3781.3028969879733,1.2461834544104913,8494.001245045753
day_custom_segments_024.csv,47,0,698.5242381599379,691.40625,84.739434341516,64.61873536270735,33.28155339805825,85.89537301962895,2577,1799.99609375,1.4316697735889183,1.0,0.23314652940906855,0.20836046275703,-0.19645610501358843,1.0551367039240955,1.1659502887016833,2.5065744790626394,4821.91286788328,3933.316289200584,1.225915363359527,8756.85580207482
day_custom_segments_025.csv,0,0,716.3614649681529,710.9375,86.62850131329326,63.00225723057133,37.27598566308244,83.75659905529314,2513,1799.99609375,1.3961141408727016,1.0,0.2396659685197976,0.20590288111877975,-0.18720420613341088,1.0575167240590269,1.168836756673895,2.54067094284373,5105.568372745231,4217.016161138296,1.2107063804486553,9323.587506358564
day_custom_segments_025.csv,1,0,691.2081612562428,687.5,76.87059305878272,60.07936811504946,33.28209069946195,86.80453062208124,2604,1799.99609375,1.4466698061410723,1.0,0.22935061005907534,0.2091039097670419,-0.20036846783036683,1.0591183786601952,1.1852938575193979,2.57221612238958,4567.181109733957,3654.0340700866313,1.2499010743010603,8221.637294252258
day_custom_segments_025.csv,2,0,726.5262288050061,722.65625,86.71309823645387,69.17163437640723,38.52988691437803,82.58476792873438,2478,1799.99609375,1.3766696542310204,1.0,0.22808754055308714,0.20757718164767025,-0.2024373221656321,1.05062086714439,1.1650994445783058,2.521124338892491,5431.090316194357,4547.303794511662,1.194353964815233,9979.595239174114
day_custom_segments_025.csv,3,0,711.233942687747,707.03125,84.66608044075649,65.10147903705133,36.1803084223013,84.3604282625496,2531,1799.99609375,1.4061141625741376,1.0,0.23481141992625745,0.2073166443412013,-0.1937758950957412,1.058421873838086,1.1776936339903905,2.563695231240757,5093.800301574656,4116.242625093433,1.237487865880849,9211.648348805908
day_custom_segments_025.csv,4,0,741.6126726092333,734.375,89.4840775642154,74.5395856363338,40.94845360824742,80.90476635047321,2427,1799.99609375,1.3483362594102852,1.0,0.23541448522532593,0.2059276909488563,-0.1921142524959779,1.0553795133829382,1.1641428966497582,2.536632630474593,5688.166849187903,4902.936968035948,1.160155002250928,10593.56739347879
day_custom_segments_025.csv,5,0,718.0997380239521,707.03125,97.34492555586934,76.93841996345125,37.02076677316294,83.55385306936111,2506,1799.99609375,1.3922252435443654,1.0,0.23021974683778104,0.2076607480889115,-0.19967051456498813,1.0512176834945242,1.153168698774582,2.48909888986929,5719.346056401217,4793.805014112584,1.1930702311762604,10513.266339719823
day_custom_segments_025.csv,6,0,698.7970266990292,691.40625,87.0512904104793,68.73028415833345,33.99378399378399,85.86184214810906,2576,1799.99609375,1.4311142168277275,1.0,0.22922518375666262,0.20913290099471812,-0.20117958006537154,1.0584022278524476,1.1759342252679472,2.5465857629873008,5022.636292118417,4086.774140247171,1.2289977668828658,9111.398468387342
day_custom_segments_025.csv,7,0,701.9838996684867,699.21875,79.5163084463188,62.584720245174054,34.45181428014046,85.47204576676917,2565,1799.99609375,1.4250030924546278,1.0,0.23791988257656185,0.20709354030415816,-0.1889340813097263,1.0589820399929424,1.174406297307579,2.539947556938993,4795.8003094627275,3866.9853627610396,1.2401909652015106,8663.146070567456
day_custom_segments_025.csv,8,0,731.8910826891782,730.46875,82.34838328587958,63.184407311870345,39.43833943833944,81.97941117077524,2459,1799.99609375,1.3661140757683936,1.0,0.23449677828196505,0.206354958760417,-0.19319811696397923,1.0521355317657104,1.16325727777566,2.5145276520170525,5197.070942823456,4389.4477220796725,1.1839919898535982,9586.613117388999
day_custom_segments_025.csv,9,0,715.3842569582505,707.03125,91.41946321722943,65.02369230793038,35.75974542561654,83.87100976350054,2516,1799.99609375,1.3977808111562742,1.0,0.23304177253158823,0.2070963910880644,-0.19537923874014307,1.05313908511939,1.1611267185964236,2.5039347149292044,5252.209006054989,4240.530158258315,1.238573671225155,9494.803160262389
day_custom_segments_025.csv,10,0,695.7900145067698,687.5,84.04613437157184,58.20014006373894,32.08204334365325,86.23291330579482,2586,1799.99609375,1.4366697844396363,1.0,0.22976961615185335,0.2090985625868012,-0.19870634302186338,1.0613707566680053,1.1892352933881345,2.5880818921742175,4858.513282671282,3455.993397455264,1.4058225013533674,8315.90698431309
day_custom_segments_025.csv,11,0,706.0106291683013,699.21875,92.22159491795777,60.98203695659156,29.552590266875985,84.98455621083431,2550,1799.99609375,1.4166697410367644,1.0,0.21696785082951925,0.21068016340722698,-0.21347543040049669,1.0520095894495647,1.1856623717931463,2.5643204580789205,4878.873544398634,3368.8470779592017,1.4482324164604659,8249.33673118359
day_custom_segments_025.csv,12,0,737.0522454936502,730.46875,101.94527244694275,79.41501863770284,40.040983606557376,81.40535540979762,2442,1799.99609375,1.3566696108281484,1.0,0.23657187210700814,0.20642095180722797,-0.19227253730961535,1.0568126949962333,1.1588335300665749,2.520972318997836,5834.331767695376,5134.39945184244,1.1363221390189597,10969.948081453544
day_custom_segments_025.csv,13,0,733.0060615321923,726.5625,97.18328491853136,73.86467756564902,39.624949041989396,81.8547119168194,2455,1799.99609375,1.36389184872363,1.0,0.24499206159979925,0.20473574778781808,-0.18206756130575313,1.0568122699137639,1.1486882998518686,2.4923969795664402,5655.787028692348,4859.701631483231,1.1638136366339313,10518.473937326617
day_custom_segments_025.csv,14,0,695.3743841769706,687.5,82.59159081922235,58.6639208253997,31.580981832238113,86.28445534561162,2589,1799.99609375,1.4383364547232091,1.0,0.2339075359545254,0.20844918108877206,-0.1942342422948818,1.0623628751698824,1.1874266483638527,2.5767948474717506,4760.285854925831,3504.4907192932646,1.3583388389984998,8266.91533361902
day_custom_segments_025.csv,15,0,734.7322886892609,730.46875,82.98117001871199,69.72442236479166,36.72385620915033,81.66239720733941,2450,1799.99609375,1.3611140649176756,1.0,0.23342772972849019,0.2054697783225977,-0.1931765630475046,1.0508895965145062,1.1688957433221263,2.5443691685406047,5784.851117887643,4141.573103636604,1.3967762908272996,9927.863837590383
day_custom_segments_025.csv,16,0,704.4204556577916,691.40625,96.75748974885748,64.63474950164992,32.98080689385037,85.17640213041751,2555,1799.99609375,1.4194475248427187,1.0,0.2266194491218235,0.20914477383021232,-0.20448371766254042,1.0544910295564487,1.171441605611961,2.5286670292655464,4995.487234207758,3933.205106735699,1.2700805319440063,8930.385500826575
day_custom_segments_025.csv,17,1,694.4286920849421,687.5,89.00410318828635,52.20400966383612,26.535341830822713,86.40195989001681,2591,1799.99609375,1.4394475682455907,1.0,0.2119765573996223,0.21273910736636623,-0.2221215318304648,1.0560269313331332,1.1941166645902146,2.6013091722697044,4398.8849645116625,2792.3618440781343,1.575327701114575,7192.408644185651
day_custom_segments_025.csv,18,2,653.065449183303,648.4375,70.67353710807512,45.39805827605303,17.066085693536674,91.87440565877976,2756,1799.99609375,1.5311144338420872,1.0,0.19902749485253088,0.21556055923159242,-0.2306642568313893,1.0593844662811054,1.259922116307037,2.757846005601699,3871.349749039918,1798.2209979024558,2.152877623804679,5670.090194722707
day_custom_segments_025.csv,19,2,666.9838593807934,664.0625,71.51426174682554,45.71981285263913,20.289317507418396,89.9571993476755,2698,1799.99609375,1.4988921416930159,1.0,0.20151881973236152,0.2134245353807298,-0.2276513701095657,1.0542389141721347,1.2511345545740964,2.7454965255207235,4290.528325570929,2007.921646720011,2.136800672765101,6299.670687805205
day_custom_segments_025.csv,20,2,681.4290364583334,675.78125,76.25906222489556,53.06317434662202,21.94012883668056,88.05025437695559,2641,1799.99609375,1.4672254063051353,1.0,0.20134241219910784,0.213106396773374,-0.22616999249172953,1.05253007991527,1.2491520656213144,2.744223350082636,4605.736924664821,2224.8734151459525,2.070111896394197,6831.0942382245175
day_custom_segments_025.csv,21,2,651.4810372918175,648.4375,68.01308688514307,45.83369882067845,17.27634914885911,92.0978456248209,2763,1799.99609375,1.5350033311704236,1.0,0.1992761738277876,0.21482611089125556,-0.2281419667898547,1.055748985926808,1.2569799846770449,2.75178349406746,3883.59304082044,1872.1164179206366,2.074439924592913,5756.336366676836
day_custom_segments_025.csv,22,3,655.0579251638748,648.4375,77.56395292282848,46.06559411435247,14.207650273224044,91.59495320202393,2747,1799.99609375,1.5261144229913692,1.0,0.1891093718299913,0.21677125793547955,-0.2412543158126084,1.056059063982064,1.2741628111907302,2.8027858695623906,4213.041038393824,1516.926977598026,2.7773525691163807,5730.624675364245
day_custom_segments_025.csv,23,1,695.9048597678917,687.5,88.9696273353861,56.557420019915064,27.438080495356036,86.21868227793678,2586,1799.99609375,1.4366697844396363,1.0,0.20922644331020446,0.21199470973088524,-0.21918539164181192,1.0558599987071902,1.2326640748002358,2.7091284345552302,4612.665947290365,2861.5782994724373,1.6119307125514473,7476.854426196662
day_custom_segments_025.csv,24,0,722.2910187600321,714.84375,92.59299222861186,70.48400275239516,38.1372942593336,83.06901019342993,2493,1799.99609375,1.3850030056488838,1.0,0.23775437763779764,0.20608203640359057,-0.1900909594674746,1.0543094810915372,1.158428711827159,2.5064034199473597,5372.906028138723,4499.889695536196,1.1940083850207577,9873.73957507261
day_custom_segments_025.csv,25,0,712.0478275930325,703.125,90.33948042709204,68.45874363708549,36.83168316831683,84.26400260614616,2527,1799.99609375,1.403891935529374,1.0,0.2385286055134297,0.20662556152534264,-0.1896840449364831,1.058219844849897,1.1647599338876882,2.5268680774505454,5275.274608375183,4385.112536909643,1.2029964029367584,9663.536219787205
day_custom_segments_025.csv,26,0,696.5127950851394,691.40625,82.8594427603677,66.31050627612353,33.95276809910956,86.14342826633329,2585,1799.99609375,1.4361142276784455,1.0,0.22838101069741723,0.20965664954298738,-0.20258715063709182,1.059599087627605,1.1751909026309544,2.550230936329885,4949.541960273386,4009.40506274609,1.2344828928019025,8961.218902876024
day_custom_segments_025.csv,27,2,651.4906283955089,648.4375,68.05352228928632,39.81964084365226,17.46376811594203,92.0964897803181,2762,1799.99609375,1.5344477744092326,1.0,0.2033815890571549,0.2147954829144075,-0.2226025333057508,1.0597080082815642,1.2623177313996063,2.759924983692334,3590.560356981497,1736.773454754038,2.0673740418781286,5327.714270511525
day_custom_segments_025.csv,28,3,650.4485267534345,644.53125,71.51841345369644,40.845523798735684,17.2875226039783,92.24404012332278,2767,1799.99609375,1.537225558215187,1.0,0.19856020035320052,0.21741061100080702,-0.2369574683491743,1.0615603433725633,1.2325728292841927,2.6753139003448667,3806.4960535463856,1821.1505088767976,2.0901600581568944,5628.512788183805
day_custom_segments_025.csv,29,3,651.3862803222303,640.625,74.27375990430264,52.62578244659119,14.958348424483884,92.11124307119114,2763,1799.99609375,1.5350033311704236,1.0,0.19127554043841122,0.21733166831149536,-0.2423411656667096,1.0565390365238962,1.2500972981190699,2.734033547273668,4141.914535711976,1961.185671668265,2.111944113985237,6103.445055347637
day_custom_segments_025.csv,30,3,667.9223505939124,664.0625,74.10118844523473,52.449019002166224,18.529520980319347,89.83080135984127,2695,1799.99609375,1.497225471409443,1.0,0.19984967439004078,0.2134365170422878,-0.2255804817965786,1.0526868163246195,1.2623002462425392,2.760595976870262,4508.896392804163,2007.5871348123799,2.2459281167019154,6517.282098848872
day_custom_segments_025.csv,31,3,674.4913675974512,664.0625,82.89617845528667,52.88222053338152,19.197600299962506,88.95591979734438,2669,1799.99609375,1.48278099561848,1.0,0.19418373649807452,0.21527861713559562,-0.23748158965859756,1.0507809198093256,1.229748386839701,2.666604128248451,4465.2955413219825,2238.769080447857,1.9945315398177277,6706.181649510365
day_custom_segments_025.csv,32,3,672.5394275700935,667.96875,76.00317276436164,44.0350049871389,17.68885564697083,89.21410037889068,2677,1799.99609375,1.487225449708007,0.999626307922272,0.19716943439750323,0.21429001915562318,-0.2300528778884608,1.0581291079197075,1.2722820826676342,2.8181453707246003,4556.352863460684,1624.9892505507687,2.803928002549166,6182.359033447296
day_custom_segments_025.csv,33,3,654.0923295454545,652.34375,66.43294884696911,42.752541360648614,13.45943979628956,91.73016910578288,2751,1799.99609375,1.5283366500361328,1.0,0.18664423878105532,0.21635534679055704,-0.24040521917482816,1.0531032984456654,1.2829042262738914,2.816371105364666,3972.009107508996,1395.6437085718262,2.846005096511047,5368.751997053691
day_custom_segments_025.csv,34,3,650.1154375903179,636.71875,81.91645884527068,51.61834635929075,13.11890133718829,92.29130171465039,2769,1799.99609375,1.5383366717375688,1.0,0.1842166429857067,0.21789358067342168,-0.24584069704859657,1.0566928953611538,1.279538975090791,2.8199696508030843,4278.73804131081,1683.1914730578605,2.542038805328315,5962.405292443382
day_custom_segments_025.csv,35,2,659.7666277044372,652.34375,72.66425833648589,48.31260440022713,20.506236243580336,90.94124722367566,2728,1799.99609375,1.5155588445287425,1.0,0.20441053989476796,0.21388595436129787,-0.22428583834601595,1.057154896346097,1.2393386436749374,2.70831000082639,4074.400335517555,2176.38803895863,1.8720927805995,6251.003358545231
day_custom_segments_025.csv,36,2,698.0727954016298,695.3125,75.4583210423731,57.3861283786934,25.504658385093165,85.95092144434528,2578,1799.99609375,1.4322253303501093,1.0,0.19910401978849768,0.21311359424730283,-0.23127554147576182,1.0538775291653524,1.2457130501448603,2.750748499894662,5033.867158229181,2619.672726872096,1.9215633718642582,7653.927940672995
day_custom_segments_025.csv,37,1,703.9319248826291,703.125,73.98534896200185,55.62801856750075,30.01956947162427,85.23551479783242,2558,1799.99609375,1.4211141951262916,0.9996089166992569,0.21485888176971601,0.21018127499699293,-0.21219629197675233,1.0580992700007639,1.2347725271148904,2.7238743009738156,4712.161716828496,2813.1489721532266,1.6750487668705778,7525.896372756782
day_custom_segments_025.csv,38,1,680.1613874716553,675.78125,76.11682595842855,56.762905474427114,24.38563327032136,88.21435780563243,2647,1799.99609375,1.4705587468722805,1.0,0.21086055848038976,0.21202289907762614,-0.2176469437729268,1.055809146674058,1.2319821345387796,2.6933903821031495,4307.126789481858,2649.3364931235483,1.625737916139066,6957.329159808432
day_custom_segments_025.csv,39,1,700.2948686770428,695.3125,100.09899698101849,66.91258029206256,26.858699883223043,85.67819454874571,2571,1799.99609375,1.4283364330217732,1.0,0.20935306447749602,0.21085213783407786,-0.21801308736397126,1.0494063487128074,1.2186565678933479,2.667484212863777,5448.550813195909,3171.4446548329497,1.718002805091644,8620.831669815736
day_custom_segments_025.csv,40,1,712.7374083795563,707.03125,79.85768097113045,57.46188032336003,29.013079667063018,84.18247631538375,2525,1799.99609375,1.4027808220069922,1.0,0.21322015262221533,0.2112449588329883,-0.21531527748053333,1.0583428959921135,1.2324475621236461,2.7177843172180327,4631.876656903962,2853.2467163580254,1.6233705379730485,7486.834109602822
day_custom_segments_025.csv,41,1,705.010775862069,699.21875,84.06721785521557,60.52742237475609,28.969031752254015,85.10508215513947,2553,1799.99609375,1.4183364113203372,1.0,0.21458851243478577,0.21020756050965592,-0.21291274488918946,1.0553498178319238,1.228052007443656,2.7048761498408482,4949.874326002216,3079.034200234144,1.6076061531326298,8029.083761528051
day_custom_segments_025.csv,42,0,722.7770456827309,714.84375,93.67014272417386,74.2591305535378,37.36440337484934,83.01315095490388,2491,1799.99609375,1.383891892126502,1.0,0.234469224846186,0.20679709995006124,-0.1947701259150325,1.0523884338260745,1.1565775665024975,2.5021181587178574,5522.393541457899,4615.695496859924,1.196438011392824,10139.942957384132
day_custom_segments_025.csv,43,0,670.7753658650261,664.0625,77.949760288285,50.46741485384663,24.058187243565836,89.44872315432235,2683,1799.99609375,1.4905587902751525,1.0,0.20971493188874965,0.21386299981410872,-0.22269447907956857,1.0566946810704707,1.2012857961251784,2.5917252190790063,4173.768332667522,2694.1988247100917,1.5491686412997523,6869.2925107150895
day_custom_segments_025.csv,44,1,678.1856624575952,667.96875,80.72464698132481,51.71901504041168,23.491704374057313,88.47134836583427,2654,1799.99609375,1.4744476442006167,1.0,0.20443400210002907,0.21379001779757867,-0.22504473369903635,1.0584375002527722,1.2419494734534318,2.7280308921521423,4161.652402278232,2453.448099545171,1.696246357544606,6615.8244540966225
day_custom_segments_025.csv,45,1,690.8932171658986,679.6875,87.73937158031076,55.06953377926581,25.893200153668843,86.8441005197952,2605,1799.99609375,1.4472253629022633,1.0,0.21703351761669054,0.21144005095367122,-0.21107552121406734,1.0633113481622085,1.2354169734154241,2.724978698590473,4438.558459694817,2741.7038894586344,1.6189051183682848,7181.253076223635
day_custom_segments_025.csv,46,0,682.557912082701,671.875,87.77600293246239,61.90623881990288,31.043643263757115,87.90462895217335,2637,1799.99609375,1.4650031792603717,1.0,0.22805532573966203,0.2103783121606513,-0.203511138261646,1.060098724285701,1.1789739071389853,2.550055559478541,4509.482622083537,3744.8431290191647,1.2041846525263245,8256.24276759516
day_custom_segments_025.csv,47,0,689.4441451149426,679.6875,89.1033334602692,59.76651500817236,31.659639708700656,87.02662924202066,2611,1799.99609375,1.4505587034694085,1.0,0.23359005714054246,0.20885557272512778,-0.19499922009174953,1.0595515524550758,1.1732202692804496,2.523755649706201,4601.8948389837615,3742.0950418334546,1.2297642864594494,8345.120748787536
day_custom_segments_026.csv,0,0,708.2533943329398,703.125,80.20208341051132,70.42109396268688,35.826771653543304,84.71544291928215,2542,1799.99609375,1.4122252869472374,1.0,0.23518513675072278,0.20803838836622873,-0.19265533431268483,1.0611892873580413,1.1802377124812804,2.5590883536093636,4987.042658905279,4278.161088248025,1.165697727606501,9265.60218977491
day_custom_segments_026.csv,1,0,677.3014090139255,667.96875,85.52005682455633,60.19825800424539,30.308734939759034,88.58685247289421,2658,1799.99609375,1.4766698712453803,1.0,0.22863201209110576,0.21085413922631613,-0.2021210976433334,1.0620485637467103,1.1842222615223843,2.549243366865754,4289.5696069374635,3571.1838820248336,1.2011617851795722,7861.498312253789
day_custom_segments_026.csv,2,0,693.4858688319198,683.59375,89.96872477388135,64.39565990032266,33.20478210566911,86.51942699432597,2595,1799.99609375,1.4416697952903543,1.0,0.23171827267916456,0.20880464136879584,-0.19880110953678534,1.056590985121475,1.1667799895767326,2.5130715282442906,4885.706345847368,3878.6864078427743,1.2596291197886946,8766.774386364556
day_custom_segments_026.csv,3,0,726.3543348809043,722.65625,87.43818255691536,68.91170850841618,38.933764135702745,82.6043118608741,2478,1799.99609375,1.3766696542310204,1.0,0.23243682073213834,0.20728555120478426,-0.19706050169137376,1.0554795198515274,1.1684948735478722,2.5457354580493328,5345.6924864375,4516.941971612331,1.18347601541787,9862.940315872773
day_custom_segments_026.csv,4,0,698.90625,691.40625,86.50867854998339,61.341305261133144,34.07148407148407,85.84842387659289,2576,1799.99609375,1.4311142168277275,1.0,0.22575052080027316,0.20929435650119407,-0.20508669912895272,1.056355282323348,1.181389784181096,2.5654039482722433,4807.800230656994,3925.484249371409,1.2247661499156113,8735.332382205283
day_custom_segments_026.csv,5,0,701.0372029606544,699.21875,76.46807942335651,62.481396493869035,34.09976617303196,85.58746917653596,2568,1799.99609375,1.4266697627382003,1.0,0.23366540528034827,0.20790386378085715,-0.1951085906499175,1.0586016737066297,1.174031267231464,2.542353869280395,4842.722607126567,3894.246421509544,1.2435583378540696,8738.702800867757
day_custom_segments_026.csv,6,0,695.8746373307544,691.40625,82.14161911586574,61.59214579374069,33.126934984520126,86.2224268298509,2586,1799.99609375,1.4366697844396363,1.0,0.22997478847814679,0.2086125009510685,-0.20063808358786284,1.0559639327821215,1.174875647157005,2.5388813497922444,4651.134460359141,3780.0020041665475,1.2304581995544919,8431.601795829958
day_custom_segments_026.csv,7,0,710.7785964652448,703.125,91.87696552277913,64.61559295791854,36.112208613196366,84.4144720991663,2533,1799.99609375,1.4072252760965194,1.0,0.24230417361726853,0.20636014104149272,-0.1851077832693048,1.059900726329397,1.162209798926747,2.5159604072667423,5146.3936332659805,4219.658294665213,1.219623313994977,9366.167514096387
day_custom_segments_026.csv,8,0,701.8554306476785,695.3125,88.18780150495817,66.0041744139395,34.42622950819672,85.48769074085736,2564,1799.99609375,1.4244475356934367,1.0,0.23584697523161685,0.20762291002681615,-0.19269682945588262,1.0588108769425773,1.1742375154104476,2.547442597021432,4923.750943927171,4051.1683810649,1.2153903468788678,8976.16723651844
day_custom_segments_026.csv,9,0,725.5575856854839,718.75,93.00995859532385,69.93880155160953,38.84630899556273,82.69502129636463,2481,1799.99609375,1.3783363245145932,1.0,0.23402205758452166,0.2060693587046727,-0.19303862743517952,1.0523720331353983,1.1639980351129025,2.5299894776713896,5597.072238892762,4580.610445788359,1.2219053126508472,10179.738106789824
day_custom_segments_026.csv,10,0,720.7860702123397,714.84375,85.58782627998575,67.14630762935899,37.83567134268537,83.24245220544331,2497,1799.99609375,1.3872252326936474,1.0,0.23705048902430434,0.20624113279455902,-0.1908476946716466,1.055237531088357,1.1664559329668531,2.5332269351913292,5241.923744228196,4311.67113329567,1.2157522181478337,9554.896825278975
day_custom_segments_026.csv,11,0,715.4650223658052,710.9375,83.82609545471473,65.33731621641618,35.79952267303103,83.86154196832702,2516,1799.99609375,1.3977808111562742,1.0,0.22986142617834335,0.20754459450708654,-0.2000012689666338,1.0529908899725207,1.171531492159224,2.541416008323839,5142.9177647059605,4116.781219662596,1.2492570020826768,9261.16521285984
day_custom_segments_026.csv,12,0,708.6919449369582,703.125,86.2135147494,65.18706332255951,35.59322033898305,84.66301956534487,2539,1799.99609375,1.4105586166636646,1.0,0.23425507460847664,0.20651418116396006,-0.19192816084393954,1.0479181891412617,1.1560992116933493,2.4756222690787344,5206.529091021135,4101.35388907398,1.2694659451093322,9310.4362046273
day_custom_segments_026.csv,13,0,705.5398005684045,699.21875,87.78955299710447,62.168285240315264,35.68627450980392,85.04126904203301,2552,1799.99609375,1.4177808545591462,1.0,0.23906217276882172,0.20756181971732665,-0.18885342118570408,1.0631538653587014,1.1771303741877452,2.558566050556451,4729.5860669506155,3995.720003984458,1.1836630350060464,8725.485305635144
day_custom_segments_026.csv,14,0,724.3514744363929,718.75,97.02091370186459,71.62402666445308,37.494965767217074,82.83271604670247,2485,1799.99609375,1.3805585515593566,1.0,0.23300810581370915,0.20642390115323309,-0.194830582205086,1.0532979940538838,1.1712251056341334,2.548929780103807,5817.9974029954665,4502.870284913577,1.2920641801492914,10321.004837801342
day_custom_segments_026.csv,15,0,693.8662986887775,687.5,81.9515742979204,59.09301543612763,27.276234567901238,86.47199051659378,2594,1799.99609375,1.4411142385291635,1.0,0.22053820860704984,0.210224395035199,-0.2063304969134542,1.0570150560301004,1.2062404562683584,2.618337600415346,4931.622477206771,3028.2425971446282,1.6285427336161462,7961.668799152026
day_custom_segments_026.csv,16,0,694.165641878858,687.5,78.14495738161858,60.666406312673125,28.05866460825936,86.43470143178143,2593,1799.99609375,1.4405586817679725,1.0,0.2125876200794616,0.21243954021184927,-0.21865238677048454,1.0589964674800612,1.2142609347490614,2.6469956810290998,4604.961187976787,3077.3145392960323,1.4964220033972282,7684.244277752415
day_custom_segments_026.csv,17,1,661.0187247428362,660.15625,64.62490859321892,50.57604243822612,21.021683204704154,90.76898695016922,2723,1799.99609375,1.512781060722788,1.0,0.21421699539282782,0.21287554082872118,-0.21299039272386852,1.0628611999985045,1.2407931572628357,2.706962815354618,3902.4737629348956,2278.435142377482,1.7127868554830907,6181.22067719086
day_custom_segments_026.csv,18,2,701.417824074074,699.21875,81.82543128509218,54.362299982257774,25.81903276131045,85.5410255352502,2566,1799.99609375,1.4255586492158185,1.0,0.20112493343087642,0.21150074586245196,-0.22547096163849228,1.049810264995966,1.2479791409919476,2.7606570058218876,5064.869627616432,2472.2111039595657,2.0487205237062436,7537.440017862492
day_custom_segments_026.csv,19,2,659.8581942406456,656.25,66.77377088186579,54.013913642435476,18.678899082568805,90.9286275804259,2727,1799.99609375,1.5150032877675517,1.0,0.19925771013187366,0.21369423577881425,-0.22565839805238583,1.0526245427042302,1.2617507431106385,2.7614612571782007,4229.746845687812,2151.2267660889256,1.9662022211529915,6381.065410575772
day_custom_segments_026.csv,20,2,681.5133759469697,675.78125,79.58254553889212,56.29377018923238,23.001136794240242,88.03935787266008,2641,1799.99609375,1.4672254063051353,1.0,0.2077187307788129,0.21184896262553118,-0.2194684613644917,1.053649295964131,1.2394725344475517,2.7152224349965253,4864.015649251622,2416.347427414362,2.012962040999383,7280.603337577279
day_custom_segments_026.csv,21,2,642.8635226866738,640.625,61.44893150847397,43.821359107333905,16.11865618298785,93.33240708579368,2800,1799.99609375,1.5555589313344864,1.0,0.20049622534134331,0.21539091592461046,-0.2295917344077371,1.0574897772885508,1.253224683336107,2.7282608691574466,3740.6970038953186,1749.5595345261233,2.1380792880011965,5491.582055220394
day_custom_segments_026.csv,22,3,657.5192457054094,652.34375,76.72884609627565,49.815303689628344,14.734917733089581,91.25208180884489,2737,1799.99609375,1.5205588553794605,1.0,0.1927833711954217,0.21501933981878496,-0.23256017967191248,1.0525906471465571,1.275350470701226,2.7998681688235894,4371.621038535524,1663.1606157060253,2.628502020341394,6035.521154591084
day_custom_segments_026.csv,23,1,689.3932590996169,691.40625,79.55926871226063,55.42023990991428,25.028746646224608,87.03305291723201,2611,1799.99609375,1.4505587034694085,1.0,0.20843542020814776,0.21284640014414347,-0.22189666649981563,1.0579457443086293,1.2277508166395277,2.6868051390202035,4374.255624120851,2574.919610386768,1.6987930832775833,6950.393619954437
day_custom_segments_026.csv,24,0,726.6350423899879,722.65625,94.27066101125236,73.81151361370688,38.12600969305331,82.5724008611709,2478,1799.99609375,1.3766696542310204,1.0,0.23637731122789346,0.20615383178712512,-0.1903464692093549,1.0544106846116188,1.1600367491451247,2.513090656259219,5500.276073460771,4717.077020579171,1.166034823994762,10218.382142938368
day_custom_segments_026.csv,25,0,699.262776914108,691.40625,87.58965422676764,61.16644547429422,34.72006220839813,85.80465310163353,2574,1799.99609375,1.4300031033053457,1.0,0.2255764962659429,0.21024615573583383,-0.20452826980790398,1.0600348668938389,1.1748697156323842,2.54438548449278,4908.459354608776,3892.840401346848,1.2608940641158943,8802.806237803974
day_custom_segments_026.csv,26,0,709.1067821245566,699.21875,94.26062947325075,69.17879871868986,36.00157728706625,84.61349053838387,2538,1799.99609375,1.4100030599024738,1.0,0.23181265324676747,0.2085932964851184,-0.1990565136380623,1.0572674820887713,1.1627590650817805,2.5127485577009856,5290.033041554302,4424.78563453526,1.195545610224781,9715.584457076158
day_custom_segments_026.csv,27,2,655.9011005286183,648.4375,71.79248063016318,42.969850812270124,17.39606126914661,91.47720586479193,2744,1799.99609375,1.5244477527077966,1.0,0.1998061273515234,0.21525442275639234,-0.2301291548715049,1.0606075978714042,1.260940633760626,2.772309445814542,3966.4293851400885,1734.7291329213335,2.286483411079001,5702.197771787378
day_custom_segments_026.csv,28,3,697.505695036836,687.5,86.00218295856865,54.7271520502072,23.739332816136542,86.02080302273566,2581,1799.99609375,1.433892000633682,0.9996124031007751,0.20405105807365917,0.21269274760281656,-0.2251519076983894,1.0500439871577354,1.2187677882596153,2.648126929051187,4869.052037581277,2684.069216102492,1.8140560639682661,7554.288622454777
day_custom_segments_026.csv,29,3,646.2682965158046,644.53125,63.85538078596051,44.76404236976398,13.151275601868488,92.84069839643246,2785,1799.99609375,1.547225579916623,1.0,0.18764637388274363,0.21753653733553602,-0.24204192248536402,1.056902568141963,1.282730044746764,2.8138096018986913,3746.722971519371,1500.6072186010624,2.4968045768913765,5248.483005996896
day_custom_segments_026.csv,30,3,640.2150591426539,632.8125,73.75129503052281,43.25310060989071,13.558718861209965,93.71850777822877,2812,1799.99609375,1.562225612468777,1.0,0.19019249962566165,0.2174996491153627,-0.2406115506163433,1.0550060839342428,1.2586750320697253,2.7352630464486105,3900.98290806538,1574.168462199446,2.4781228958270978,5476.868163587422
day_custom_segments_026.csv,31,3,670.8889704511558,660.15625,86.62373189168535,53.46700623694669,18.202163371876164,89.43357640780935,2683,1799.99609375,1.4905587902751525,1.0,0.19345955325221076,0.21577243330739718,-0.2363313650944691,1.0547647180899085,1.253077127737915,2.7440629929289204,4469.638103602991,2311.365308610936,1.9337653320967745,6783.92923811217
day_custom_segments_026.csv,32,3,652.5081043706928,648.4375,73.46133794616202,49.81773386016921,14.949201741654573,91.95288088853182,2758,1799.99609375,1.532225547364469,1.0,0.19043410645191894,0.21612132708364798,-0.23717975993315468,1.0551318710674185,1.2770690421422572,2.8032096773317794,4299.317297028562,1726.5967128756447,2.49005298398145,6027.0408440030305
day_custom_segments_026.csv,33,3,663.5956519734416,656.25,75.96816929074033,45.30071858227607,14.907749077490775,90.41650562593095,2712,1799.99609375,1.5066699363496883,1.0,0.19123082091124805,0.21637817520058794,-0.2382615462844934,1.0565988996256126,1.274657054955846,2.811505386152256,4280.200105739787,1559.27084397887,2.7450010511437415,5842.644137887867
day_custom_segments_026.csv,34,3,639.586295769641,632.8125,65.52107238572493,36.94296358666921,10.277382645803698,93.8106404043562,2814,1799.99609375,1.5633367259911588,1.0,0.1805553761125373,0.21951031802842816,-0.24974383435297798,1.0586392439847707,1.2923152417855424,2.840518153024687,3437.7951708408496,1167.821485707843,2.94376770158251,4606.3161796671975
day_custom_segments_026.csv,35,2,673.951796084676,660.15625,90.69162587263978,53.78410655663296,20.839580209895054,89.02713865972329,2670,1799.99609375,1.4833365523796709,1.0,0.20134676082622147,0.21306783319462216,-0.22827001827275806,1.0518966647951402,1.2385835453918643,2.71726616840285,4787.739854597359,2333.2304621123017,2.051978976077211,7122.05583652023
day_custom_segments_026.csv,36,2,723.3768966036978,722.65625,82.51929748105727,60.63341519799501,30.398069963811817,82.94431337481741,2489,1799.99609375,1.3827807786041202,1.0,0.2129701066646642,0.20829259610215972,-0.21167185996119314,1.051530881954698,1.2327326914842878,2.7348343290133044,5690.942173662983,2997.571676557571,1.8985174627078456,8689.040507070156
day_custom_segments_026.csv,37,1,704.5795198707909,695.3125,86.70621803319092,63.09589195134786,29.925577751664704,85.15717290647773,2556,1799.99609375,1.4200030816039098,0.9996086105675147,0.21985520081073748,0.2090556988087086,-0.20481543060117874,1.0552032187232403,1.2211444906408557,2.677541820971983,5269.914855974898,3290.5195401944384,1.601544920673377,8561.60618822968
day_custom_segments_026.csv,38,1,703.9349814162754,699.21875,86.48566022179146,57.10357390722781,27.436399217221137,85.23514469942035,2557,1799.99609375,1.4205586383651005,1.0,0.21449984968164582,0.21045260738911414,-0.21349326171981245,1.0554496178254045,1.2275908174953936,2.6998961999043636,4604.221197805889,2913.525166418899,1.5802922352872877,7518.098659728581
day_custom_segments_026.csv,39,1,684.0050123527176,683.59375,67.14001672959768,49.53759172737459,25.39923954372624,87.71865544321493,2632,1799.99609375,1.4622253954544173,1.0,0.21271232870651816,0.2117500161347659,-0.21445926754286188,1.0587107522127177,1.2319449866112056,2.6982533189837024,4158.359421493087,2429.0786947994866,1.7119080704943352,6588.3890683994305
day_custom_segments_026.csv,40,1,705.5637254901961,699.21875,85.88336233895029,56.877963471848076,30.2471557473519,85.03838538229061,2551,1799.99609375,1.4172252977979554,1.0,0.21898627528876355,0.2094724152746891,-0.20877952069396705,1.0543460652821823,1.205440208559687,2.632494666529945,5107.128588600977,3056.0113513708543,1.6711746133763674,8164.837742924708
day_custom_segments_026.csv,41,1,673.8954236891386,666.015625,76.11944854477338,54.07459596899803,22.96740352191832,89.03458591770674,2671,1799.99609375,1.483892109140862,1.0,0.20529927318468122,0.21370678946588859,-0.22263862739674295,1.0590134971920329,1.247187057930666,2.737769607519492,4059.2436408500794,2565.769486939463,1.5820765121390865,6628.751012829729
day_custom_segments_026.csv,42,0,688.0795889101338,683.59375,83.8356043979153,56.168423656025574,29.91583779648049,87.19921498475995,2616,1799.99609375,1.453336487275363,1.0,0.21950978439050714,0.21178418030553747,-0.21345881189434626,1.0573629472866144,1.1769433288122524,2.5316966177287985,4634.816886018075,3248.810392059647,1.4266196935795143,7884.6719519794715
day_custom_segments_026.csv,43,0,694.9641047297297,691.40625,75.04137954024063,56.80462426225564,30.590961761297798,86.33539429109636,2591,1799.99609375,1.4394475682455907,1.0,0.22188533353998469,0.21001308802072685,-0.20716488331659524,1.0552722457947339,1.1883913437511406,2.5712264377893033,4546.605183814282,3330.2398603180072,1.36524856302096,7877.6356468037575
day_custom_segments_026.csv,44,1,680.7875189250568,675.78125,76.69225951857364,57.62658453158481,24.914804998106778,88.13322561309322,2643,1799.99609375,1.468336519827517,1.0,0.2096702967532296,0.21349883190386548,-0.22110245127090183,1.0609708378625777,1.2324998667825557,2.695815691151114,4398.772363227354,2698.5247421089507,1.6300656038416108,7098.495660188181
day_custom_segments_026.csv,45,1,712.9107443541997,707.03125,81.59539832348918,57.937171748746565,29.40943321442727,84.1620083231483,2525,1799.99609375,1.4027808220069922,1.0,0.2117234726219399,0.21106037764120675,-0.21689756712427763,1.0575053440841735,1.2345087741407537,2.721719588349193,4763.196231737413,2973.9347506501504,1.6016478608671898,7738.080241003927
day_custom_segments_026.csv,46,0,722.5511420682731,718.75,86.36308183114248,70.05818877376771,37.56528726396143,83.0391047867594,2491,1799.99609375,1.383891892126502,1.0,0.23902241050566056,0.20672303659242192,-0.1887745008015967,1.0589984399109305,1.1667180110528963,2.525013080921777,5205.666845250772,4471.468618792465,1.1641962158411792,9678.479791487178
day_custom_segments_026.csv,47,0,736.0564136661211,730.46875,91.36504008898504,77.76833816834244,39.78714695047073,81.51549104932641,2445,1799.99609375,1.3583362811117212,1.0,0.24128542021957508,0.2055181871640654,-0.18718376901407122,1.0551573220553687,1.1444241565424547,2.475950979346124,5764.35057548444,5020.229397646397,1.1482245369478343,10785.774431028898
day_custom_segments_027.csv,0,0,713.9496975406585,703.125,96.94142328451025,71.86606110035346,36.82539682539683,84.03953416701754,2522,1799.99609375,1.4011141517234196,1.0,0.2311286277815704,0.20819698831369293,-0.19966408754774026,1.0558242409891996,1.1653125056268832,2.5245720798721805,5463.506536443066,4488.299419080548,1.2172776426672296,9953.594334255795
day_custom_segments_027.csv,1,0,732.5173045602606,726.5625,89.90320903270094,68.68588149131654,39.307535641547865,81.90932777488274,2457,1799.99609375,1.3650029622460118,1.0,0.24139276345542723,0.20486931683847506,-0.1850364869199396,1.055279275010682,1.15951073072015,2.519532709427853,5339.56944178581,4602.85641125842,1.1600556186644053,9942.555729181477
day_custom_segments_027.csv,2,0,709.2191811194324,699.21875,96.34611000324969,72.42456105453613,35.33123028391167,84.60008076106449,2538,1799.99609375,1.4100030599024738,1.0,0.23058442713987706,0.20747248849421723,-0.19565994266107883,1.055379507983514,1.176612634382562,2.549115566458043,5369.908438978336,4430.288997240254,1.2120898754739016,9802.136733252632
day_custom_segments_027.csv,3,0,685.0708658606245,679.6875,83.4133325549175,63.6882944246915,31.657142857142855,87.58218016558715,2627,1799.99609375,1.4594476116484627,1.0,0.23488440840013586,0.20877359406513293,-0.19311956099374958,1.0597186905863185,1.1751939119251562,2.5371241868411807,4587.600039550038,3750.08326327307,1.2233328482274775,8339.051744141467
day_custom_segments_027.csv,4,0,675.281425891182,671.875,76.24933827042587,58.49713827239828,29.542042042042045,88.85184413419462,2666,1799.99609375,1.4811143253349075,1.0,0.22808189099446333,0.21024091186019084,-0.20205423157196373,1.060844875424771,1.1879841162188198,2.5672309808633886,4329.093137581158,3375.8884644196432,1.2823566842352365,7705.841476007078
day_custom_segments_027.csv,5,0,692.0387620192307,687.5,82.28592609598354,61.358487770385885,33.47441323585995,86.70034583746725,2601,1799.99609375,1.4450031358574997,1.0,0.23617794456255717,0.20772064098433393,-0.1911889475790266,1.0603538111816282,1.1837055149001467,2.5727892905315035,4562.6661546242485,3768.4676066475363,1.2107484078079256,8332.009370523638
day_custom_segments_027.csv,6,0,674.9841757314329,671.875,69.5084527191522,55.64217144364832,29.868667917448406,88.89097279203949,2667,1799.99609375,1.4816698820960983,1.0,0.22558652284287695,0.21088345765851146,-0.20554331571184234,1.0595838017544423,1.1883781803074764,2.5625770841077222,4254.747827992773,3221.4468092051425,1.320756815178515,7477.362940658747
day_custom_segments_027.csv,7,0,701.5076754385965,695.3125,85.02591681837261,61.715328783363695,34.63338533541342,85.5300691649408,2566,1799.99609375,1.4255586492158185,1.0,0.23659497656646458,0.2075980917070976,-0.19193610659687713,1.0588147408642472,1.1685901483807914,2.5329923503969147,4909.507204081405,3974.527651234168,1.235242935737762,8884.94464092673
day_custom_segments_027.csv,8,0,720.7266000600962,714.84375,94.45196831178517,70.52059498079544,37.51503006012024,83.24932088672325,2497,1799.99609375,1.3872252326936474,1.0,0.2405823269006397,0.20559818448046976,-0.18627678481711257,1.0568015722187467,1.157466901038985,2.5148076622095314,5354.5363109189875,4545.569383993458,1.1779682276491446,9901.043233978091
day_custom_segments_027.csv,9,0,699.0867205710956,687.5,90.2697765463918,67.98534837098737,33.96813058686358,85.82626194213073,2575,1799.99609375,1.4305586600665365,1.0,0.22588228239976937,0.20970429716779815,-0.20443967700481153,1.0569612639180495,1.1746185502147446,2.539183015249201,5139.000247353531,4146.889041769694,1.2392422839364063,9286.70385878479
day_custom_segments_027.csv,10,0,688.7756628062787,683.59375,81.74262097248527,57.32429333065716,30.945997702029874,87.11109181114502,2613,1799.99609375,1.4516698169917903,1.0,0.22682432425238927,0.20950675413128333,-0.2023491015428096,1.0564114977878565,1.1886819123080745,2.5684782316636388,4643.08974218515,3441.0382319090954,1.349328147281047,8084.835045540349
day_custom_segments_027.csv,11,0,673.4743403817365,660.15625,91.64036126725911,60.373879812370895,24.7472856608012,89.09025393007697,2673,1799.99609375,1.4850032226632437,1.0,0.21584212482817214,0.21374726448321185,-0.22106957839766345,1.057779610895701,1.1739240210991773,2.52011216800225,4476.107742292701,3156.9508003738515,1.4178579348663376,7635.95054005477
day_custom_segments_027.csv,12,0,694.1987967785494,683.59375,91.43028971913972,67.13605284371648,32.72867618680046,86.43057331477931,2593,1799.99609375,1.4405586817679725,1.0,0.22261301393317412,0.21051326314468152,-0.2081860561892549,1.0597431186616377,1.1902548171802723,2.590322104579719,4882.254518767675,4023.7777493020367,1.2133509410688872,8908.374353873958
day_custom_segments_027.csv,13,0,716.8754982064568,710.9375,92.56037003270625,71.70552699758728,36.88197767145135,83.69654165906545,2510,1799.99609375,1.394447470589129,1.0,0.23370748174784065,0.20749869831431358,-0.19633514388503376,1.0557466948473022,1.1608302696319452,2.5181420357270423,5343.003680989306,4475.930184119327,1.1937191737141857,9820.904523906529
day_custom_segments_027.csv,14,0,757.6875,753.90625,91.0400103904756,79.39037187739808,42.502106149957875,79.18831972284089,2376,1799.99609375,1.3200028645895499,1.0,0.23296930996526954,0.2046572798421406,-0.19310601083772425,1.0506809527141505,1.1704977021553908,2.567071398089666,6406.992964901254,5051.105574395886,1.2684337855416004,11459.72777778426
day_custom_segments_027.csv,15,0,710.6798602883097,703.125,90.79788278034857,63.908837739791416,32.39826155669696,84.42619997091111,2533,1799.99609375,1.4072252760965194,1.0,0.22219176101860455,0.20984548684781443,-0.20912549395699123,1.0563159462443485,1.1873274871636597,2.586621872916616,5031.919527228265,3767.502054891909,1.335611621152157,8800.857562298776
day_custom_segments_027.csv,16,0,711.397785686042,707.03125,80.04770097670136,64.43429898028569,34.21677215189873,84.34099909678315,2530,1799.99609375,1.4055586058129466,1.0,0.22398598894674976,0.2087603817449154,-0.20404988460910445,1.0544443476478742,1.1920040315138343,2.593007338414456,5194.254230364809,3723.7575372572906,1.3948959292850744,8919.139602356167
day_custom_segments_027.csv,17,1,687.2538077731092,683.59375,72.71750608527704,59.06344351737611,26.748184944593046,87.30399063835885,2619,1799.99609375,1.4550031575589357,1.0,0.21418485063235496,0.2114710700466883,-0.2133175216070141,1.059644101151107,1.2352813081706708,2.7090536709093445,4625.150177111464,2834.5081688299574,1.631729351840484,7460.574276877831
day_custom_segments_027.csv,18,2,634.914487032463,632.8125,58.27433936566171,39.46095152233107,14.472290857747971,94.50091504516611,2835,1799.99609375,1.5750034179761674,1.0,0.19843103915881996,0.2161892736197955,-0.22837221372761862,1.0594243629068594,1.265034759597758,2.755399677935983,3455.3332953143026,1575.4031805513766,2.1933009517633244,5030.781221287567
day_custom_segments_027.csv,19,2,677.7461496797287,675.78125,68.21063753021934,52.02325585711331,21.409724839803996,88.52872130421281,2655,1799.99609375,1.4750032009618077,1.0,0.2033860433153464,0.2127360955956674,-0.22194281237101335,1.0557083450802809,1.2570902755256328,2.7693268620195677,4472.288167413461,2190.4277031843176,2.0417419670651107,6663.655915582856
day_custom_segments_027.csv,20,2,655.711894132653,648.4375,77.63442833771921,54.13306211657174,18.191760845789283,91.50360171423361,2745,1799.99609375,1.5250033094689877,1.0,0.19269426449600027,0.2159041625036995,-0.23727317193836678,1.0556907782595064,1.2623258507523591,2.773544389474661,4308.349850925442,2105.6325262426253,2.046107189754251,6414.613934304717
day_custom_segments_027.csv,21,2,671.3342467350747,664.0625,77.10265817785734,51.59060715908442,20.791340052258306,89.3742577438888,2681,1799.99609375,1.4894476767527707,1.0,0.2007661624214613,0.21369018293990813,-0.22753695357000478,1.0569071069677332,1.2572935638449596,2.7664049645362474,4506.436930537351,2200.5062450915852,2.047909175713243,6707.9379677663965
day_custom_segments_027.csv,22,3,620.174077904171,609.375,67.63265180063449,46.42355119479873,8.620689655172415,96.74702980615577,2902,1799.99609375,1.612225720975957,1.0,0.1818077472380931,0.21969647871782746,-0.24735090003375745,1.0569745205194498,1.282314061738575,2.797103060525633,3505.8223308218066,1392.660511540555,2.5173560259446726,4898.57524235747
day_custom_segments_027.csv,23,1,707.0189661949686,695.3125,94.88374680805622,58.35044188073118,29.807314195831697,84.86335285021804,2545,1799.99609375,1.41389195723081,1.0,0.21687691573884524,0.21001168120131633,-0.21133995616427315,1.0530270268859634,1.2056837768171853,2.631941393522529,5173.452352642924,3196.084737752426,1.6186843519928187,8371.385264847973
day_custom_segments_027.csv,24,0,702.1251950838861,699.21875,75.97919211995959,64.56753674307153,34.504293520686964,85.45484540379088,2564,1799.99609375,1.4244475356934367,1.0,0.23956552951490556,0.20670020400458092,-0.1866875864793452,1.0584765705442436,1.1773164413426151,2.5458392783532546,4949.817288112439,3908.2609699491336,1.2665012204077206,8858.268851744713
day_custom_segments_027.csv,25,0,724.8029562852538,716.796875,94.41828824115814,65.6049674864555,38.492543329302706,82.78111930932353,2483,1799.99609375,1.379447438036975,1.0,0.22273902779003882,0.2093537021094762,-0.20950490731192875,1.0559835632040873,1.1784694672850005,2.571630770178453,5139.245993193445,4509.3445913749465,1.1396880165297891,9649.267473667489
day_custom_segments_027.csv,26,0,699.0487810800311,691.40625,85.73815143109724,67.14965338021956,33.22969296541003,85.83091999287939,2575,1799.99609375,1.4305586600665365,1.0,0.2316732449809556,0.20882236289934478,-0.19790308641733986,1.0561306735637557,1.1688961446087724,2.5092963781006863,5025.450795774812,4068.819513182822,1.2351127346623612,9096.204716991888
day_custom_segments_027.csv,27,2,641.769142436675,636.71875,70.8150763787845,49.69324719072855,15.952890792291221,93.49156267032635,2804,1799.99609375,1.55778115837925,1.0,0.19867674035931077,0.21700930468501603,-0.23380309746677186,1.0584614490662263,1.23846727696483,2.6783441148026585,3789.525879493457,1985.0810969421266,1.9090030555078816,5775.029092851473
day_custom_segments_027.csv,28,3,657.2975657654366,648.4375,77.4711925159421,49.48085736233112,19.736842105263158,91.28285745304527,2738,1799.99609375,1.5211144121406512,1.0,0.2049305485934409,0.21514940765631108,-0.22859214415404974,1.0570336672834575,1.2116409610037617,2.6103412845212906,4183.906502054932,2290.9995448008376,1.826236286929795,6475.408775532427
day_custom_segments_027.csv,29,3,673.2925317994763,667.96875,71.44649558640107,52.12809149030643,17.664670658682635,89.11431089194011,2674,1799.99609375,1.4855587794244345,1.0,0.1944271659309079,0.21429005641779406,-0.2334105479405337,1.0546828848757923,1.269651053178997,2.8031502228764302,4692.150426088214,1872.9125179616876,2.505269403183196,6566.379683795223
day_custom_segments_027.csv,30,3,652.9121122097242,648.4375,72.57291546000705,42.53624777863079,13.030852994555353,91.89598244231559,2757,1799.99609375,1.5316699906032782,1.0,0.1883867655935602,0.21693502581194016,-0.24003516334044334,1.056423523621503,1.2787855117113276,2.821701340903974,4040.3352364092025,1394.4670430932947,2.897404608033386,5435.246696763472
day_custom_segments_027.csv,31,3,685.9130859375,679.6875,77.87362078028302,53.52307769619754,19.710255432710635,87.47463961558996,2625,1799.99609375,1.458336498126081,1.0,0.19050018013615094,0.2152212920949544,-0.24003508362080395,1.0506839493746176,1.2539249162069328,2.753040759157933,4738.691291549356,2144.778061194839,2.2094086923424925,6884.131905472652
day_custom_segments_027.csv,32,3,618.5477720006875,613.28125,61.09166833938323,36.303134337746606,10.797799174690509,97.0014002409717,2910,1799.99609375,1.6166701750654842,1.0,0.18646095187832973,0.2202284696161431,-0.24695607085717364,1.0613138958781902,1.2683096009878527,2.746915746182958,3305.110518328011,1282.214309211121,2.5776584261966877,4587.792288861505
day_custom_segments_027.csv,33,3,641.40625,628.90625,74.35203056988523,46.61598056229804,11.840228245363766,93.54445797807551,2806,1799.99609375,1.5588922719016318,1.0,0.18798440283838974,0.21731231677445356,-0.2402130163939921,1.054459146746244,1.2779405682421965,2.7955217467265743,3941.110397084388,1455.915319516136,2.706964027546733,5398.108642133791
day_custom_segments_027.csv,34,3,640.9548116316352,632.8125,69.85653718060168,43.251933069268,12.33071988595866,93.61034336767372,2808,1799.99609375,1.5600033854240134,1.0,0.17937754902498004,0.21890440946217235,-0.25115393421352383,1.0552775524042053,1.28830008886381,2.828161883231933,3789.9044841023406,1391.5298762229302,2.7235523640997115,5182.2479885090015
day_custom_segments_027.csv,35,2,667.932487003342,660.15625,75.30974666803914,49.77894589502016,20.319465081723624,89.82943810562068,2694,1799.99609375,1.4966699146482523,1.0,0.20084158381677916,0.21362754360572703,-0.22731157827617926,1.0535021453440505,1.2457509788390184,2.7223392270929208,4314.112372056841,2245.129383940443,1.9215428753977248,6560.132665836221
day_custom_segments_027.csv,36,2,657.2814896822498,644.53125,79.13542119507352,47.307115347554756,17.866276945560834,91.28509008979677,2739,1799.99609375,1.5216699689018423,1.0,0.20496368194343662,0.21389667193364106,-0.2230968069843036,1.0586585119034146,1.24564988095938,2.7280507516016264,4051.0144126997247,2002.0254433001317,2.0234580066185606,6054.0497897700025
day_custom_segments_027.csv,37,1,691.8132449058055,687.5,75.80466391495847,53.59414202522578,27.307692307692307,86.72860839513034,2602,1799.99609375,1.4455586926186905,1.0,0.2122938969334329,0.2117859201381821,-0.215468170341176,1.0611391937006103,1.2413070061699116,2.7335106180999325,4525.367306053249,2707.408895631735,1.6714753775666087,7233.8204765849805
day_custom_segments_027.csv,38,1,701.594480994152,695.3125,81.08819673400495,55.30139766046874,26.872074882995317,85.51948686224074,2566,1799.99609375,1.4255586492158185,1.0,0.20852972761111108,0.21224338030634798,-0.22116294534487824,1.057791050974501,1.2356212539645506,2.7196104055187944,4447.466029235468,2697.803716289185,1.648550634867141,7146.422852739154
day_custom_segments_027.csv,39,1,693.5257105009634,687.5,79.37897280874533,61.37491121441691,27.679259830377795,86.51445662578165,2596,1799.99609375,1.4422253520515453,1.0,0.21538511408196667,0.21051462651438763,-0.2117513242283978,1.055339066528081,1.2250555184423277,2.6826769416453398,4788.450272758302,3128.3149455160537,1.530680368235235,7917.31714678428
day_custom_segments_027.csv,40,1,675.2885698198198,667.96875,71.85205039474083,49.44594527332103,24.108148704468643,88.85090416384386,2665,1799.99609375,1.4805587685737165,1.0,0.2182702272278966,0.21194742021895419,-0.20873106866939223,1.061716949332211,1.2312067920965974,2.686616129117423,4116.296990850443,2451.5338838945167,1.6790699969079264,6568.913254153448
day_custom_segments_027.csv,41,1,690.8632152457757,683.59375,82.0348470999282,56.25010004473111,28.31348444102958,86.84787187381934,2605,1799.99609375,1.4472253629022633,1.0,0.2193641120184318,0.20988677457987906,-0.20673037274069536,1.055860314123349,1.2153711705625057,2.6516330674416237,4858.424366930821,2890.955690925438,1.6805599553743304,7749.83430743329
day_custom_segments_027.csv,42,0,744.5099167356227,742.1875,80.76186959792773,69.2205230835714,40.397350993377486,80.589927214235,2418,1799.99609375,1.3433362485595672,1.0,0.24059124477161742,0.20459687717663855,-0.185643741665724,1.0523566718326982,1.155937517909006,2.506748540147212,5754.318581606688,4513.565584024344,1.2748941993828469,10268.127359824886
day_custom_segments_027.csv,43,0,674.6011759745128,667.96875,78.44716556114003,58.50859133149983,28.6464191976003,88.94143997499772,2669,1799.99609375,1.48278099561848,1.0,0.22106295424880482,0.21238624126980324,-0.2124499130168588,1.059459071195214,1.1791393042153357,2.536476590396623,4337.597936471899,3300.372852357393,1.3142751229981895,7638.3213748527205
day_custom_segments_027.csv,44,1,722.8649809160305,718.75,80.23932773529678,60.231234682883496,31.87299035369775,83.00305255341969,2490,1799.99609375,1.3833363353653112,1.0,0.2223679559354801,0.2075185070769878,-0.19986419152021487,1.0545777513918773,1.2263231675756034,2.706481367447164,5119.240497712986,3119.451895959734,1.6410705048355922,8242.590941333534
day_custom_segments_027.csv,45,1,665.3843264607988,660.15625,66.1132736077554,49.35554668786342,21.568627450980394,90.17344955980852,2705,1799.99609375,1.502781039021352,1.0,0.20581310405499717,0.2149555536246728,-0.22447618372851097,1.0618605731311999,1.2475639442649173,2.7230464609322804,3715.0283613472166,2311.91962857137,1.6069020373527798,6027.048967212077
day_custom_segments_027.csv,46,0,724.9052553384367,718.75,88.32626754678714,72.9383123605388,38.694074969770256,82.76943718939903,2483,1799.99609375,1.379447438036975,1.0,0.2317896871259375,0.20714541741224046,-0.1967255136496866,1.0538801917450864,1.1687689700598798,2.5394591777785327,5539.621793962583,4635.05969217498,1.1951565161749063,10176.161647685516
day_custom_segments_027.csv,47,0,676.9912024840045,671.875,75.24747951200689,63.36591266834581,30.15813253012048,88.62744416744123,2658,1799.99609375,1.4766698712453803,1.0,0.2230515450998325,0.21078617577099323,-0.20756772675904614,1.0574926213768052,1.1888239030045,2.5668806502967434,4663.089283346016,3499.569982589125,1.3324749345049736,8163.520433281488
day_custom_segments_028.csv,0,0,702.8336709293245,695.3125,85.32478227247239,65.72422518848424,34.8046875,85.36870454806864,2562,1799.99609375,1.4233364221710552,1.0,0.23700181357490757,0.20726651835736234,-0.19224133379994154,1.0586418847966006,1.1695980011560168,2.5372924233119574,5042.869135521399,4026.4945540522967,1.2524216953047196,9070.957116648598
day_custom_segments_028.csv,1,0,711.2495057334914,703.125,91.3114482835534,66.10123722722396,35.91772151898734,84.35858234885337,2530,1799.99609375,1.4055586058129466,1.0,0.23220482465746806,0.20819187283108392,-0.1982746978181756,1.0587768795587624,1.1683551068828784,2.5291430447284164,4964.724805733604,4220.9952013710335,1.1761976900900046,9186.134599665353
day_custom_segments_028.csv,2,0,704.2899951076321,695.3125,89.80985408675272,66.8312057657186,34.299138606108066,85.19217994972453,2556,1799.99609375,1.4200030816039098,1.0,0.23066251935505963,0.20850525039880718,-0.19908740113370071,1.0581437222254508,1.1821983827889904,2.5683932276595978,4978.80824172674,4151.478870978664,1.199285458618519,9131.525341829474
day_custom_segments_028.csv,3,0,709.7987549309664,703.125,94.08025638783104,64.24067363843298,35.55643251775849,84.53100203850805,2536,1799.99609375,1.408891946380092,1.0,0.23540230326725947,0.20681259536495156,-0.19173229559525312,1.053832591580411,1.162279677619095,2.5080837022943414,4978.333600760676,4195.710653893246,1.18652929418315,9175.213473600961
day_custom_segments_028.csv,4,0,718.1683507984031,714.84375,81.04825775358772,64.86126290882387,37.97923322683706,83.54587045404705,2506,1799.99609375,1.3922252435443654,1.0,0.24446266380381404,0.2050069302659656,-0.18071203532828586,1.0591441547643532,1.172839942004136,2.555376238803611,5140.50436841442,4259.819583339252,1.2067422734332809,9400.623706766337
day_custom_segments_028.csv,5,0,733.0845850305499,726.5625,88.04371335686713,74.5572386144304,40.46454767726161,81.84594414503971,2456,1799.99609375,1.364447405484821,1.0,0.23514419945224802,0.20653450087817826,-0.19419919797975266,1.0558245180005512,1.1622379839309562,2.5277787401255787,5639.465171579161,4779.4557904579315,1.1799387668441703,10419.995698121718
day_custom_segments_028.csv,6,0,707.5998229740362,703.125,82.6764653112275,62.626745822936904,35.53719008264463,84.79368995291787,2543,1799.99609375,1.4127808437084282,1.0,0.23801972813505118,0.20736559533281462,-0.1911890181168805,1.0599494864292112,1.1691846104583177,2.5316132274786107,4962.425561356742,4045.131391791926,1.2267649875171225,9007.854968044408
day_custom_segments_028.csv,7,0,709.9728796844181,703.125,86.03937061130357,71.17048212224226,36.30623520126283,84.51027034535447,2536,1799.99609375,1.408891946380092,1.0,0.23485360703930744,0.20804231654597982,-0.19297662114408964,1.0625522812081418,1.1870197535026787,2.588422042175138,5149.582418173963,4288.583843230257,1.2007652424244508,9439.305622984131
day_custom_segments_028.csv,8,0,706.8209724950884,703.125,78.81596502578107,63.89491207836228,35.338050314465406,84.88712465364337,2546,1799.99609375,1.4144475139920007,1.0,0.232344676030508,0.20777235069195057,-0.1961040990014423,1.0546250917111095,1.167738172815253,2.5150465251915946,4960.201790757033,3988.54356015865,1.2436122900359485,8949.11016309303
day_custom_segments_028.csv,9,0,711.444123171214,703.125,94.69334169361717,64.21810800823077,35.60126582278481,84.33550583361918,2530,1799.99609375,1.4055586058129466,1.0,0.23137556864783365,0.20818178669157758,-0.19937364596058044,1.0550527525480997,1.1654516955719771,2.51877359859759,4908.20421917929,4185.988568338661,1.1725316825524115,9094.395855627114
day_custom_segments_028.csv,10,0,712.5201113861386,707.03125,89.01756538684816,68.14409054968415,35.8161648177496,84.20814941388227,2526,1799.99609375,1.4033363787681832,1.0,0.24007920428497434,0.20654105667822856,-0.18624673127160407,1.0595891186195814,1.1657161902420898,2.5198779407708733,5138.8172596805125,4289.839793416026,1.197904235856892,9430.793305669236
day_custom_segments_028.csv,11,0,664.3812892355983,664.0625,71.29020016956417,51.092101490709,22.977465829331365,90.30958723872673,2709,1799.99609375,1.5050032660661157,1.0,0.21459599235830565,0.21420608877279088,-0.22007412867218842,1.060844518078878,1.195714129041273,2.578634335902288,3859.521147327342,2644.1393266864693,1.4596512023305297,6504.36416913654
day_custom_segments_028.csv,12,0,709.859966949487,707.03125,79.04137198451798,64.64755076128931,36.12317410185551,84.52371283570291,2535,1799.99609375,1.4083363896189012,1.0,0.2422550794444334,0.2059563097821231,-0.18370702056890095,1.0580167206820166,1.1684939823047373,2.523150509398921,4920.39570523202,4098.997446989074,1.2003900389950977,9021.29119656856
day_custom_segments_028.csv,13,0,700.5786360981308,691.40625,91.28906278415941,65.41528921471475,33.96961433580054,85.64349083518975,2569,1799.99609375,1.4272253194993914,1.0,0.22629714891588246,0.20893131086047806,-0.20357165363482452,1.056554822800789,1.1831259435040646,2.564966194688472,5026.296609822047,4024.129715068913,1.249039411180107,9051.163676031658
day_custom_segments_028.csv,14,0,697.2194643549012,691.40625,83.01378439735757,57.7637741021071,31.472868217054263,86.05611728799725,2583,1799.99609375,1.4350031141560637,0.9996127033307514,0.22377035181567106,0.20988920465367927,-0.20597136280115538,1.0597428438463499,1.203851873099792,2.6279409193148306,4650.656624192101,3390.176755345522,1.371803584240584,8041.150544070917
day_custom_segments_028.csv,15,0,687.3597450343774,683.59375,73.19964721974956,59.69663428387161,31.066106228505923,87.29053517237786,2619,1799.99609375,1.4550031575589357,1.0,0.22432724346458388,0.21060795274704266,-0.20583916883888495,1.0571243023781927,1.1812173951560385,2.54742518038494,4484.892638553236,3377.122875777275,1.328021752101927,7863.439635451408
day_custom_segments_028.csv,16,0,728.8131837520259,722.65625,90.42776795974207,69.14141088123053,33.2792865828942,82.32562381914131,2469,1799.99609375,1.3716696433803024,1.0,0.22709772975963435,0.20808407226880282,-0.1994757406617727,1.0580638758819476,1.1904477274623557,2.601209820368364,5513.902777056736,3837.6432246216355,1.4367940046329783,9354.024303501443
day_custom_segments_028.csv,17,1,696.6680383423702,695.3125,73.64058814335782,55.380972123733045,27.663696241766754,86.12423234279858,2583,1799.99609375,1.4350031141560637,1.0,0.212804783348688,0.21176143613998308,-0.21712550120044474,1.0548634008392428,1.207484997896712,2.623719003183425,4650.061232937343,2757.808100415902,1.686143873548008,7409.333104226238
day_custom_segments_028.csv,18,2,640.3983290316838,636.71875,64.07055190502058,46.029046047610905,15.242165242165242,93.69168731393034,2810,1799.99609375,1.5611144989463952,1.0,0.19319926012755376,0.21636819681747432,-0.23676907135269248,1.0559189479817161,1.2638078797347068,2.765079830357369,3679.4554777327903,1763.74572593474,2.0861598265718113,5443.964141881042
day_custom_segments_028.csv,19,2,673.2106949120838,667.96875,79.32362393828318,54.56079271876909,20.209580838323355,89.12514381227344,2674,1799.99609375,1.4855587794244345,1.0,0.2020221477378344,0.21341549096050152,-0.22602559788827006,1.0565600181016779,1.2576206377964494,2.766996640866281,4455.820745789897,2263.158865130899,1.968850183008331,6720.967066805546
day_custom_segments_028.csv,20,2,724.5802708417237,722.65625,74.94342450546418,60.3782147244786,30.459307010475424,82.80656045230124,2484,1799.99609375,1.3800029947981658,1.0,0.20987889585020092,0.20932489572166135,-0.2178923181085877,1.0526118421509867,1.2387144683935865,2.7551696678524054,5629.803463830218,2776.034812362256,2.0280017522689344,8406.204795958316
day_custom_segments_028.csv,21,2,666.2731481481482,660.15625,74.66645219438979,49.970584115791354,18.821785846609856,90.0531563770281,2701,1799.99609375,1.5005588119765885,1.0,0.20302649271614254,0.21326599401510088,-0.2216748514294448,1.0557256267269437,1.2583275042179045,2.764166275136789,4175.69749298597,2011.5510368324617,2.075859581251955,6188.764200371463
day_custom_segments_028.csv,22,3,632.8784514597256,628.90625,60.940674841846715,42.47251146952846,10.239268121041519,94.80493428336959,2844,1799.99609375,1.5800034288268854,1.0,0.18043099051174638,0.2189216234774992,-0.24979537098311788,1.0535823973673648,1.283629588057427,2.8086913264388618,3567.859937332904,1298.3784703202857,2.747935227586437,4866.987078752944
day_custom_segments_028.csv,23,1,676.9113877915726,671.875,77.6164480909126,57.22500788369848,21.565675573955588,88.63789423863936,2659,1799.99609375,1.477225428006571,1.0,0.20178858561482704,0.21435766149839205,-0.22963821368926965,1.056162658869155,1.239025743068169,2.715934736205132,4225.154945687286,2435.339184738841,1.7349349003064556,6661.975026762875
day_custom_segments_028.csv,24,0,719.0746104674391,714.84375,88.48767391637791,65.1094122586993,37.09032773780975,83.44057643892698,2504,1799.99609375,1.3911141300219836,1.0,0.23088448340969153,0.20833188838428024,-0.20025763171444574,1.0544452812466298,1.1590790722198983,2.4986786337883946,5157.724531768999,4264.160681428164,1.209552105818292,9422.800877637352
day_custom_segments_028.csv,25,0,697.5359877859636,687.5,90.4890396590203,65.51619601870033,33.74709076803724,86.01706729203309,2580,1799.99609375,1.4333364438724912,1.0,0.2314923806634294,0.20915515048965072,-0.19797299794134635,1.0615143370135645,1.1823081191896212,2.5652987562083136,4743.6609696015985,4018.5223727933226,1.180449062998304,8763.910600783489
day_custom_segments_028.csv,26,0,720.6475896075291,714.84375,85.63733961347013,66.0000397949573,37.4599358974359,83.25844818641039,2498,1799.99609375,1.3877807894548382,1.0,0.23616323130449024,0.20663582262610142,-0.19291787343247713,1.0522865705153412,1.152877091136408,2.482144869552837,5310.300891479634,4351.944715497608,1.2202133158009214,9663.628781853582
day_custom_segments_028.csv,27,2,686.0489368802441,679.6875,78.421103207603,56.72221518048848,23.15909958031286,87.45731794709205,2623,1799.99609375,1.4572253846036993,1.0,0.206928985889434,0.2122769650098977,-0.2203204030424685,1.0562048622979558,1.2516132702211802,2.751287356031636,4665.691634622985,2440.9997061335243,1.9113855781708842,7108.372856752007
day_custom_segments_028.csv,28,3,691.9546274038462,687.5,74.12490299801689,54.84984945512372,23.816852635629086,86.71088771400345,2601,1799.99609375,1.4450031358574997,1.0,0.2033977420244997,0.21260672200765732,-0.22413259373609204,1.0535605711127898,1.2437233861124557,2.729498977172416,4771.396011781373,2556.537780301177,1.8663506749426058,7329.000329482732
day_custom_segments_028.csv,29,3,676.1555806087937,675.78125,67.29883405381895,44.92589727415756,19.097744360902254,88.73697373905794,2662,1799.99609375,1.478892098290144,1.0,0.1960768275138562,0.21330772099060294,-0.2299961159968727,1.0504706287629253,1.261005662911657,2.774109710012238,4613.84812237254,1747.5133670223731,2.6402362405010833,6362.368822977083
day_custom_segments_028.csv,30,3,643.0932809149392,636.71875,63.89442168229708,49.71608638441775,12.69217018233822,93.2990621743661,2799,1799.99609375,1.5550033745732954,1.0,0.1882615827924797,0.21724786282121714,-0.23995284958815516,1.0560321043294398,1.2792520905989089,2.796263080804334,3841.1604535688184,1656.0598748590114,2.319457473659179,5497.261027899916
day_custom_segments_028.csv,31,3,695.3487248840804,691.40625,75.79543201883965,50.3006104771458,21.492075763432545,86.2876393567881,2589,1799.99609375,1.4383364547232091,1.0,0.20008267591847698,0.2123767653665915,-0.225230997054889,1.053761803494117,1.2668093502496665,2.8039461541327007,5038.601205720414,1950.6238191298203,2.5830717108581966,6989.5853511397645
day_custom_segments_028.csv,32,3,667.9760025993317,660.15625,79.21730243111041,46.94556507577873,17.087667161961367,89.82358612662537,2694,1799.99609375,1.4966699146482523,1.0,0.19275224648437767,0.2143814703767098,-0.23478544918617797,1.052842004524981,1.270949897497979,2.803722460684735,4573.0365067877265,1719.398166062414,2.6596727837976104,6293.40422052033
day_custom_segments_028.csv,33,3,628.6291819531796,621.09375,70.3859096660259,36.29133824005148,9.996504718629849,95.44577586038443,2863,1799.99609375,1.5905590072895124,1.0,0.18407200845277477,0.2191952826323405,-0.24666336471463607,1.0567545442744526,1.2806808667843774,2.7949445209122072,3475.7153957514447,1155.0644848591521,3.009109397191163,4630.9420554552535
day_custom_segments_028.csv,34,3,631.644326956827,625.0,67.60504723038075,37.17371113992271,10.74438202247191,94.99016683815006,2850,1799.99609375,1.5833367693940308,1.0,0.18205690723374116,0.21934762402726182,-0.2492461577256594,1.0572455820973257,1.2820495016893576,2.801591109696363,3519.213073218234,1204.8678871316217,2.920829006071592,4724.651822794322
day_custom_segments_028.csv,35,2,670.2406040424739,660.15625,84.25792738360113,52.587350674016584,22.325754752143123,89.52009120026057,2685,1799.99609375,1.4916699037975343,1.0,0.20165659836758537,0.2138864273481526,-0.22815977393534537,1.0545181885202104,1.23749741270234,2.703086470219113,4420.735835038342,2504.1047055740846,1.765395762085298,6925.6149539260105
day_custom_segments_028.csv,36,2,658.7307261163983,656.25,67.96314353414064,46.52588971851789,18.747711461003295,91.0842588954898,2733,1799.99609375,1.5183366283346968,1.0,0.19581560346222585,0.21533402199093532,-0.23371906309541882,1.0572587312485169,1.2633841961562846,2.779080562311148,3919.83656144464,1946.510265461168,2.013776464988717,5867.699296852847
day_custom_segments_028.csv,37,1,716.772762345679,714.84375,82.30224836380411,60.11588447221846,31.83266932270916,83.70853798021933,2512,1799.99609375,1.3955585841115106,1.0,0.22109230688274742,0.20865899721324235,-0.20485687617457335,1.058356484668082,1.2262696501700636,2.7100858457888406,5208.824797864551,3238.3649416136914,1.608473687115996,8447.454651081041
day_custom_segments_028.csv,38,1,674.6988657667791,671.875,72.05383852806814,53.89770013983752,23.74343585896474,88.92856212498806,2668,1799.99609375,1.482225438857289,1.0,0.21569518028114185,0.21263624687187824,-0.21385970066995888,1.0628189136937387,1.2373039349726922,2.7027306667997126,4165.565083513196,2586.5765945097637,1.610454951287727,6753.888193941968
day_custom_segments_028.csv,39,1,695.7399821152359,683.59375,101.23609712595712,59.95964971009344,27.350096711798837,86.23911452894217,2587,1799.99609375,1.4372253412008273,1.0,0.2104854148472249,0.21147871333140647,-0.2214987006891,1.0531094721038474,1.2048388934727106,2.6385644361568583,5155.452514188166,3220.3368951096136,1.6009047134221295,8378.542637551069
day_custom_segments_028.csv,40,1,698.962279040404,691.40625,82.34508799624606,57.09014328383934,27.866303925378933,85.8415422394084,2575,1799.99609375,1.4305586600665365,1.0,0.21564876333277724,0.21010897018218522,-0.20788870138848958,1.0546549402880587,1.2287489139918455,2.69376777825854,4776.894973818922,2933.8683191433565,1.6281899711210286,7711.758072157776
day_custom_segments_028.csv,41,1,669.3841843377976,667.96875,67.94397100719749,54.74639743720083,22.59024934871604,89.63462448602108,2689,1799.99609375,1.4938921308422979,1.0,0.20555590104564034,0.21423074765503217,-0.22338126024581825,1.05961385249888,1.2429964178618087,2.719244418800772,3875.1660137599197,2465.2284045381944,1.5719298084616407,6341.756909987129
day_custom_segments_028.csv,42,0,682.7713035849772,671.875,89.06944859948615,59.04897091805965,29.07020872865275,87.87715547645661,2637,1799.99609375,1.4650031792603717,1.0,0.2211738087653878,0.2114696480616541,-0.2112896856229446,1.0582393453566625,1.183276741450896,2.5494084889317343,4611.178730851163,3456.085550860231,1.334220077307816,8068.380828894789
day_custom_segments_028.csv,43,0,683.820909350057,679.6875,76.49507645964088,56.127600544867335,30.190114068441066,87.74227166733974,2632,1799.99609375,1.4622253954544173,1.0,0.23027461223442267,0.2097691807412874,-0.19788161526059875,1.0626597622481941,1.1911365850884046,2.5805439911954733,4286.108266663193,3387.0014666542147,1.2654580486193718,7674.331889916475
day_custom_segments_028.csv,44,1,695.5919494392884,691.40625,80.65636392812097,51.042987596231406,25.647969052224372,86.2574675402232,2587,1799.99609375,1.4372253412008273,1.0,0.20946146328112356,0.21227549904885107,-0.21883436660518363,1.0587625031570784,1.2437510754280012,2.7370134374043356,4252.850369197595,2496.236426142439,1.7037049554515717,6749.199742699817
day_custom_segments_028.csv,45,1,667.8383000927644,660.15625,73.72675826682999,50.793461836861475,22.383073496659243,89.84210697659277,2696,1799.99609375,1.497781028170634,1.0,0.21052033363058853,0.2131221786653464,-0.21628114294730966,1.0587010824301388,1.2369366308839604,2.6946111473684264,3976.8876289840664,2452.133804031264,1.6218069431799091,6430.0254424427985
day_custom_segments_028.csv,46,0,685.8529117422798,679.6875,80.62855402860329,61.579084661258676,31.84591914569031,87.48231431660956,2624,1799.99609375,1.4577809413648901,1.0,0.23061570602257248,0.20991538541617275,-0.20100450361216246,1.0622963417477052,1.171227305284509,2.535015018053295,4663.820653841256,3608.3649539548546,1.2925024805846195,8272.829740396206
day_custom_segments_028.csv,47,0,706.1880641679749,703.125,78.30680710778492,61.95170536503171,35.02159403219474,84.96320320946167,2549,1799.99609375,1.4161141842755736,1.0,0.24128401707083783,0.20645559020529736,-0.1849547447130658,1.0588588808732675,1.16918811443691,2.5235443205301435,4913.87255772352,3986.2912622695353,1.2326928050224508,8901.294587519473
day_custom_segments_029.csv,0,0,730.2927785105519,726.5625,90.05481564509377,74.42514027537,38.976857490864795,82.15882967153436,2465,1799.99609375,1.369447416335539,1.0,0.2410596305693514,0.20545556262787618,-0.18424713113038765,1.0572099872172331,1.165634197073563,2.5257249165950033,5609.505919405834,4747.10638047947,1.1816684670208,10359.116561270468
day_custom_segments_029.csv,1,0,689.0319800842589,679.6875,86.00952661173247,63.10689056069727,32.18390804597701,87.07868681605004,2612,1799.99609375,1.4511142602305995,1.0,0.23347786656167424,0.20843463386870417,-0.19520511620845338,1.0558917751958024,1.164535613327273,2.4970940893754343,4847.357860991756,3835.8165260580226,1.2637095200101425,8685.4106984759
day_custom_segments_029.csv,2,0,678.8859156921916,675.78125,72.35082576889273,61.09372926518492,30.339622641509433,88.38009246196255,2652,1799.99609375,1.473336530678235,1.0,0.2293651148699625,0.2106364990780788,-0.2022038549570872,1.0600040554943306,1.176885237582496,2.5334246949506416,4351.689880826119,3489.499270847533,1.2470814701643933,7842.719138561895
day_custom_segments_029.csv,3,0,693.9265570767451,687.5,80.4397182306652,61.002764359917535,33.101851851851855,86.46448156236839,2594,1799.99609375,1.4411142385291635,1.0,0.23122491623793895,0.20939428485257797,-0.19876026049095605,1.0604653731502376,1.1765266493109512,2.541472366581448,4590.5552963873915,3729.6286624852414,1.230834410557235,8321.941824540938
day_custom_segments_029.csv,4,0,709.7848865877712,707.03125,86.00303539191444,69.22823407137675,36.621941594317285,84.53265367264264,2536,1799.99609375,1.408891946380092,1.0,0.2308263604693278,0.2079521204587674,-0.19895688877129405,1.0549291057628587,1.1694606784792554,2.534219674502529,5220.492835937886,4283.979420326119,1.218608290032466,9505.823997559315
day_custom_segments_029.csv,5,0,742.8503690132122,734.375,96.33942358143231,78.63529260874043,41.18133002891367,80.76996728116703,2423,1799.99609375,1.3461140323655216,1.0,0.23376354355805384,0.20653144380753338,-0.19541124358859094,1.0566940556532134,1.1623369827199124,2.5378101671528133,5968.757308194365,5195.190225610108,1.1489006271167694,11167.650997334356
day_custom_segments_029.csv,6,0,692.1454326923077,683.59375,86.40355766564942,59.6322259716647,32.7048864948057,86.68698392852491,2601,1799.99609375,1.4450031358574997,1.0,0.23117358068829874,0.20848990873692272,-0.19724382422695244,1.055804798027411,1.1748871334282107,2.53478827776993,4695.733825055207,3764.4322072006594,1.2473949766111183,8460.544075834452
day_custom_segments_029.csv,7,0,711.1397603754941,699.21875,92.00807449088575,68.18924815655173,35.98260181890075,84.37160083457991,2531,1799.99609375,1.4061141625741376,1.0,0.23650357151352855,0.20778393778390158,-0.1927620947491695,1.060926360650155,1.1695192593501635,2.5384683647220636,5122.259290181801,4258.959484151722,1.2027020471179772,9382.035053406013
day_custom_segments_029.csv,8,0,723.1523814308682,718.75,88.72152861135659,70.52430834369454,38.23884197828709,82.97006487246958,2489,1799.99609375,1.3827807786041202,1.0,0.23670354595260545,0.20658108374464706,-0.19038831319835395,1.056033761834076,1.1678395284206944,2.5283530719404133,5344.968175680113,4522.267879939456,1.1819220615811177,9869.870344352948
day_custom_segments_029.csv,9,0,738.3469686089454,734.375,90.31224031792593,73.80446840984355,40.927750410509034,81.262607623406,2438,1799.99609375,1.354447383783385,1.0,0.23450841114485954,0.2060931886440773,-0.19382607634936375,1.0535594044579164,1.159576903185973,2.5151300368369074,5563.760338718976,4833.0728906215545,1.1511848599501364,10398.19542828784
day_custom_segments_029.csv,10,0,668.7267657992566,660.15625,80.3333348279789,56.915702790627606,26.32949051692079,89.72274338127995,2691,1799.99609375,1.4950032443646797,1.0,0.22687274380829778,0.2110726679314317,-0.20392555859715972,1.057015245283338,1.174237741273037,2.5151522252803606,4297.656060241381,3079.9167088508775,1.3953806113947946,7377.834564071117
day_custom_segments_029.csv,11,0,707.5304758159654,703.125,84.16550707941875,65.96761481846123,33.005507474429585,84.80200083368071,2544,1799.99609375,1.4133364004696192,1.0,0.22273809580340326,0.209607533811227,-0.20675242669384863,1.0554720249547467,1.1836131283016205,2.5724612410071894,5212.351840706945,3662.730573762095,1.4230781477746506,8877.100473844246
day_custom_segments_029.csv,12,0,695.3985673560109,687.5,88.37425226505052,68.69292949014535,33.217324052590875,86.28145471758337,2588,1799.99609375,1.4377808979620181,1.0,0.2344740744283042,0.20873604992170067,-0.19584022989698846,1.0603562368140433,1.1639662820218803,2.5143052255112424,5013.042977858821,4091.8490553321753,1.2251290089320912,9106.80725123503
day_custom_segments_029.csv,13,0,728.3938512145749,722.65625,91.82345913942231,68.78287323274971,37.78857837181045,82.3730182509803,2471,1799.99609375,1.3727807569026842,1.0,0.23932154472082767,0.2063219945462493,-0.1873345687248682,1.0574270703296698,1.1653316060495824,2.523217418484458,5252.276759901657,4621.587236900825,1.1364659998117366,9874.673248299601
day_custom_segments_029.csv,14,0,717.3684833532695,707.03125,97.2971026087498,67.53402208047216,34.98205025927403,83.63902428433406,2509,1799.99609375,1.393891913827938,1.0,0.23796039638186547,0.20637772877544494,-0.19247343305027156,1.055562215757325,1.156549855215853,2.5056041257771047,5665.120558524818,4127.668570726277,1.372474669769337,9793.225826132351
day_custom_segments_029.csv,15,0,707.4135834316038,703.125,80.21890389239739,61.034585593822655,32.1274085725521,84.81601344003751,2545,1799.99609375,1.41389195723081,1.0,0.22534894685063833,0.20868758517704603,-0.20225959769827473,1.0538736834335354,1.1885966477740395,2.5718635264782557,5029.544864881654,3491.584282388987,1.4404764307852749,8521.326261056554
day_custom_segments_029.csv,16,0,681.9960078658074,675.78125,75.51208530290369,60.13961070474881,27.64505119453925,87.97705456921952,2639,1799.99609375,1.4661142927827535,1.0,0.21327085388298136,0.21334362698965254,-0.22058076174967794,1.0576956500989858,1.1951746171130604,2.5829971216460836,4359.932479069626,3131.6972369364003,1.392194758690899,7493.01144853758
day_custom_segments_029.csv,17,1,702.0516198282592,695.3125,81.57441039082318,57.789490441877895,31.159703240921516,85.46380110151676,2563,1799.99609375,1.423891978932246,1.0,0.22441578028472858,0.20859554577932007,-0.20181765147744718,1.053124640133368,1.1949510247213175,2.5951640189291063,4909.749400091661,3266.875916693699,1.5028882410265103,8177.589754422093
day_custom_segments_029.csv,18,2,688.6017628205128,683.59375,81.8073001740476,54.465179768196826,22.396630934150078,87.13309090909091,2614,1799.99609375,1.4522253737529813,1.0,0.1995172622612493,0.2126618666386885,-0.22817694187677048,1.0530894528466066,1.2580194744120512,2.7811974439733,4695.538838105521,2333.0883764783553,2.012585071977912,7028.813726330534
day_custom_segments_029.csv,19,2,642.7546668453019,632.8125,73.27435214740674,47.11162114079976,16.40457469621158,93.34821370412669,2800,1799.99609375,1.5555589313344864,1.0,0.1946913028945731,0.21657439445575416,-0.23617108366242826,1.0574767821400137,1.2547765269222535,2.7462278780003087,3891.3110324143217,1889.23069485914,2.0597331194136967,5781.71438654656
day_custom_segments_029.csv,20,2,662.4876311671576,656.25,78.70395561414607,51.139346899912226,19.48434622467772,90.56772862957938,2717,1799.99609375,1.5094477201556427,1.0,0.20362041547353152,0.213619849870209,-0.22560732231171396,1.0571722732053603,1.2509920160620112,2.7478534158092747,4418.427416152825,2111.643573594252,2.0924115562893837,6531.670041837511
day_custom_segments_029.csv,21,2,656.8946239503468,644.53125,83.65482590408541,50.295501735880435,18.44411979547115,91.33885072643746,2740,1799.99609375,1.522225525663033,1.0,0.2036536251006869,0.21418928291530986,-0.22592690620642294,1.059801451657659,1.2522322165249558,2.74662426674332,4284.625964868697,2102.704014911421,2.037674315778197,6388.266957439753
day_custom_segments_029.csv,22,3,651.9361413043479,644.53125,80.13695312275549,51.971564126333845,13.519391083725987,92.03355389985931,2761,1799.99609375,1.5338922176480418,1.0,0.18658620865093,0.2164199173457202,-0.24085595025845322,1.0531441344503778,1.2835373876234482,2.821745640960985,4386.642666233936,1731.2003263980737,2.533873520784716,6118.632184156209
day_custom_segments_029.csv,23,1,685.5245450647866,679.6875,92.83330017542228,57.79604971918714,22.340831109416698,87.52421839881693,2625,1799.99609375,1.458336498126081,1.0,0.20502678467889476,0.21368071877815156,-0.22465300226711937,1.0580926816836664,1.2404335318192456,2.7231102609326565,4383.466193195032,2571.7717841117546,1.7044538011793318,6958.030269335232
day_custom_segments_029.csv,24,0,719.1058230123851,714.84375,88.50850331863782,73.46133510603504,38.1294964028777,83.43695472893789,2504,1799.99609375,1.3911141300219836,1.0,0.2371325257250944,0.20603088793135912,-0.19027573260493197,1.0523613704994488,1.160232132023314,2.508654760443832,5590.82830290357,4483.809537371807,1.24689245970529,10075.52487724776
day_custom_segments_029.csv,25,0,695.8232591876209,683.59375,94.57097221088634,64.81154811637354,32.73993808049536,86.22879331462772,2586,1799.99609375,1.4366697844396363,1.0,0.22942326306851984,0.20962279343486492,-0.2012754890572288,1.0600158596303633,1.1698309231349313,2.5278306806870288,4894.789838087866,3961.6509992553133,1.2355429185983213,8856.939305520951
day_custom_segments_029.csv,26,0,690.9204054702495,687.5,77.91927982736587,62.18314534774019,32.98771121351767,86.84068313073372,2606,1799.99609375,1.4477809196634541,1.0,0.22821996365528896,0.20981783527560718,-0.20387613044481467,1.0596403760712059,1.1743042481069004,2.5449317417729325,4631.525041158721,3729.944569822772,1.2417141741542792,8361.695156578558
day_custom_segments_029.csv,27,2,679.8233182161754,667.96875,90.55233823750216,47.86293510091583,22.75992438563327,88.25822591292867,2647,1799.99609375,1.4705587468722805,1.0,0.20778716488113586,0.21362967824664603,-0.22285845076604974,1.0582603161834723,1.2217008883981737,2.6597296547756737,4254.164213762749,2392.1691532785967,1.7783709851505223,6646.6671075744125
day_custom_segments_029.csv,28,3,658.3947199853587,656.25,68.91866499725397,42.66516127294174,17.61259611863786,91.13074297031767,2733,1799.99609375,1.5183366283346968,1.0,0.20216330061124216,0.21603933221707927,-0.230643366524782,1.059833511256852,1.22731968382361,2.648794360402348,3914.1975429276636,1887.1722616285208,2.074107182748615,5802.136619630488
day_custom_segments_029.csv,29,3,663.5828608960177,652.34375,79.62335291728932,47.940729996048894,18.66469937292512,90.41824847462705,2713,1799.99609375,1.507225493110879,1.0,0.2015562073179046,0.21669143681166614,-0.23307063298220101,1.059747050469974,1.2204814584733517,2.6315579604377386,3904.639943328166,2277.26331117918,1.7146194399919088,6182.576074478799
day_custom_segments_029.csv,30,3,661.3607129731716,652.34375,75.02009928878651,42.3015838789094,14.742647058823529,90.72205049838502,2722,1799.99609375,1.512225503961597,1.0,0.180364213059037,0.21813710904130645,-0.2517194251830078,1.0545548707097276,1.2800969175785044,2.823900065645201,3998.3191866941825,1550.158179095152,2.579297545640184,5550.0305570756245
day_custom_segments_029.csv,31,3,623.4651117463618,617.1875,67.5909892188013,45.58518470881932,11.438474870017332,96.23633924268277,2887,1799.99609375,1.6038923695580936,1.0,0.18644101341858335,0.2196659621399163,-0.24514592485795567,1.0585717805620212,1.2601763545105986,2.72637979388638,3519.298129206727,1574.6078175433827,2.2350315361048723,5094.414189641745
day_custom_segments_029.csv,32,3,658.8732378249725,652.34375,72.2669351673532,44.80810191275468,15.311355311355312,91.06455772595638,2732,1799.99609375,1.517781071573506,1.0,0.1949330216623286,0.21486004991103202,-0.2318090623059785,1.0553602872894874,1.2771946359420696,2.8167280613962506,4298.516286086063,1550.878207401579,2.7716659280989044,5851.479002445909
day_custom_segments_029.csv,33,3,655.7346711005831,648.4375,70.30958229493774,40.21121874931745,13.853445133065986,91.50042333326097,2745,1799.99609375,1.5250033094689877,1.0,0.18599983408268944,0.2162527089744042,-0.24321836943102562,1.0505299068688787,1.2762657063531349,2.8030568516708,4027.8844754559423,1356.4231521484069,2.9694896235560932,5385.320150225611
day_custom_segments_029.csv,34,3,667.28196865727,660.15625,83.65855913144225,56.45329954673677,16.2152133580705,89.91701082637415,2697,1799.99609375,1.4983365849318249,1.0,0.19075974937329665,0.2152268600535003,-0.23804343279646817,1.053084007679693,1.2671915485473584,2.7930797368029556,4779.689842060257,1926.6949303509543,2.4807714842482196,6706.55890039344
day_custom_segments_029.csv,35,2,672.9754138608305,667.96875,72.2047074132406,47.775661479066414,22.82934131736527,89.1563031341407,2674,1799.99609375,1.4855587794244345,1.0,0.21287910519759007,0.2116385987159494,-0.21175580928090854,1.0567386921387238,1.2383002383178743,2.7045257836906713,4307.532703057797,2223.4621076612516,1.9373087979397479,6531.925910363613
day_custom_segments_029.csv,36,2,663.6721630715339,660.15625,69.06857272082928,45.91575938840796,20.656584286241237,90.40608200638499,2713,1799.99609375,1.507225493110879,1.0,0.20338273685354874,0.2151985717894876,-0.22843783676423013,1.0589985121499568,1.234853566631547,2.684324835079815,3913.0630133834156,2117.2364826743133,1.8481936455396644,6030.883748702257
day_custom_segments_029.csv,37,1,701.8970602574103,695.3125,78.58614903836761,56.51894789920973,29.184549356223176,85.48262045433826,2565,1799.99609375,1.4250030924546278,1.0,0.22120758447644168,0.20927510879368558,-0.2038735367134372,1.0563847229793937,1.220705585598612,2.6716945450028358,4857.068345738746,3012.717194186928,1.6121886100396394,7871.259559949191
day_custom_segments_029.csv,38,1,696.9448949457785,687.5,80.1365323836136,55.855316547084136,26.61759008136381,86.09002007923155,2583,1799.99609375,1.4350031141560637,1.0,0.20963780776283772,0.2116324914987603,-0.21874429885749283,1.0557931855396037,1.2337695429835196,2.7083582546233296,4590.74845260962,2797.2627606617793,1.6411573904210328,7388.89979139744
day_custom_segments_029.csv,39,1,673.2910704264871,671.875,71.47988700088418,51.20930654681011,23.016467065868262,89.11450431385317,2674,1799.99609375,1.4855587794244345,1.0,0.210517950139942,0.21240497177790255,-0.21680224776680895,1.0574305296014073,1.2372220806249465,2.6982630564968786,4223.179708619582,2397.9884106438853,1.761134328203702,6621.329947669375
day_custom_segments_029.csv,40,1,687.6090046827217,679.6875,83.33184212603146,55.00252834418711,25.927342256214146,87.25889217766331,2617,1799.99609375,1.453892044036554,1.0,0.21250727498012525,0.21250977665475676,-0.215925466082808,1.0605732964297356,1.2308699054299566,2.696690106028346,4491.873263308608,2736.0058261306035,1.6417630475813865,7228.727730615623
day_custom_segments_029.csv,41,1,663.9745733394834,660.15625,70.04891472879426,51.528506774959446,21.077888519748985,90.36490614125161,2711,1799.99609375,1.5061143795884975,1.0,0.20729750129178343,0.2142131363172131,-0.22165051425415588,1.0608781102621787,1.2437159914268519,2.714212143737981,3773.658097624087,2322.5658930094464,1.6247797786845133,6097.6068386245815
day_custom_segments_029.csv,42,0,703.3158093982024,699.21875,94.67273820287537,63.531425280274334,31.39171227521501,85.31018242194706,2560,1799.99609375,1.4222253086486734,1.0,0.22702314032327442,0.20949632340235674,-0.20968051829998402,1.049989882875098,1.1320795062535878,2.4343632193242786,4949.298027725483,3819.9823850162456,1.295633730443088,8770.481707734143
day_custom_segments_029.csv,43,0,680.491206505295,675.78125,78.28099348849217,61.05002050721503,28.641695043511163,88.17160225792443,2645,1799.99609375,1.4694476333498987,1.0,0.22460663794378005,0.2102380580032589,-0.20463508031934574,1.0585833202637465,1.188814246615356,2.569108338649198,4628.832199720051,3360.021748469595,1.3776197138689257,7991.9082695305315
day_custom_segments_029.csv,44,1,697.7701949185415,695.3125,75.27283192452755,49.83822842861291,27.046953822273963,85.98819559354276,2579,1799.99609375,1.4327808871113001,1.0,0.2111946725609862,0.2115506289996318,-0.2167204739134185,1.0576996936086172,1.2348949663818467,2.716027578978889,4346.004879800209,2539.724552956512,1.711211113323684,6886.64810239647
day_custom_segments_029.csv,45,1,680.5695087934947,671.875,77.2002427697821,47.20924381745091,23.912220961029135,88.16145775670624,2645,1799.99609375,1.4694476333498987,1.0,0.2055285589128755,0.21395489354292258,-0.22642427744256977,1.059649251045997,1.2366648340229518,2.7131862061050893,4005.0285702354895,2395.5636999075373,1.6718522535593912,6401.359546495818
day_custom_segments_029.csv,46,0,702.7297973632812,691.40625,92.97185537860834,62.71210635206172,34.38843298163345,85.3813232698066,2561,1799.99609375,1.4227808654098641,1.0,0.23387332156272633,0.20820692185393624,-0.1950999527018692,1.0594488651617229,1.1666825776600527,2.5254934503949564,4908.200277497588,4031.840534981898,1.2173597231616762,8940.393020961066
day_custom_segments_029.csv,47,0,705.5254289215686,699.21875,85.69670736666812,61.95146108537308,35.268732836406436,85.04300134399556,2551,1799.99609375,1.4172252977979554,1.0,0.23242225027787325,0.20787232270874884,-0.19584060454305627,1.059583621960519,1.18094382599488,2.5662723841527186,4980.2491947795415,3950.2028935223007,1.2607578215656599,8931.928582039842
day_custom_segments_030.csv,0,0,708.9905314223798,699.21875,93.61647902550179,68.54260813886714,35.31730390224675,84.6273643170209,2539,1799.99609375,1.4105586166636646,1.0,0.22774078982796983,0.209065476592392,-0.20323584880290216,1.0572448702747526,1.1768029897007393,2.551323712735408,5210.95183147689,4286.055143225889,1.2157920645777973,9499.079414709797
day_custom_segments_030.csv,1,0,715.8972255369929,710.9375,80.37333335356516,63.650368439972674,36.80859530441703,83.81091287928115,2515,1799.99609375,1.3972252543950834,1.0,0.23470205866326943,0.20621873372343996,-0.19144691128826366,1.0512957704408157,1.1626513712235989,2.506724490088541,5169.644616670925,4127.719628008901,1.2524214536258655,9298.880819815762
day_custom_segments_030.csv,2,0,737.0714486890619,734.375,84.0159355273133,68.89795338409391,40.204918032786885,81.40323452592636,2442,1799.99609375,1.3566696108281484,1.0,0.24117592299856422,0.205092705078208,-0.18664399679528357,1.0558916845730308,1.1562640365374892,2.5103823604001323,5499.543385782525,4629.03116465572,1.1880549493322645,10128.803193898986
day_custom_segments_030.csv,3,0,690.1936037029931,683.59375,83.81719016112567,60.81299915476802,31.900191938579653,86.93212988079131,2607,1799.99609375,1.448336476424645,1.0,0.22988255426263476,0.20994407245226462,-0.20082246348259913,1.0616086860269427,1.1712490487174658,2.527523427807172,4625.951737605556,3694.7111869011005,1.2520469134383205,8321.29287356803
day_custom_segments_030.csv,4,0,685.5803571428571,679.6875,82.05088584052412,62.92043556423073,31.21189024390244,87.51709318226216,2626,1799.99609375,1.458892054887272,1.0,0.23382653117960364,0.2089300741432779,-0.19542334793037902,1.0599739589465982,1.1739196134487193,2.5276370757110604,4648.119123604909,3642.148892278185,1.276202390698389,8290.74003617544
day_custom_segments_030.csv,5,0,687.7389143730887,683.59375,74.97387808621126,59.023133922587824,32.4282982791587,87.2424095046203,2617,1799.99609375,1.453892044036554,1.0,0.2337010365302652,0.2088817946835873,-0.19485218616685743,1.0616141405188275,1.1790742145514808,2.5520928698956973,4552.164829222871,3548.5498022508064,1.2828239937158223,8101.322833259108
day_custom_segments_030.csv,6,0,666.550925925926,660.15625,75.80835046966264,56.841853322484695,27.97332345313079,90.01562771314464,2701,1799.99609375,1.5005588119765885,1.0,0.22078395246871757,0.21214688275984353,-0.21052956181440488,1.0610071764827584,1.195567684447491,2.5762424421989567,4175.2939926607605,3214.3991019714745,1.2989345318382972,7389.844699464188
day_custom_segments_030.csv,7,0,730.1754641842532,726.5625,95.44200124181407,70.12475215815809,38.53024766544864,82.17202979701813,2465,1799.99609375,1.369447416335539,1.0,0.23687334441038152,0.20616798094646996,-0.1908561278011599,1.0544452012499697,1.1618343517973984,2.5191277507553607,5338.9824853464,4589.124688289506,1.1633988718960666,9928.4328781034
day_custom_segments_030.csv,8,0,751.1547494780793,746.09375,91.49727436490693,75.41069879650523,43.52548036758563,79.87701607650017,2396,1799.99609375,1.3311139998133676,1.0,0.23520775636148547,0.205254177806938,-0.1938335936677911,1.050680906045586,1.1512835647690893,2.507766690841643,6093.144860697327,5088.49537294162,1.1974354723987746,11182.494588980055
day_custom_segments_030.csv,9,0,679.2569129860325,675.78125,77.8783980315996,62.25838880618796,30.400302114803623,88.33182092507283,2650,1799.99609375,1.4722254171558533,1.0,0.23206770706679922,0.20987683750604477,-0.19683086332759367,1.0620771063763463,1.181358661323751,2.5432177727069614,4530.239579634057,3595.265181308062,1.2600571449324425,8126.063646307157
day_custom_segments_030.csv,10,0,698.3104255628882,693.359375,79.3755238488196,60.98760814803549,31.106796116504853,85.92167294600493,2577,1799.99609375,1.4316697735889183,1.0,0.22892688645951131,0.2085989993066689,-0.1995851710336006,1.0527384419489176,1.1727570542713028,2.51877213530237,4791.132387951187,3614.5356105382607,1.325518103620983,8407.85516144158
day_custom_segments_030.csv,11,0,672.7073598130842,667.96875,75.80563969573919,55.3340071900771,28.047868362004486,89.191829292118,2676,1799.99609375,1.4866698929468163,1.0,0.22551835620932095,0.21096106972184178,-0.20325541021407312,1.0613049508021182,1.200148652876756,2.5957425978880786,4094.376244464749,3175.26788057302,1.2894585271104317,7270.818395902953
day_custom_segments_030.csv,12,0,723.2311142943305,718.75,85.401664062474,67.98670198109308,37.97264682220434,82.96103253044232,2488,1799.99609375,1.3822252218429294,1.0,0.23203890514919318,0.206616185354917,-0.1952048619938197,1.0541071341360257,1.1762908575420281,2.559836612949885,5407.826560210928,4372.195697290312,1.2368674539345192,9781.240536800631
day_custom_segments_030.csv,13,0,681.9152022546419,675.78125,81.66987829982189,63.270476082700995,30.515542077331308,87.9874796772674,2640,1799.99609375,1.4666698495439443,1.0,0.2297138511336686,0.20948294249170468,-0.19964204311800784,1.0560800068729879,1.176734061567511,2.52535880451703,4553.597277624509,3715.1327056048262,1.2256889964535413,8270.401945218813
day_custom_segments_030.csv,14,0,722.5668298192771,718.75,94.44897395423874,66.54799143960935,36.44033748493371,83.03730191296872,2491,1799.99609375,1.383891892126502,1.0,0.24121893975619224,0.20523984948823118,-0.18367579358914168,1.0555648336361467,1.1685109384186114,2.5324912640729136,5346.7945655041185,4186.728676657625,1.2770816975349366,9534.99968412011
day_custom_segments_030.csv,15,0,689.3693127394636,687.5,71.14655015361122,57.04250676158867,27.443464929091604,87.03607615135614,2611,1799.99609375,1.4505587034694085,1.0,0.2207386855578017,0.2105875313406841,-0.20725079783383116,1.0570151960817755,1.2111631441632011,2.630550008004094,4701.480067401679,2870.7902559252634,1.6376954246998372,7573.764162666356
day_custom_segments_030.csv,16,0,706.2739158163265,703.125,86.83800196482618,63.995829344101324,30.50647820965842,84.95287544443818,2549,1799.99609375,1.4161141842755736,1.0,0.2116676630826497,0.21164616785685936,-0.2215734327018063,1.0545626137068027,1.199718672178578,2.6160870165298538,5007.135562898178,3501.027279206702,1.430190388014556,8509.782656267562
day_custom_segments_030.csv,17,1,687.6851586391438,683.59375,73.26314470023947,53.134972281332324,24.74187380497132,87.24922916576193,2617,1799.99609375,1.453892044036554,1.0,0.21096616595116147,0.2115543972073269,-0.21552449727534276,1.0549189277432012,1.2343661952340363,2.7023920456619552,4565.75215834242,2481.6469650041436,1.8398072823121305,7047.790319963873
day_custom_segments_030.csv,18,2,708.5359024222134,703.125,77.15173611004126,55.91409837833127,28.132387706855795,84.6816650996554,2540,1799.99609375,1.4111141734248556,1.0,0.20772793898911615,0.2103641278705797,-0.21999551116515317,1.051136850571332,1.234959962042834,2.7284512786528787,5384.938178543833,2586.7940152878036,2.081703508945497,7972.557524336315
day_custom_segments_030.csv,19,2,650.8900316455696,644.53125,73.28699507111774,50.093113364306475,17.11287988422576,92.18147011455834,2766,1799.99609375,1.5366700014539962,1.0,0.19728161562337101,0.2156872896488439,-0.2325416024900622,1.056846681575674,1.2573117358427377,2.752727645501683,4021.126000241534,1971.0200448238352,2.0401243563207556,5993.236223052615
day_custom_segments_030.csv,20,2,646.7104376347951,640.625,66.30773709043551,44.547710590192345,16.181229773462782,92.7772253366393,2783,1799.99609375,1.5461144663942412,1.0,0.2021029407831553,0.21457268465317597,-0.2241052919491069,1.0570527051069392,1.2581026898841314,2.74514857853907,3781.455582463183,1773.2371213996826,2.132515463853102,5555.336906137342
day_custom_segments_030.csv,21,2,654.4232954545455,648.4375,69.29893462624024,48.7522857062143,16.878865041833393,91.68377778838932,2751,1799.99609375,1.5283366500361328,1.0,0.19715729742473825,0.2149050035356866,-0.22994240381988626,1.053802579143142,1.263871181704738,2.7638865751933044,4002.5378197006994,1935.5785838710683,2.0678766819664887,5939.673696901711
day_custom_segments_030.csv,22,3,662.4416076030927,660.15625,79.53066661539923,45.67837951688856,15.101289134438305,90.57402088177632,2717,1799.99609375,1.5094477201556427,1.0,0.18356671477212175,0.21652490038302288,-0.2463729335532982,1.052839643504887,1.281599230794046,2.835453111641638,4436.632984611477,1572.3212135049316,2.8217090417050215,6009.331708101066
day_custom_segments_030.csv,23,1,712.4025371287129,707.03125,77.58025854014818,59.86961299524328,28.763866877971473,84.22204704916645,2526,1799.99609375,1.4033363787681832,1.0,0.20636166025829128,0.2116982562688491,-0.22257485307041147,1.053888691170729,1.228900348805465,2.7036384678576124,4891.774264897958,2912.6606408493476,1.679486513564962,7805.16081567364
day_custom_segments_030.csv,24,0,718.0469997007183,710.9375,92.84718405500156,74.12681267306127,37.76447105788423,83.55998984050902,2507,1799.99609375,1.3927808003055562,1.0,0.23556173637477498,0.2063226306349644,-0.1911890181168805,1.0587723239902889,1.1764525814056792,2.5731005341003974,5636.853168710801,4588.366808708967,1.2285097080755945,10225.498073492077
day_custom_segments_030.csv,25,0,710.9822575069143,703.125,89.96043437413306,70.04006151100184,36.40316205533597,84.39029155297382,2532,1799.99609375,1.4066697193353284,1.0,0.23878761627587436,0.20649387783374498,-0.18907931721441212,1.0588795180349222,1.1709387143025247,2.5373370116848855,5304.1961243031565,4366.7047230522085,1.2146908162353756,9672.141333879421
day_custom_segments_030.csv,26,0,695.4710451294936,691.40625,75.75904723054781,63.025721792404696,33.52668213457077,86.27246298777006,2588,1799.99609375,1.4377808979620181,1.0,0.22944188408032232,0.20941410056337398,-0.20180865969198328,1.0593504334627153,1.1800880975487218,2.557087235346778,4664.483345465623,3827.1261001748853,1.2187953109913137,8492.190902790167
day_custom_segments_030.csv,27,2,676.1748120300751,671.875,72.55909068537957,51.61026930332699,20.534035351635954,88.7344499270276,2661,1799.99609375,1.4783365415289529,1.0,0.2040449690193216,0.21246942883183942,-0.22187793403027997,1.0565101895980376,1.254558882267725,2.7709700896624647,4592.878439159147,2123.7411246217425,2.1626357308389834,6717.398904371474
day_custom_segments_030.csv,28,3,702.4449892661983,695.3125,83.47566381986462,56.720133746834215,26.630222569308863,85.41594134321944,2564,1799.99609375,1.4244475356934367,0.9996098322278579,0.21327505790215753,0.2115881376695483,-0.2172093755648232,1.0551319098878595,1.202824818174692,2.6035891768108717,4962.123024211599,2964.709543051154,1.6737299057987283,7929.314672643424
day_custom_segments_030.csv,29,3,659.8826549321599,656.25,74.53730062846421,48.26525235835081,15.66397652237711,90.92525701583773,2728,1799.99609375,1.5155588445287425,1.0,0.18924829386174352,0.21594634799967943,-0.24056038126533627,1.0532260086253713,1.2659860452980654,2.7825145468943338,4123.031367315095,1755.0242634868719,2.349273142881501,5879.278868836643
day_custom_segments_030.csv,30,3,654.7594011458713,640.625,85.97272981527891,47.8486759212756,16.375545851528383,91.63671402807829,2750,1799.99609375,1.527781093274942,1.0,0.1940266013290054,0.2167140205457752,-0.23772762508156112,1.0565770844178521,1.2534506687556468,2.738298624913418,4073.813709035282,1974.7912830196892,2.062908492691916,6049.482290542087
day_custom_segments_030.csv,31,3,646.769410496046,640.625,62.73267629891425,46.62207116476896,13.951815893563465,92.76876584806696,2783,1799.99609375,1.5461144663942412,1.0,0.19186068934234127,0.2176963787899746,-0.23924442191550427,1.0584623398235533,1.2578282369004141,2.7330691558362337,3719.182344147567,1740.314435793553,2.137074926032941,5459.994094279632
day_custom_segments_030.csv,32,3,645.6963949210337,636.71875,77.48352033680072,46.442935533947846,13.536804308797127,92.92292859609007,2788,1799.99609375,1.5488922502001958,0.9996411912450663,0.18391265590396938,0.2179365814671637,-0.24680121658165874,1.0548203045683078,1.2790990720570832,2.8118206016112315,4117.111740782124,1572.2263405966307,2.6186507848607574,5690.324068343572
day_custom_segments_030.csv,33,3,683.9754634030418,675.78125,76.93144828356671,53.40450557969993,18.105743628756183,87.72244504426644,2631,1799.99609375,1.4616698386932263,1.0,0.1929124799453508,0.21317055606458357,-0.2332987594520103,1.0499716222633955,1.2734561816042516,2.8254315320458745,5018.76138561803,1877.6021840946755,2.6729631165389427,6897.395481967846
day_custom_segments_030.csv,34,3,677.9116643126177,675.78125,71.52225550383484,49.621561919109915,16.955538809344386,88.50710669042435,2656,1799.99609375,1.4755587577229985,1.0,0.1887079094675802,0.214527681228833,-0.23616160634668146,1.050203082912712,1.2859156872686504,2.84962433154323,4627.801979609409,1715.122415941219,2.6982342115036606,6344.00324284731
day_custom_segments_030.csv,35,2,660.725762027176,652.34375,74.73873059827028,47.06976437300331,20.389419544452608,90.80923349486739,2724,1799.99609375,1.5133366174839789,1.0,0.20641156181699383,0.21417776456940393,-0.22448836229691307,1.0583099406806236,1.2293300164777643,2.672505239277006,4147.395169217672,2203.519601615993,1.8821684936118115,6352.499553490667
day_custom_segments_030.csv,36,2,683.1013904707669,679.6875,76.51513487020691,52.2246806630505,21.116597037599696,87.83469165338741,2635,1799.99609375,1.46389206573799,1.0,0.2007929353036576,0.21380956564936848,-0.228023155083683,1.059182377747033,1.2617293386069988,2.781894502268433,4373.8942816763665,2140.0948680999372,2.0437852297452994,6514.10330396951
day_custom_segments_030.csv,37,1,707.2031556974459,703.125,89.97053992810368,58.30719491584868,30.110062893081764,84.84125037709683,2546,1799.99609375,1.4144475139920007,1.0,0.22498291079265278,0.2085685222507571,-0.19997580153384287,1.0574506049675432,1.2132895207238927,2.6564221967851673,5005.432168341193,3150.282598369182,1.5888835404583617,8157.290059416555
day_custom_segments_030.csv,38,1,653.2571940813363,644.53125,74.34590974863582,44.26065637719963,18.63421721758082,91.84743856418896,2755,1799.99609375,1.5305588770808964,1.0,0.2068568850936792,0.21547548905150354,-0.2236730169284615,1.0642882225556487,1.2479880599578075,2.7216834766466804,3467.6238212773715,2040.4959792099326,1.6994024279430406,5508.752421443003
day_custom_segments_030.csv,39,1,661.7015165441177,656.25,65.94395581741209,53.3253180413261,20.779698418536228,90.67532490081518,2721,1799.99609375,1.5116699472004063,1.0,0.20466548262475304,0.21479594750439948,-0.22462721628088397,1.060333696681684,1.245337252153504,2.7157567968071734,3964.3594012515737,2307.7495144261384,1.7178464891747056,6272.804851507995
day_custom_segments_030.csv,40,1,669.7749906924795,660.15625,77.1219102415762,55.01117965298794,22.3463687150838,89.58232366658851,2687,1799.99609375,1.492781017319916,1.0,0.21108132236329208,0.21309037986837726,-0.21449791305613464,1.0606787476918242,1.2452523874882895,2.720598058426376,4032.5582099921385,2475.335083258343,1.6290958897912058,6508.678942370474
day_custom_segments_030.csv,41,1,683.915930254656,675.78125,76.3526953684611,55.16215750860941,24.106463878327,87.73008106078039,2632,1799.99609375,1.4622253954544173,1.0,0.2107768640880623,0.21237988099218996,-0.21451323690868954,1.0602975983632401,1.2512399161191883,2.7525718282476697,4148.188468176765,2573.0722829519855,1.6121538814361291,6721.898199075056
day_custom_segments_030.csv,42,0,696.3737180727554,691.40625,76.01154044229446,61.33209006267761,30.35230352303523,86.16063249206563,2585,1799.99609375,1.4361142276784455,1.0,0.22534126875686983,0.20940528036557352,-0.20248654441644318,1.0567483521118328,1.1943379486552843,2.5882503055095287,4763.319646858021,3427.9403271416095,1.3895573412241742,8192.92544100584
day_custom_segments_030.csv,43,0,668.0078994988864,662.109375,76.94172466712283,56.327183200358206,27.03304864463424,89.81929711461446,2695,1799.99609375,1.497225471409443,1.0,0.224626562780483,0.21158994229036152,-0.20729806145941612,1.0596373650659328,1.182889391919535,2.5494351528219332,4195.665063558369,3095.6611729073466,1.3553373025052138,7292.192461021772
day_custom_segments_030.csv,44,1,698.4784587378641,695.3125,71.65229975098201,58.475563109002366,27.62237762237762,85.90100274304628,2576,1799.99609375,1.4311142168277275,1.0,0.21126542754559785,0.21155797608332158,-0.21768168884382877,1.0556293438368858,1.2286140203249785,2.6944460206958767,4691.267279443683,2912.743116049567,1.6106011043659265,7604.17998618996
day_custom_segments_030.csv,45,1,751.6577903091061,750.0,78.4537528763121,63.13523070692903,35.35311324697033,79.8235590365212,2395,1799.99609375,1.3305584430521769,1.0,0.22184804889305465,0.2062715463886127,-0.1998610033867832,1.0528455739397453,1.2321100672887662,2.741415772039629,5525.539431151128,3394.0691588677687,1.6279984798525435,8922.26878718688
day_custom_segments_030.csv,46,0,716.4289625647152,710.9375,94.7337692261283,70.62233741135734,36.53386454183266,83.74870801594678,2512,1799.99609375,1.3955585841115106,1.0,0.23888960552396554,0.2059666542211519,-0.18843998223827285,1.0547110265242612,1.1568796682004239,2.5025243010710745,5426.502462336689,4504.454079039876,1.204697032563233,9931.95874598755
day_custom_segments_030.csv,47,0,743.1927018793887,738.28125,94.86795104065044,75.22053726917196,41.32231404958678,80.7327626445628,2422,1799.99609375,1.3455584756043308,1.0,0.23880678220133778,0.2050489038279097,-0.18875873824029343,1.0533779532459686,1.156170798476142,2.5127635462151594,5724.75592394992,4943.790412762507,1.1579689764297718,10669.915347197923
